   1.7524500e+04   2.5562000e+03   1.0110000e+03
   8.4773000e+03   3.2195000e+03   1.0110000e+03
   1.7989300e+04   5.1876000e+03   1.0110000e+03
   5.7592000e+03   6.5462000e+03   1.0110000e+03
   9.7080000e+02   8.5423000e+03   1.0110000e+03
   2.7390900e+04   1.1303900e+04   1.0110000e+03
   2.1661000e+04   1.1879500e+04   1.0110000e+03
   1.0338600e+04   1.2224100e+04   1.0110000e+03
   8.4639000e+03   1.2505500e+04   1.0110000e+03
   1.9491800e+04   1.6353500e+04   1.0110000e+03
   1.8437300e+04   1.7235800e+04   1.0110000e+03
   6.1521000e+03   1.7796500e+04   1.0110000e+03
   3.1293900e+04   1.9502200e+04   1.0110000e+03
   2.1296000e+04   2.0132400e+04   1.0110000e+03
   2.5345800e+04   2.6867100e+04   1.0110000e+03
   3.1626700e+04   3.0298200e+04   1.0110000e+03
   1.8702800e+04   3.0369500e+04   1.0110000e+03
   2.6694600e+04   3.1516000e+04   1.0110000e+03
   7.8481000e+03   3.1767400e+04   1.0110000e+03
   1.8665200e+04   3.3209100e+04   1.0110000e+03
   7.4825000e+03   3.3927900e+04   1.0110000e+03
   9.8468000e+03   3.5229300e+04   1.0110000e+03
   3.4329700e+04   3.6560100e+04   1.0110000e+03
   4.6103000e+03   3.8668300e+04   1.0110000e+03
   1.3873500e+04   3.8744800e+04   1.0110000e+03
   1.7561000e+04   3.9077800e+04   1.0110000e+03
   1.7503800e+04   2.5414000e+03   1.1120000e+03
   1.7992900e+04   5.1826000e+03   1.1120000e+03
   5.7668000e+03   6.5281000e+03   1.1120000e+03
   3.2330300e+04   7.8455000e+03   1.1120000e+03
   9.7360000e+02   8.5431000e+03   1.1120000e+03
   1.9797900e+04   8.3752000e+03   1.1120000e+03
   2.7390200e+04   1.1307900e+04   1.1120000e+03
   2.1717200e+04   1.1863100e+04   1.1120000e+03
   8.4594000e+03   1.2511200e+04   1.1120000e+03
   1.9508900e+04   1.6305600e+04   1.1120000e+03
   6.1506000e+03   1.7800800e+04   1.1120000e+03
   3.1294100e+04   1.9500800e+04   1.1120000e+03
   2.1298800e+04   2.0135200e+04   1.1120000e+03
   1.9558200e+04   2.1311100e+04   1.1120000e+03
   2.5346800e+04   2.6869900e+04   1.1120000e+03
   1.8699900e+04   3.0339800e+04   1.1120000e+03
   3.1620600e+04   3.0303000e+04   1.1120000e+03
   2.6688200e+04   3.1519200e+04   1.1120000e+03
   7.8376000e+03   3.1740200e+04   1.1120000e+03
   1.8650700e+04   3.3189500e+04   1.1120000e+03
   7.4838000e+03   3.3930500e+04   1.1120000e+03
   9.8461000e+03   3.5224300e+04   1.1120000e+03
   3.4333400e+04   3.6561000e+04   1.1120000e+03
   4.6039000e+03   3.8671200e+04   1.1120000e+03
   1.3875300e+04   3.8745000e+04   1.1120000e+03
   1.7562600e+04   3.9072200e+04   1.1120000e+03
   1.7990300e+04   5.1838000e+03   1.2130000e+03
   5.7599000e+03   6.5290000e+03   1.2130000e+03
   9.7110000e+02   8.5365000e+03   1.2130000e+03
   2.7392900e+04   1.1308500e+04   1.2130000e+03
   2.1621300e+04   1.1887300e+04   1.2130000e+03
   8.4644000e+03   1.2508800e+04   1.2130000e+03
   6.1491000e+03   1.7800500e+04   1.2130000e+03
   3.1294300e+04   1.9499900e+04   1.2130000e+03
   2.1294100e+04   2.0138000e+04   1.2130000e+03
   2.5346100e+04   2.6868000e+04   1.2130000e+03
   3.1618400e+04   3.0304800e+04   1.2130000e+03
   2.6690200e+04   3.1518100e+04   1.2130000e+03
   1.8615000e+04   3.3187400e+04   1.2130000e+03
   7.4853000e+03   3.3930600e+04   1.2130000e+03
   9.8514000e+03   3.5229200e+04   1.2130000e+03
   3.4337100e+04   3.6560200e+04   1.2130000e+03
   4.6052000e+03   3.8666900e+04   1.2130000e+03
   1.3875700e+04   3.8747200e+04   1.2130000e+03
   1.7561700e+04   3.9076100e+04   1.2130000e+03
   1.7989000e+04   5.1825000e+03   1.3140000e+03
   5.7604000e+03   6.5405000e+03   1.3140000e+03
   1.9794600e+04   8.4012000e+03   1.3140000e+03
   9.7740000e+02   8.5316000e+03   1.3140000e+03
   2.7393900e+04   1.1304100e+04   1.3140000e+03
   8.4597000e+03   1.2506500e+04   1.3140000e+03
   1.8413800e+04   1.7263500e+04   1.3140000e+03
   6.1451000e+03   1.7802900e+04   1.3140000e+03
   3.1293800e+04   1.9499900e+04   1.3140000e+03
   2.1295200e+04   2.0133700e+04   1.3140000e+03
   2.5350400e+04   2.6864200e+04   1.3140000e+03
   3.1628200e+04   3.0299900e+04   1.3140000e+03
   2.6694400e+04   3.1519800e+04   1.3140000e+03
   1.8631800e+04   3.3215300e+04   1.3140000e+03
   7.4881000e+03   3.3933500e+04   1.3140000e+03
   9.8462000e+03   3.5230100e+04   1.3140000e+03
   3.4323800e+04   3.6555300e+04   1.3140000e+03
   4.6030000e+03   3.8675500e+04   1.3140000e+03
   1.3878200e+04   3.8745900e+04   1.3140000e+03
   1.7560600e+04   3.9080100e+04   1.3140000e+03
   1.7576800e+04   1.4195000e+03   1.4150000e+03
   1.7506400e+04   2.5440000e+03   1.4150000e+03
   1.7990200e+04   5.1833000e+03   1.4150000e+03
   5.7611000e+03   6.5382000e+03   1.4150000e+03
   1.9764200e+04   8.3785000e+03   1.4150000e+03
   9.7200000e+02   8.5376000e+03   1.4150000e+03
   2.7391400e+04   1.1304500e+04   1.4150000e+03
   1.0422300e+04   1.2163100e+04   1.4150000e+03
   8.4605000e+03   1.2509300e+04   1.4150000e+03
   6.1508000e+03   1.7799800e+04   1.4150000e+03
   3.1296100e+04   1.9503200e+04   1.4150000e+03
   1.0197500e+04   2.0152700e+04   1.4150000e+03
   2.1297500e+04   2.0130900e+04   1.4150000e+03
   2.7437400e+04   2.5463800e+04   1.4150000e+03
   2.5351900e+04   2.6869800e+04   1.4150000e+03
   3.1622900e+04   3.0305500e+04   1.4150000e+03
   2.6690900e+04   3.1519400e+04   1.4150000e+03
   1.8632000e+04   3.3196200e+04   1.4150000e+03
   7.4857000e+03   3.3929900e+04   1.4150000e+03
   9.8408000e+03   3.5226500e+04   1.4150000e+03
   3.4330600e+04   3.6557300e+04   1.4150000e+03
   4.6079000e+03   3.8668400e+04   1.4150000e+03
   1.3876300e+04   3.8746900e+04   1.4150000e+03
   1.7560600e+04   3.9075300e+04   1.4150000e+03
   1.7526900e+04   2.5628000e+03   1.5160000e+03
   1.7989200e+04   5.1935000e+03   1.5160000e+03
   5.7571000e+03   6.5269000e+03   1.5160000e+03
   9.7050000e+02   8.5369000e+03   1.5160000e+03
   1.9796200e+04   8.3859000e+03   1.5160000e+03
   2.7388400e+04   1.1307800e+04   1.5160000e+03
   2.1682200e+04   1.1911300e+04   1.5160000e+03
   8.4588000e+03   1.2509200e+04   1.5160000e+03
   1.0295700e+04   1.2378700e+04   1.5160000e+03
   1.8405300e+04   1.7226500e+04   1.5160000e+03
   6.1534000e+03   1.7792000e+04   1.5160000e+03
   3.1296500e+04   1.9499300e+04   1.5160000e+03
   2.1294200e+04   2.0135200e+04   1.5160000e+03
   2.5348800e+04   2.6868700e+04   1.5160000e+03
   3.1622400e+04   3.0301600e+04   1.5160000e+03
   2.6697100e+04   3.1519400e+04   1.5160000e+03
   7.4845000e+03   3.3929100e+04   1.5160000e+03
   9.8453000e+03   3.5224600e+04   1.5160000e+03
   3.4333700e+04   3.6562700e+04   1.5160000e+03
   4.6087000e+03   3.8670300e+04   1.5160000e+03
   1.3876500e+04   3.8744800e+04   1.5160000e+03
   1.7562100e+04   3.9084100e+04   1.5160000e+03
   1.7991200e+04   5.1856000e+03   1.6170000e+03
   5.7577000e+03   6.5413000e+03   1.6170000e+03
   1.9780500e+04   8.3728000e+03   1.6170000e+03
   9.7850000e+02   8.5340000e+03   1.6170000e+03
   2.7387400e+04   1.1307300e+04   1.6170000e+03
   8.4590000e+03   1.2508100e+04   1.6170000e+03
   1.8413600e+04   1.7267200e+04   1.6170000e+03
   6.1472000e+03   1.7800400e+04   1.6170000e+03
   3.1295900e+04   1.9500000e+04   1.6170000e+03
   2.1296800e+04   2.0131200e+04   1.6170000e+03
   2.5347200e+04   2.6867800e+04   1.6170000e+03
   3.1622000e+04   3.0304700e+04   1.6170000e+03
   2.6693300e+04   3.1516800e+04   1.6170000e+03
   1.8638100e+04   3.3214400e+04   1.6170000e+03
   7.4836000e+03   3.3933400e+04   1.6170000e+03
   9.8479000e+03   3.5228100e+04   1.6170000e+03
   3.4335600e+04   3.6561500e+04   1.6170000e+03
   4.6055000e+03   3.8671200e+04   1.6170000e+03
   1.3875900e+04   3.8743000e+04   1.6170000e+03
   1.7562400e+04   3.9071700e+04   1.6170000e+03
   1.7984300e+04   5.1830000e+03   1.7180000e+03
   5.7635000e+03   6.5408000e+03   1.7180000e+03
   9.7190000e+02   8.5353000e+03   1.7180000e+03
   1.1450000e+04   1.1427900e+04   1.7180000e+03
   2.7388600e+04   1.1308900e+04   1.7180000e+03
   8.4623000e+03   1.2511100e+04   1.7180000e+03
   6.1481000e+03   1.7792800e+04   1.7180000e+03
   3.1296000e+04   1.9501400e+04   1.7180000e+03
   2.1297200e+04   2.0135400e+04   1.7180000e+03
   2.5349400e+04   2.6867400e+04   1.7180000e+03
   2.2768800e+04   2.7109600e+04   1.7180000e+03
   3.1623900e+04   3.0300000e+04   1.7180000e+03
   2.6693000e+04   3.1519900e+04   1.7180000e+03
   1.8650500e+04   3.3219500e+04   1.7180000e+03
   7.4833000e+03   3.3930300e+04   1.7180000e+03
   9.8498000e+03   3.5229400e+04   1.7180000e+03
   3.4334900e+04   3.6562600e+04   1.7180000e+03
   4.6040000e+03   3.8668700e+04   1.7180000e+03
   1.3876200e+04   3.8740600e+04   1.7180000e+03
   1.7560700e+04   3.9078400e+04   1.7180000e+03
   1.7989300e+04   5.1815000e+03   1.8190000e+03
   5.7708000e+03   6.5329000e+03   1.8190000e+03
   1.9781200e+04   8.3787000e+03   1.8190000e+03
   9.7280000e+02   8.5469000e+03   1.8190000e+03
   2.7395200e+04   1.1299300e+04   1.8190000e+03
   8.4550000e+03   1.2514600e+04   1.8190000e+03
   6.1443000e+03   1.7794000e+04   1.8190000e+03
   3.1296100e+04   1.9499400e+04   1.8190000e+03
   2.1291300e+04   2.0131500e+04   1.8190000e+03
   2.5350400e+04   2.6866800e+04   1.8190000e+03
   3.1622600e+04   3.0301100e+04   1.8190000e+03
   2.6698300e+04   3.1517000e+04   1.8190000e+03
   1.8688200e+04   3.3185000e+04   1.8190000e+03
   7.4862000e+03   3.3930500e+04   1.8190000e+03
   9.8520000e+03   3.5224300e+04   1.8190000e+03
   3.4321500e+04   3.6580400e+04   1.8190000e+03
   4.6097000e+03   3.8667800e+04   1.8190000e+03
   1.3871200e+04   3.8740300e+04   1.8190000e+03
   1.7560500e+04   3.9077900e+04   1.8190000e+03
   1.7988000e+04   5.1825000e+03   1.9200000e+03
   5.7693000e+03   6.5321000e+03   1.9200000e+03
   1.9763100e+04   8.3804000e+03   1.9200000e+03
   9.7370000e+02   8.5336000e+03   1.9200000e+03
   2.7394600e+04   1.1308200e+04   1.9200000e+03
   8.4548000e+03   1.2507100e+04   1.9200000e+03
   6.1504000e+03   1.7797800e+04   1.9200000e+03
   1.5897800e+04   1.9140200e+04   1.9200000e+03
   3.1296600e+04   1.9501900e+04   1.9200000e+03
   2.1295100e+04   2.0134200e+04   1.9200000e+03
   2.5346100e+04   2.6867500e+04   1.9200000e+03
   3.1619300e+04   3.0305900e+04   1.9200000e+03
   2.6695900e+04   3.1521700e+04   1.9200000e+03
   1.8683200e+04   3.3177200e+04   1.9200000e+03
   7.4863000e+03   3.3932500e+04   1.9200000e+03
   9.8397000e+03   3.5222300e+04   1.9200000e+03
   3.4328500e+04   3.6562400e+04   1.9200000e+03
   4.6051000e+03   3.8670400e+04   1.9200000e+03
   1.3880700e+04   3.8746100e+04   1.9200000e+03
   1.7563100e+04   3.9080000e+04   1.9200000e+03
   1.7991500e+04   5.1886000e+03   2.0210000e+03
   5.7697000e+03   6.5271000e+03   2.0210000e+03
   9.7620000e+02   8.5381000e+03   2.0210000e+03
   2.7389500e+04   1.1309000e+04   2.0210000e+03
   8.4536000e+03   1.2513000e+04   2.0210000e+03
   6.1465000e+03   1.7791900e+04   2.0210000e+03
   3.1293600e+04   1.9499900e+04   2.0210000e+03
   2.1296500e+04   2.0132500e+04   2.0210000e+03
   2.5353900e+04   2.6868900e+04   2.0210000e+03
   2.2777900e+04   2.7126500e+04   2.0210000e+03
   3.1618000e+04   3.0299100e+04   2.0210000e+03
   2.6693800e+04   3.1520900e+04   2.0210000e+03
   1.8665400e+04   3.3212300e+04   2.0210000e+03
   7.4809000e+03   3.3929700e+04   2.0210000e+03
   9.8569000e+03   3.5222300e+04   2.0210000e+03
   3.4331300e+04   3.6567400e+04   2.0210000e+03
   4.6032000e+03   3.8673000e+04   2.0210000e+03
   1.3869300e+04   3.8744300e+04   2.0210000e+03
   1.7562800e+04   3.9080600e+04   2.0210000e+03
   1.7991300e+04   5.1813000e+03   2.1220000e+03
   5.7583000e+03   6.5342000e+03   2.1220000e+03
   9.8030000e+02   8.5361000e+03   2.1220000e+03
   2.7388000e+04   1.1304900e+04   2.1220000e+03
   8.4577000e+03   1.2503900e+04   2.1220000e+03
   6.1440000e+03   1.7805600e+04   2.1220000e+03
   3.1296900e+04   1.9502800e+04   2.1220000e+03
   2.1295400e+04   2.0134700e+04   2.1220000e+03
   2.5350700e+04   2.6871000e+04   2.1220000e+03
   3.1623700e+04   3.0306400e+04   2.1220000e+03
   2.6693300e+04   3.1520600e+04   2.1220000e+03
   1.8670400e+04   3.3196800e+04   2.1220000e+03
   7.4881000e+03   3.3934500e+04   2.1220000e+03
   9.8488000e+03   3.5220500e+04   2.1220000e+03
   3.4331500e+04   3.6562200e+04   2.1220000e+03
   4.6056000e+03   3.8667800e+04   2.1220000e+03
   1.3872700e+04   3.8741200e+04   2.1220000e+03
   1.7560900e+04   3.9078300e+04   2.1220000e+03
   1.7986800e+04   5.1854000e+03   2.2230000e+03
   5.7643000e+03   6.5387000e+03   2.2230000e+03
   9.7480000e+02   8.5325000e+03   2.2230000e+03
   2.7393900e+04   1.1305200e+04   2.2230000e+03
   8.4572000e+03   1.2509500e+04   2.2230000e+03
   6.1473000e+03   1.7794200e+04   2.2230000e+03
   3.1299400e+04   1.9498400e+04   2.2230000e+03
   2.1294100e+04   2.0134200e+04   2.2230000e+03
   2.5350100e+04   2.6867500e+04   2.2230000e+03
   2.2773500e+04   2.7116900e+04   2.2230000e+03
   3.1621600e+04   3.0301500e+04   2.2230000e+03
   2.6696200e+04   3.1525600e+04   2.2230000e+03
   1.8679600e+04   3.3195800e+04   2.2230000e+03
   7.4863000e+03   3.3931700e+04   2.2230000e+03
   9.8364000e+03   3.5222100e+04   2.2230000e+03
   3.4332600e+04   3.6559700e+04   2.2230000e+03
   4.6101000e+03   3.8668500e+04   2.2230000e+03
   1.3873400e+04   3.8749200e+04   2.2230000e+03
   1.7562400e+04   3.9082000e+04   2.2230000e+03
   1.7983500e+04   5.1820000e+03   2.3240000e+03
   2.7064600e+04   5.2095000e+03   2.3240000e+03
   5.7675000e+03   6.5491000e+03   2.3240000e+03
   9.6890000e+02   8.5253000e+03   2.3240000e+03
   2.7393300e+04   1.1306200e+04   2.3240000e+03
   8.4550000e+03   1.2510100e+04   2.3240000e+03
   1.8439900e+04   1.7206700e+04   2.3240000e+03
   6.1525000e+03   1.7795600e+04   2.3240000e+03
   1.4479300e+04   1.8746400e+04   2.3240000e+03
   3.1292500e+04   1.9497200e+04   2.3240000e+03
   2.1296700e+04   2.0133300e+04   2.3240000e+03
   2.7421000e+04   2.5425800e+04   2.3240000e+03
   2.5349700e+04   2.6866800e+04   2.3240000e+03
   3.1621100e+04   3.0304200e+04   2.3240000e+03
   2.6696700e+04   3.1515600e+04   2.3240000e+03
   7.4874000e+03   3.3932700e+04   2.3240000e+03
   9.8532000e+03   3.5229300e+04   2.3240000e+03
   3.4333200e+04   3.6561500e+04   2.3240000e+03
   4.6018000e+03   3.8672600e+04   2.3240000e+03
   1.3872800e+04   3.8746600e+04   2.3240000e+03
   1.7561200e+04   3.9078000e+04   2.3240000e+03
   1.7984600e+04   5.1898000e+03   2.4250000e+03
   5.7582000e+03   6.5306000e+03   2.4250000e+03
   9.7860000e+02   8.5442000e+03   2.4250000e+03
   2.7390500e+04   1.1304500e+04   2.4250000e+03
   8.4610000e+03   1.2502700e+04   2.4250000e+03
   6.1474000e+03   1.7794600e+04   2.4250000e+03
   3.1299900e+04   1.9501200e+04   2.4250000e+03
   2.1290700e+04   2.0130400e+04   2.4250000e+03
   2.5350400e+04   2.6868600e+04   2.4250000e+03
   3.1623000e+04   3.0299700e+04   2.4250000e+03
   2.6695900e+04   3.1520500e+04   2.4250000e+03
   7.4842000e+03   3.3932200e+04   2.4250000e+03
   9.8446000e+03   3.5231000e+04   2.4250000e+03
   3.4336200e+04   3.6561100e+04   2.4250000e+03
   4.6031000e+03   3.8671600e+04   2.4250000e+03
   1.3876800e+04   3.8742900e+04   2.4250000e+03
   1.7562000e+04   3.9080600e+04   2.4250000e+03
   1.7988300e+04   5.1834000e+03   2.5260000e+03
   5.7696000e+03   6.5333000e+03   2.5260000e+03
   9.7680000e+02   8.5354000e+03   2.5260000e+03
   2.7388900e+04   1.1305400e+04   2.5260000e+03
   8.4583000e+03   1.2509100e+04   2.5260000e+03
   6.1488000e+03   1.7801000e+04   2.5260000e+03
   3.1294700e+04   1.9501500e+04   2.5260000e+03
   2.1295300e+04   2.0131300e+04   2.5260000e+03
   2.5345800e+04   2.6872800e+04   2.5260000e+03
   3.1619000e+04   3.0302400e+04   2.5260000e+03
   2.6693300e+04   3.1519900e+04   2.5260000e+03
   7.4886000e+03   3.3930300e+04   2.5260000e+03
   9.8499000e+03   3.5219900e+04   2.5260000e+03
   3.4334900e+04   3.6561900e+04   2.5260000e+03
   4.6013000e+03   3.8677400e+04   2.5260000e+03
   1.3873800e+04   3.8744800e+04   2.5260000e+03
   1.7559900e+04   3.9076600e+04   2.5260000e+03
   1.7990500e+04   5.1823000e+03   2.6270000e+03
   5.7609000e+03   6.5257000e+03   2.6270000e+03
   9.7630000e+02   8.5430000e+03   2.6270000e+03
   2.7392500e+04   1.1307600e+04   2.6270000e+03
   8.4578000e+03   1.2505700e+04   2.6270000e+03
   6.1512000e+03   1.7798200e+04   2.6270000e+03
   3.1296700e+04   1.9495900e+04   2.6270000e+03
   2.1296800e+04   2.0140800e+04   2.6270000e+03
   2.5346800e+04   2.6865900e+04   2.6270000e+03
   3.1621000e+04   3.0301900e+04   2.6270000e+03
   2.6692900e+04   3.1519500e+04   2.6270000e+03
   7.4893000e+03   3.3930300e+04   2.6270000e+03
   9.8385000e+03   3.5228000e+04   2.6270000e+03
   3.4332800e+04   3.6561400e+04   2.6270000e+03
   4.6045000e+03   3.8675500e+04   2.6270000e+03
   1.3874600e+04   3.8745000e+04   2.6270000e+03
   1.3126300e+04   3.8887800e+04   2.6270000e+03
   1.7563900e+04   3.9079500e+04   2.6270000e+03
   1.7987700e+04   5.1842000e+03   2.7280000e+03
   5.7577000e+03   6.5285000e+03   2.7280000e+03
   9.7690000e+02   8.5324000e+03   2.7280000e+03
   2.7393600e+04   1.1309700e+04   2.7280000e+03
   8.4575000e+03   1.2506400e+04   2.7280000e+03
   6.1490000e+03   1.7795600e+04   2.7280000e+03
   3.1296100e+04   1.9502700e+04   2.7280000e+03
   2.1295500e+04   2.0137000e+04   2.7280000e+03
   2.5344100e+04   2.6865700e+04   2.7280000e+03
   3.1620100e+04   3.0307300e+04   2.7280000e+03
   2.6692300e+04   3.1518900e+04   2.7280000e+03
   7.4881000e+03   3.3933200e+04   2.7280000e+03
   9.8490000e+03   3.5226600e+04   2.7280000e+03
   3.4334800e+04   3.6562800e+04   2.7280000e+03
   4.6118000e+03   3.8669400e+04   2.7280000e+03
   1.3870100e+04   3.8747600e+04   2.7280000e+03
   1.7562500e+04   3.9078200e+04   2.7280000e+03
   1.7988600e+04   5.1814000e+03   2.8290000e+03
   5.7611000e+03   6.5305000e+03   2.8290000e+03
   9.6870000e+02   8.5335000e+03   2.8290000e+03
   2.7389300e+04   1.1310800e+04   2.8290000e+03
   8.4569000e+03   1.2503700e+04   2.8290000e+03
   6.1497000e+03   1.7804600e+04   2.8290000e+03
   3.1299100e+04   1.9500800e+04   2.8290000e+03
   2.1295400e+04   2.0132000e+04   2.8290000e+03
   2.5350000e+04   2.6868100e+04   2.8290000e+03
   3.1620400e+04   3.0302800e+04   2.8290000e+03
   2.6691400e+04   3.1525400e+04   2.8290000e+03
   7.4888000e+03   3.3930700e+04   2.8290000e+03
   9.8482000e+03   3.5228000e+04   2.8290000e+03
   3.4336600e+04   3.6561700e+04   2.8290000e+03
   4.6094000e+03   3.8665400e+04   2.8290000e+03
   1.3872100e+04   3.8745900e+04   2.8290000e+03
   1.7561400e+04   3.9080700e+04   2.8290000e+03
   1.7989900e+04   5.1790000e+03   2.9300000e+03
   5.7552000e+03   6.5310000e+03   2.9300000e+03
   9.6990000e+02   8.5308000e+03   2.9300000e+03
   2.7394700e+04   1.1304000e+04   2.9300000e+03
   8.4504000e+03   1.2513800e+04   2.9300000e+03
   6.1467000e+03   1.7799500e+04   2.9300000e+03
   3.1296100e+04   1.9497700e+04   2.9300000e+03
   2.1297900e+04   2.0132500e+04   2.9300000e+03
   2.5349000e+04   2.6869000e+04   2.9300000e+03
   3.1624400e+04   3.0306800e+04   2.9300000e+03
   2.6698200e+04   3.1519800e+04   2.9300000e+03
   1.8662000e+04   3.3212900e+04   2.9300000e+03
   7.4884000e+03   3.3933500e+04   2.9300000e+03
   9.8523000e+03   3.5225100e+04   2.9300000e+03
   3.4335100e+04   3.6569300e+04   2.9300000e+03
   4.6066000e+03   3.8669600e+04   2.9300000e+03
   1.3872500e+04   3.8745400e+04   2.9300000e+03
   1.7559800e+04   3.9079200e+04   2.9300000e+03
   1.7989800e+04   5.1842000e+03   3.0310000e+03
   5.7598000e+03   6.5300000e+03   3.0310000e+03
   9.7260000e+02   8.5352000e+03   3.0310000e+03
   2.7393400e+04   1.1308300e+04   3.0310000e+03
   8.4523000e+03   1.2504900e+04   3.0310000e+03
   6.1526000e+03   1.7800600e+04   3.0310000e+03
   3.1297700e+04   1.9501000e+04   3.0310000e+03
   2.1292400e+04   2.0130700e+04   3.0310000e+03
   2.5348600e+04   2.6869500e+04   3.0310000e+03
   3.1620600e+04   3.0305000e+04   3.0310000e+03
   2.6692300e+04   3.1521400e+04   3.0310000e+03
   7.4857000e+03   3.3931800e+04   3.0310000e+03
   9.8509000e+03   3.5218700e+04   3.0310000e+03
   3.4328200e+04   3.6566700e+04   3.0310000e+03
   4.6114000e+03   3.8674200e+04   3.0310000e+03
   1.3875900e+04   3.8743300e+04   3.0310000e+03
   1.7563000e+04   3.9080600e+04   3.0310000e+03
   1.7988200e+04   5.1853000e+03   3.1320000e+03
   5.7553000e+03   6.5323000e+03   3.1320000e+03
   9.8380000e+02   8.5363000e+03   3.1320000e+03
   2.7390900e+04   1.1307900e+04   3.1320000e+03
   8.4543000e+03   1.2508500e+04   3.1320000e+03
   6.1498000e+03   1.7795700e+04   3.1320000e+03
   3.1295500e+04   1.9500100e+04   3.1320000e+03
   2.1291500e+04   2.0133700e+04   3.1320000e+03
   2.5347800e+04   2.6869700e+04   3.1320000e+03
   3.1620200e+04   3.0300900e+04   3.1320000e+03
   2.6699000e+04   3.1519300e+04   3.1320000e+03
   7.4864000e+03   3.3932700e+04   3.1320000e+03
   9.8498000e+03   3.5221600e+04   3.1320000e+03
   3.4334800e+04   3.6568700e+04   3.1320000e+03
   4.6046000e+03   3.8673500e+04   3.1320000e+03
   1.3874700e+04   3.8745700e+04   3.1320000e+03
   1.7560600e+04   3.9074300e+04   3.1320000e+03
   1.7986700e+04   5.1817000e+03   3.2330000e+03
   5.7544000e+03   6.5285000e+03   3.2330000e+03
   9.7630000e+02   8.5396000e+03   3.2330000e+03
   2.7394500e+04   1.1310700e+04   3.2330000e+03
   8.4562000e+03   1.2504600e+04   3.2330000e+03
   6.1533000e+03   1.7796800e+04   3.2330000e+03
   3.1298100e+04   1.9499500e+04   3.2330000e+03
   2.1296500e+04   2.0132900e+04   3.2330000e+03
   2.5349000e+04   2.6869700e+04   3.2330000e+03
   3.1627800e+04   3.0303700e+04   3.2330000e+03
   2.6694900e+04   3.1519200e+04   3.2330000e+03
   7.4873000e+03   3.3933900e+04   3.2330000e+03
   9.8446000e+03   3.5223000e+04   3.2330000e+03
   3.4329400e+04   3.6566900e+04   3.2330000e+03
   4.6004000e+03   3.8672400e+04   3.2330000e+03
   1.3875900e+04   3.8745000e+04   3.2330000e+03
   1.7561600e+04   3.9077900e+04   3.2330000e+03
   1.7987000e+04   5.1815000e+03   3.3340000e+03
   5.7590000e+03   6.5396000e+03   3.3340000e+03
   9.7920000e+02   8.5397000e+03   3.3340000e+03
   2.7392200e+04   1.1304500e+04   3.3340000e+03
   8.4555000e+03   1.2506900e+04   3.3340000e+03
   6.1543000e+03   1.7795000e+04   3.3340000e+03
   3.1296900e+04   1.9500300e+04   3.3340000e+03
   2.1293800e+04   2.0136500e+04   3.3340000e+03
   2.5346700e+04   2.6866800e+04   3.3340000e+03
   2.2768800e+04   2.7102300e+04   3.3340000e+03
   3.1618300e+04   3.0297500e+04   3.3340000e+03
   2.6694900e+04   3.1518400e+04   3.3340000e+03
   7.4889000e+03   3.3934400e+04   3.3340000e+03
   9.8395000e+03   3.5230600e+04   3.3340000e+03
   3.4338000e+04   3.6564800e+04   3.3340000e+03
   4.6074000e+03   3.8673100e+04   3.3340000e+03
   1.3873600e+04   3.8740200e+04   3.3340000e+03
   1.7562000e+04   3.9076200e+04   3.3340000e+03
   1.7987700e+04   5.1865000e+03   3.4350000e+03
   5.7603000e+03   6.5303000e+03   3.4350000e+03
   9.7400000e+02   8.5328000e+03   3.4350000e+03
   2.7392500e+04   1.1307100e+04   3.4350000e+03
   1.0344700e+04   1.2179800e+04   3.4350000e+03
   8.4560000e+03   1.2507400e+04   3.4350000e+03
   6.1484000e+03   1.7797500e+04   3.4350000e+03
   3.1297200e+04   1.9502100e+04   3.4350000e+03
   2.1293700e+04   2.0133000e+04   3.4350000e+03
   2.5347900e+04   2.6867600e+04   3.4350000e+03
   2.2770100e+04   2.7086700e+04   3.4350000e+03
   3.1619500e+04   3.0301900e+04   3.4350000e+03
   2.6691700e+04   3.1518500e+04   3.4350000e+03
   7.4873000e+03   3.3932800e+04   3.4350000e+03
   9.8516000e+03   3.5221700e+04   3.4350000e+03
   3.4332900e+04   3.6566500e+04   3.4350000e+03
   4.6109000e+03   3.8673800e+04   3.4350000e+03
   1.3872900e+04   3.8745400e+04   3.4350000e+03
   1.7562500e+04   3.9081500e+04   3.4350000e+03
   1.7985000e+04   5.1797000e+03   3.5360000e+03
   5.7588000e+03   6.5346000e+03   3.5360000e+03
   9.7870000e+02   8.5343000e+03   3.5360000e+03
   2.7395300e+04   1.1310800e+04   3.5360000e+03
   1.0298100e+04   1.2261200e+04   3.5360000e+03
   8.4601000e+03   1.2504400e+04   3.5360000e+03
   6.1467000e+03   1.7793700e+04   3.5360000e+03
   3.1293000e+04   1.9504600e+04   3.5360000e+03
   2.1296500e+04   2.0130700e+04   3.5360000e+03
   2.5344600e+04   2.6870000e+04   3.5360000e+03
   3.1624500e+04   3.0302700e+04   3.5360000e+03
   2.6694100e+04   3.1520800e+04   3.5360000e+03
   7.4846000e+03   3.3930100e+04   3.5360000e+03
   9.8382000e+03   3.5219200e+04   3.5360000e+03
   3.4335100e+04   3.6570000e+04   3.5360000e+03
   4.6091000e+03   3.8673400e+04   3.5360000e+03
   1.3877000e+04   3.8740600e+04   3.5360000e+03
   1.7565800e+04   3.9086600e+04   3.5360000e+03
   1.7988300e+04   5.1830000e+03   3.6370000e+03
   5.7630000e+03   6.5351000e+03   3.6370000e+03
   9.7500000e+02   8.5376000e+03   3.6370000e+03
   2.7390300e+04   1.1305000e+04   3.6370000e+03
   8.4578000e+03   1.2508200e+04   3.6370000e+03
   6.1477000e+03   1.7792000e+04   3.6370000e+03
   3.1294500e+04   1.9502200e+04   3.6370000e+03
   2.1298800e+04   2.0130600e+04   3.6370000e+03
   2.5350200e+04   2.6871200e+04   3.6370000e+03
   3.1623400e+04   3.0303600e+04   3.6370000e+03
   2.6698900e+04   3.1516400e+04   3.6370000e+03
   7.4894000e+03   3.3934200e+04   3.6370000e+03
   9.8393000e+03   3.5223900e+04   3.6370000e+03
   3.4330300e+04   3.6566700e+04   3.6370000e+03
   4.6023000e+03   3.8672400e+04   3.6370000e+03
   1.3876600e+04   3.8745700e+04   3.6370000e+03
   1.7561300e+04   3.9078300e+04   3.6370000e+03
   1.7990300e+04   5.1820000e+03   3.7380000e+03
   5.7578000e+03   6.5255000e+03   3.7380000e+03
   9.7500000e+02   8.5385000e+03   3.7380000e+03
   2.7394600e+04   1.1310400e+04   3.7380000e+03
   1.0304900e+04   1.2222900e+04   3.7380000e+03
   8.4534000e+03   1.2503900e+04   3.7380000e+03
   6.1413000e+03   1.7799400e+04   3.7380000e+03
   3.1296900e+04   1.9499700e+04   3.7380000e+03
   2.1295300e+04   2.0130100e+04   3.7380000e+03
   2.5352300e+04   2.6868700e+04   3.7380000e+03
   3.1624100e+04   3.0305500e+04   3.7380000e+03
   2.6691200e+04   3.1522800e+04   3.7380000e+03
   7.4859000e+03   3.3928800e+04   3.7380000e+03
   9.8522000e+03   3.5224100e+04   3.7380000e+03
   3.4335900e+04   3.6567500e+04   3.7380000e+03
   4.6033000e+03   3.8678200e+04   3.7380000e+03
   1.3873000e+04   3.8739800e+04   3.7380000e+03
   1.7564400e+04   3.9080900e+04   3.7380000e+03
   1.7985200e+04   5.1842000e+03   3.8390000e+03
   5.7606000e+03   6.5312000e+03   3.8390000e+03
   9.7360000e+02   8.5351000e+03   3.8390000e+03
   2.7392300e+04   1.1306000e+04   3.8390000e+03
   8.4569000e+03   1.2511100e+04   3.8390000e+03
   6.1577000e+03   1.7787300e+04   3.8390000e+03
   3.1293800e+04   1.9500700e+04   3.8390000e+03
   2.1295600e+04   2.0131500e+04   3.8390000e+03
   2.5344600e+04   2.6871000e+04   3.8390000e+03
   3.1627100e+04   3.0302500e+04   3.8390000e+03
   2.6688200e+04   3.1519800e+04   3.8390000e+03
   7.4876000e+03   3.3934800e+04   3.8390000e+03
   9.8435000e+03   3.5229100e+04   3.8390000e+03
   3.4334300e+04   3.6565700e+04   3.8390000e+03
   4.6092000e+03   3.8675200e+04   3.8390000e+03
   1.3872600e+04   3.8739900e+04   3.8390000e+03
   1.7564300e+04   3.9081000e+04   3.8390000e+03
   1.7981900e+04   5.1813000e+03   3.9400000e+03
   5.7609000e+03   6.5322000e+03   3.9400000e+03
   9.7000000e+02   8.5336000e+03   3.9400000e+03
   2.7392800e+04   1.1308300e+04   3.9400000e+03
   8.4618000e+03   1.2507200e+04   3.9400000e+03
   6.1480000e+03   1.7789500e+04   3.9400000e+03
   3.1298600e+04   1.9499000e+04   3.9400000e+03
   2.1294000e+04   2.0128500e+04   3.9400000e+03
   2.5348600e+04   2.6871800e+04   3.9400000e+03
   3.1626100e+04   3.0303500e+04   3.9400000e+03
   2.6691800e+04   3.1518600e+04   3.9400000e+03
   7.4866000e+03   3.3931800e+04   3.9400000e+03
   9.8434000e+03   3.5228800e+04   3.9400000e+03
   3.4332800e+04   3.6569200e+04   3.9400000e+03
   4.6077000e+03   3.8674800e+04   3.9400000e+03
   1.3873100e+04   3.8747500e+04   3.9400000e+03
   1.7568900e+04   3.9080300e+04   3.9400000e+03
   1.7989400e+04   5.1848000e+03   4.0410000e+03
   5.7620000e+03   6.5265000e+03   4.0410000e+03
   9.7450000e+02   8.5258000e+03   4.0410000e+03
   2.7390800e+04   1.1308400e+04   4.0410000e+03
   8.4619000e+03   1.2504400e+04   4.0410000e+03
   6.1487000e+03   1.7791700e+04   4.0410000e+03
   3.1293000e+04   1.9503400e+04   4.0410000e+03
   2.1297100e+04   2.0133300e+04   4.0410000e+03
   2.5349800e+04   2.6868700e+04   4.0410000e+03
   3.1625700e+04   3.0304400e+04   4.0410000e+03
   2.6687900e+04   3.1522000e+04   4.0410000e+03
   7.4838000e+03   3.3932300e+04   4.0410000e+03
   9.8514000e+03   3.5223700e+04   4.0410000e+03
   3.4336000e+04   3.6572400e+04   4.0410000e+03
   4.6064000e+03   3.8671300e+04   4.0410000e+03
   1.3869800e+04   3.8748100e+04   4.0410000e+03
   1.7559000e+04   3.9084800e+04   4.0410000e+03
   1.7987600e+04   5.1818000e+03   4.1420000e+03
   5.7640000e+03   6.5374000e+03   4.1420000e+03
   9.7380000e+02   8.5383000e+03   4.1420000e+03
   2.7397100e+04   1.1309800e+04   4.1420000e+03
   8.4538000e+03   1.2509200e+04   4.1420000e+03
   6.1491000e+03   1.7787900e+04   4.1420000e+03
   3.1296100e+04   1.9501200e+04   4.1420000e+03
   2.1293800e+04   2.0134500e+04   4.1420000e+03
   2.5347500e+04   2.6867500e+04   4.1420000e+03
   3.1620300e+04   3.0297700e+04   4.1420000e+03
   2.6696500e+04   3.1523100e+04   4.1420000e+03
   7.4881000e+03   3.3932000e+04   4.1420000e+03
   9.8468000e+03   3.5222700e+04   4.1420000e+03
   3.4333700e+04   3.6570400e+04   4.1420000e+03
   4.6028000e+03   3.8674600e+04   4.1420000e+03
   1.3874900e+04   3.8740900e+04   4.1420000e+03
   1.7561200e+04   3.9077100e+04   4.1420000e+03
   1.7990600e+04   5.1798000e+03   4.2430000e+03
   5.7534000e+03   6.5289000e+03   4.2430000e+03
   9.7170000e+02   8.5325000e+03   4.2430000e+03
   2.7397700e+04   1.1306400e+04   4.2430000e+03
   8.4622000e+03   1.2504900e+04   4.2430000e+03
   6.1461000e+03   1.7801100e+04   4.2430000e+03
   3.1297700e+04   1.9500900e+04   4.2430000e+03
   2.1296900e+04   2.0132600e+04   4.2430000e+03
   2.5347900e+04   2.6868700e+04   4.2430000e+03
   3.1624100e+04   3.0309800e+04   4.2430000e+03
   2.6693000e+04   3.1521600e+04   4.2430000e+03
   7.4862000e+03   3.3934800e+04   4.2430000e+03
   9.8443000e+03   3.5223100e+04   4.2430000e+03
   3.4333000e+04   3.6565100e+04   4.2430000e+03
   4.6105000e+03   3.8669500e+04   4.2430000e+03
   1.3872200e+04   3.8740500e+04   4.2430000e+03
   1.7559600e+04   3.9085900e+04   4.2430000e+03
   1.7983700e+04   5.1844000e+03   4.3440000e+03
   5.7607000e+03   6.5258000e+03   4.3440000e+03
   9.7530000e+02   8.5418000e+03   4.3440000e+03
   2.7395200e+04   1.1306300e+04   4.3440000e+03
   8.4570000e+03   1.2511200e+04   4.3440000e+03
   6.1519000e+03   1.7799000e+04   4.3440000e+03
   3.1297300e+04   1.9503700e+04   4.3440000e+03
   2.1298400e+04   2.0134300e+04   4.3440000e+03
   2.5347500e+04   2.6865800e+04   4.3440000e+03
   3.1621400e+04   3.0305900e+04   4.3440000e+03
   2.6695100e+04   3.1521800e+04   4.3440000e+03
   7.4839000e+03   3.3935200e+04   4.3440000e+03
   9.8451000e+03   3.5218200e+04   4.3440000e+03
   3.4330400e+04   3.6563800e+04   4.3440000e+03
   4.6048000e+03   3.8669500e+04   4.3440000e+03
   1.3875900e+04   3.8741600e+04   4.3440000e+03
   1.7563400e+04   3.9077800e+04   4.3440000e+03
   1.7991000e+04   5.1850000e+03   4.4450000e+03
   5.7620000e+03   6.5344000e+03   4.4450000e+03
   9.7020000e+02   8.5345000e+03   4.4450000e+03
   2.7393500e+04   1.1306500e+04   4.4450000e+03
   8.4600000e+03   1.2507900e+04   4.4450000e+03
   6.1455000e+03   1.7796000e+04   4.4450000e+03
   3.1298300e+04   1.9501200e+04   4.4450000e+03
   2.1296700e+04   2.0135900e+04   4.4450000e+03
   2.5348900e+04   2.6865300e+04   4.4450000e+03
   3.1623400e+04   3.0301500e+04   4.4450000e+03
   2.6698000e+04   3.1521900e+04   4.4450000e+03
   7.4860000e+03   3.3933800e+04   4.4450000e+03
   9.8403000e+03   3.5217400e+04   4.4450000e+03
   3.4333000e+04   3.6562900e+04   4.4450000e+03
   4.6050000e+03   3.8674900e+04   4.4450000e+03
   1.3870200e+04   3.8746100e+04   4.4450000e+03
   1.7565100e+04   3.9080900e+04   4.4450000e+03
   1.7995700e+04   5.1870000e+03   4.5460000e+03
   5.7547000e+03   6.5257000e+03   4.5460000e+03
   9.7780000e+02   8.5393000e+03   4.5460000e+03
   2.7394400e+04   1.1302800e+04   4.5460000e+03
   8.4585000e+03   1.2505000e+04   4.5460000e+03
   6.1473000e+03   1.7798100e+04   4.5460000e+03
   3.1301200e+04   1.9502500e+04   4.5460000e+03
   2.1295600e+04   2.0129800e+04   4.5460000e+03
   2.5344300e+04   2.6867700e+04   4.5460000e+03
   3.1618600e+04   3.0300100e+04   4.5460000e+03
   2.6690100e+04   3.1523100e+04   4.5460000e+03
   7.4829000e+03   3.3934600e+04   4.5460000e+03
   9.8406000e+03   3.5232300e+04   4.5460000e+03
   3.4338900e+04   3.6566700e+04   4.5460000e+03
   4.6078000e+03   3.8671500e+04   4.5460000e+03
   1.3874000e+04   3.8742100e+04   4.5460000e+03
   1.7564700e+04   3.9077600e+04   4.5460000e+03
   1.7991300e+04   5.1845000e+03   4.6470000e+03
   5.7570000e+03   6.5326000e+03   4.6470000e+03
   9.7310000e+02   8.5387000e+03   4.6470000e+03
   2.7393600e+04   1.1311400e+04   4.6470000e+03
   8.4615000e+03   1.2506700e+04   4.6470000e+03
   6.1460000e+03   1.7796400e+04   4.6470000e+03
   3.1298100e+04   1.9499100e+04   4.6470000e+03
   2.1297500e+04   2.0133700e+04   4.6470000e+03
   2.5347000e+04   2.6868300e+04   4.6470000e+03
   3.1619400e+04   3.0299300e+04   4.6470000e+03
   2.6689100e+04   3.1517700e+04   4.6470000e+03
   7.4864000e+03   3.3933200e+04   4.6470000e+03
   9.8507000e+03   3.5220800e+04   4.6470000e+03
   3.4332200e+04   3.6565900e+04   4.6470000e+03
   4.6078000e+03   3.8673700e+04   4.6470000e+03
   1.3875600e+04   3.8743400e+04   4.6470000e+03
   1.7561000e+04   3.9080700e+04   4.6470000e+03
   1.7990800e+04   5.1832000e+03   4.7480000e+03
   5.7593000e+03   6.5324000e+03   4.7480000e+03
   9.8280000e+02   8.5373000e+03   4.7480000e+03
   2.7388300e+04   1.1307000e+04   4.7480000e+03
   8.4570000e+03   1.2508600e+04   4.7480000e+03
   6.1434000e+03   1.7790500e+04   4.7480000e+03
   3.1298900e+04   1.9500200e+04   4.7480000e+03
   2.1296200e+04   2.0132700e+04   4.7480000e+03
   2.5347800e+04   2.6870200e+04   4.7480000e+03
   3.1617200e+04   3.0301600e+04   4.7480000e+03
   2.6692100e+04   3.1525800e+04   4.7480000e+03
   7.4893000e+03   3.3928700e+04   4.7480000e+03
   9.8566000e+03   3.5226300e+04   4.7480000e+03
   3.4334300e+04   3.6563000e+04   4.7480000e+03
   4.5983000e+03   3.8672700e+04   4.7480000e+03
   1.3870600e+04   3.8748800e+04   4.7480000e+03
   1.7564200e+04   3.9077000e+04   4.7480000e+03
   1.7986900e+04   5.1864000e+03   4.8490000e+03
   5.7564000e+03   6.5331000e+03   4.8490000e+03
   9.7640000e+02   8.5355000e+03   4.8490000e+03
   2.7394100e+04   1.1306700e+04   4.8490000e+03
   8.4518000e+03   1.2503900e+04   4.8490000e+03
   6.1500000e+03   1.7792000e+04   4.8490000e+03
   3.1297500e+04   1.9502100e+04   4.8490000e+03
   2.1295600e+04   2.0133700e+04   4.8490000e+03
   2.5353100e+04   2.6863700e+04   4.8490000e+03
   3.1618700e+04   3.0305100e+04   4.8490000e+03
   2.6690400e+04   3.1524300e+04   4.8490000e+03
   7.4860000e+03   3.3929100e+04   4.8490000e+03
   9.8508000e+03   3.5229000e+04   4.8490000e+03
   3.4337400e+04   3.6564500e+04   4.8490000e+03
   4.6015000e+03   3.8674800e+04   4.8490000e+03
   1.3877800e+04   3.8745400e+04   4.8490000e+03
   1.7562700e+04   3.9076800e+04   4.8490000e+03
   1.7988300e+04   5.1870000e+03   4.9500000e+03
   5.7597000e+03   6.5258000e+03   4.9500000e+03
   9.7240000e+02   8.5382000e+03   4.9500000e+03
   2.7393200e+04   1.1305700e+04   4.9500000e+03
   8.4574000e+03   1.2506000e+04   4.9500000e+03
   6.1483000e+03   1.7801800e+04   4.9500000e+03
   3.1297000e+04   1.9501600e+04   4.9500000e+03
   2.1296400e+04   2.0133000e+04   4.9500000e+03
   2.5351200e+04   2.6864700e+04   4.9500000e+03
   3.1625200e+04   3.0301400e+04   4.9500000e+03
   2.6694000e+04   3.1527300e+04   4.9500000e+03
   7.4843000e+03   3.3929100e+04   4.9500000e+03
   9.8493000e+03   3.5223900e+04   4.9500000e+03
   3.4327200e+04   3.6570300e+04   4.9500000e+03
   4.6067000e+03   3.8669100e+04   4.9500000e+03
   1.3872700e+04   3.8744700e+04   4.9500000e+03
   1.7563900e+04   3.9076400e+04   4.9500000e+03
   1.7989700e+04   5.1863000e+03   5.0510000e+03
   5.7549000e+03   6.5235000e+03   5.0510000e+03
   9.7100000e+02   8.5343000e+03   5.0510000e+03
   2.7393800e+04   1.1311300e+04   5.0510000e+03
   8.4535000e+03   1.2506400e+04   5.0510000e+03
   6.1497000e+03   1.7795000e+04   5.0510000e+03
   3.1296700e+04   1.9501400e+04   5.0510000e+03
   2.1295200e+04   2.0133100e+04   5.0510000e+03
   2.5345700e+04   2.6869200e+04   5.0510000e+03
   3.1626800e+04   3.0302100e+04   5.0510000e+03
   2.6695000e+04   3.1522900e+04   5.0510000e+03
   7.4885000e+03   3.3932700e+04   5.0510000e+03
   9.8454000e+03   3.5231600e+04   5.0510000e+03
   3.4331400e+04   3.6561500e+04   5.0510000e+03
   4.6127000e+03   3.8671000e+04   5.0510000e+03
   1.3875700e+04   3.8742200e+04   5.0510000e+03
   1.7561400e+04   3.9081700e+04   5.0510000e+03
   1.7986600e+04   5.1821000e+03   5.1520000e+03
   5.7538000e+03   6.5259000e+03   5.1520000e+03
   9.7560000e+02   8.5293000e+03   5.1520000e+03
   2.7394900e+04   1.1306700e+04   5.1520000e+03
   8.4598000e+03   1.2506200e+04   5.1520000e+03
   6.1505000e+03   1.7796000e+04   5.1520000e+03
   3.1300000e+04   1.9501200e+04   5.1520000e+03
   2.1294400e+04   2.0132600e+04   5.1520000e+03
   2.5345900e+04   2.6869000e+04   5.1520000e+03
   3.1624000e+04   3.0304300e+04   5.1520000e+03
   2.6695100e+04   3.1522700e+04   5.1520000e+03
   7.4855000e+03   3.3932400e+04   5.1520000e+03
   9.8459000e+03   3.5234500e+04   5.1520000e+03
   3.4334900e+04   3.6563300e+04   5.1520000e+03
   4.6028000e+03   3.8679800e+04   5.1520000e+03
   1.3874100e+04   3.8739200e+04   5.1520000e+03
   1.7563000e+04   3.9080800e+04   5.1520000e+03
   1.7987100e+04   5.1773000e+03   5.2530000e+03
   5.7601000e+03   6.5298000e+03   5.2530000e+03
   9.6500000e+02   8.5350000e+03   5.2530000e+03
   2.7391900e+04   1.1309600e+04   5.2530000e+03
   8.4546000e+03   1.2504300e+04   5.2530000e+03
   6.1457000e+03   1.7798300e+04   5.2530000e+03
   3.1300000e+04   1.9502100e+04   5.2530000e+03
   2.1297300e+04   2.0132000e+04   5.2530000e+03
   2.5349200e+04   2.6868300e+04   5.2530000e+03
   3.1628300e+04   3.0306200e+04   5.2530000e+03
   2.6691500e+04   3.1525700e+04   5.2530000e+03
   7.4885000e+03   3.3931600e+04   5.2530000e+03
   9.8570000e+03   3.5222500e+04   5.2530000e+03
   3.4328000e+04   3.6565300e+04   5.2530000e+03
   4.6117000e+03   3.8676300e+04   5.2530000e+03
   1.3870100e+04   3.8746900e+04   5.2530000e+03
   1.7561100e+04   3.9075000e+04   5.2530000e+03
   1.7985100e+04   5.1807000e+03   5.3540000e+03
   5.7624000e+03   6.5342000e+03   5.3540000e+03
   9.7610000e+02   8.5323000e+03   5.3540000e+03
   2.7387100e+04   1.1308100e+04   5.3540000e+03
   8.4580000e+03   1.2506300e+04   5.3540000e+03
   6.1504000e+03   1.7796300e+04   5.3540000e+03
   3.1294200e+04   1.9503300e+04   5.3540000e+03
   2.1293300e+04   2.0131400e+04   5.3540000e+03
   2.5345700e+04   2.6874000e+04   5.3540000e+03
   3.1620400e+04   3.0307000e+04   5.3540000e+03
   2.6692600e+04   3.1515600e+04   5.3540000e+03
   7.4865000e+03   3.3933500e+04   5.3540000e+03
   9.8615000e+03   3.5228800e+04   5.3540000e+03
   3.4333700e+04   3.6563100e+04   5.3540000e+03
   4.6058000e+03   3.8671600e+04   5.3540000e+03
   1.3871700e+04   3.8745000e+04   5.3540000e+03
   1.7562500e+04   3.9074800e+04   5.3540000e+03
   1.7988100e+04   5.1829000e+03   5.4550000e+03
   5.7556000e+03   6.5359000e+03   5.4550000e+03
   9.7620000e+02   8.5329000e+03   5.4550000e+03
   2.7394100e+04   1.1311100e+04   5.4550000e+03
   8.4582000e+03   1.2504200e+04   5.4550000e+03
   6.1514000e+03   1.7794600e+04   5.4550000e+03
   3.1299900e+04   1.9503100e+04   5.4550000e+03
   2.1293800e+04   2.0128800e+04   5.4550000e+03
   2.5346300e+04   2.6867900e+04   5.4550000e+03
   3.1625400e+04   3.0306000e+04   5.4550000e+03
   2.6696000e+04   3.1522100e+04   5.4550000e+03
   7.4847000e+03   3.3934500e+04   5.4550000e+03
   9.8452000e+03   3.5222700e+04   5.4550000e+03
   3.4326100e+04   3.6568400e+04   5.4550000e+03
   4.6054000e+03   3.8672800e+04   5.4550000e+03
   1.3876000e+04   3.8742900e+04   5.4550000e+03
   1.7564700e+04   3.9075000e+04   5.4550000e+03
   1.7988600e+04   5.1812000e+03   5.5560000e+03
   5.7616000e+03   6.5328000e+03   5.5560000e+03
   9.6640000e+02   8.5399000e+03   5.5560000e+03
   2.7393200e+04   1.1309400e+04   5.5560000e+03
   8.4651000e+03   1.2508400e+04   5.5560000e+03
   6.1472000e+03   1.7799900e+04   5.5560000e+03
   3.1297000e+04   1.9505400e+04   5.5560000e+03
   2.1297500e+04   2.0128900e+04   5.5560000e+03
   2.5350000e+04   2.6867700e+04   5.5560000e+03
   3.1626600e+04   3.0303300e+04   5.5560000e+03
   2.6696200e+04   3.1518900e+04   5.5560000e+03
   7.4864000e+03   3.3934600e+04   5.5560000e+03
   9.8389000e+03   3.5223000e+04   5.5560000e+03
   3.4332600e+04   3.6561800e+04   5.5560000e+03
   4.6020000e+03   3.8667300e+04   5.5560000e+03
   1.3876500e+04   3.8743600e+04   5.5560000e+03
   1.7561300e+04   3.9080000e+04   5.5560000e+03
   1.7986900e+04   5.1805000e+03   5.6570000e+03
   5.7644000e+03   6.5336000e+03   5.6570000e+03
   9.7380000e+02   8.5311000e+03   5.6570000e+03
   2.7390400e+04   1.1310100e+04   5.6570000e+03
   8.4595000e+03   1.2498300e+04   5.6570000e+03
   6.1448000e+03   1.7798500e+04   5.6570000e+03
   3.1297400e+04   1.9503700e+04   5.6570000e+03
   2.1295900e+04   2.0130300e+04   5.6570000e+03
   2.5348700e+04   2.6869500e+04   5.6570000e+03
   3.1625000e+04   3.0304100e+04   5.6570000e+03
   2.6695800e+04   3.1525000e+04   5.6570000e+03
   7.4871000e+03   3.3931500e+04   5.6570000e+03
   9.8479000e+03   3.5229400e+04   5.6570000e+03
   3.4327800e+04   3.6565300e+04   5.6570000e+03
   4.6019000e+03   3.8675100e+04   5.6570000e+03
   1.3877100e+04   3.8738500e+04   5.6570000e+03
   1.7562500e+04   3.9081500e+04   5.6570000e+03
   1.7987000e+04   5.1813000e+03   5.7580000e+03
   5.7550000e+03   6.5318000e+03   5.7580000e+03
   9.7400000e+02   8.5352000e+03   5.7580000e+03
   2.7393600e+04   1.1307300e+04   5.7580000e+03
   8.4610000e+03   1.2502000e+04   5.7580000e+03
   6.1487000e+03   1.7794000e+04   5.7580000e+03
   3.1296400e+04   1.9505300e+04   5.7580000e+03
   2.1294700e+04   2.0130500e+04   5.7580000e+03
   2.5349000e+04   2.6862900e+04   5.7580000e+03
   3.1622700e+04   3.0306600e+04   5.7580000e+03
   2.6702400e+04   3.1521800e+04   5.7580000e+03
   7.4837000e+03   3.3936000e+04   5.7580000e+03
   9.8435000e+03   3.5232600e+04   5.7580000e+03
   3.4333200e+04   3.6563400e+04   5.7580000e+03
   4.6085000e+03   3.8672200e+04   5.7580000e+03
   1.3872600e+04   3.8741000e+04   5.7580000e+03
   1.7561200e+04   3.9082200e+04   5.7580000e+03
   1.7991300e+04   5.1811000e+03   5.8590000e+03
   5.7560000e+03   6.5339000e+03   5.8590000e+03
   9.7570000e+02   8.5346000e+03   5.8590000e+03
   2.7391700e+04   1.1306200e+04   5.8590000e+03
   8.4540000e+03   1.2510900e+04   5.8590000e+03
   6.1508000e+03   1.7798000e+04   5.8590000e+03
   3.1299200e+04   1.9500900e+04   5.8590000e+03
   2.1294700e+04   2.0131400e+04   5.8590000e+03
   2.5349300e+04   2.6864700e+04   5.8590000e+03
   3.1627700e+04   3.0304800e+04   5.8590000e+03
   2.6695200e+04   3.1521500e+04   5.8590000e+03
   7.4846000e+03   3.3933600e+04   5.8590000e+03
   9.8515000e+03   3.5222500e+04   5.8590000e+03
   3.4324200e+04   3.6566000e+04   5.8590000e+03
   4.6083000e+03   3.8671900e+04   5.8590000e+03
   1.3872900e+04   3.8745700e+04   5.8590000e+03
   1.7560000e+04   3.9078700e+04   5.8590000e+03
   1.7985200e+04   5.1838000e+03   5.9600000e+03
   5.7631000e+03   6.5306000e+03   5.9600000e+03
   9.6880000e+02   8.5376000e+03   5.9600000e+03
   2.7393700e+04   1.1308800e+04   5.9600000e+03
   8.4526000e+03   1.2508800e+04   5.9600000e+03
   6.1455000e+03   1.7797800e+04   5.9600000e+03
   3.1298900e+04   1.9498500e+04   5.9600000e+03
   2.1293400e+04   2.0128600e+04   5.9600000e+03
   2.5349600e+04   2.6866300e+04   5.9600000e+03
   3.1625700e+04   3.0304400e+04   5.9600000e+03
   2.6696900e+04   3.1517500e+04   5.9600000e+03
   7.4884000e+03   3.3933200e+04   5.9600000e+03
   9.8397000e+03   3.5230500e+04   5.9600000e+03
   3.4335300e+04   3.6566700e+04   5.9600000e+03
   4.6154000e+03   3.8667900e+04   5.9600000e+03
   1.3875500e+04   3.8747700e+04   5.9600000e+03
   1.7559300e+04   3.9077400e+04   5.9600000e+03
   1.7987300e+04   5.1866000e+03   6.0610000e+03
   5.7563000e+03   6.5302000e+03   6.0610000e+03
   9.7680000e+02   8.5382000e+03   6.0610000e+03
   2.7395000e+04   1.1308800e+04   6.0610000e+03
   8.4590000e+03   1.2504000e+04   6.0610000e+03
   6.1462000e+03   1.7798600e+04   6.0610000e+03
   3.1300300e+04   1.9503700e+04   6.0610000e+03
   2.1297200e+04   2.0130600e+04   6.0610000e+03
   2.5351400e+04   2.6867500e+04   6.0610000e+03
   3.1624400e+04   3.0302900e+04   6.0610000e+03
   2.6692500e+04   3.1522100e+04   6.0610000e+03
   7.4863000e+03   3.3931800e+04   6.0610000e+03
   9.8359000e+03   3.5226800e+04   6.0610000e+03
   3.4332400e+04   3.6563600e+04   6.0610000e+03
   4.6033000e+03   3.8670100e+04   6.0610000e+03
   1.3878900e+04   3.8740900e+04   6.0610000e+03
   1.7563700e+04   3.9079600e+04   6.0610000e+03
   1.7993400e+04   5.1802000e+03   6.1620000e+03
   5.7585000e+03   6.5343000e+03   6.1620000e+03
   9.7160000e+02   8.5361000e+03   6.1620000e+03
   2.7390100e+04   1.1306800e+04   6.1620000e+03
   8.4502000e+03   1.2507900e+04   6.1620000e+03
   6.1497000e+03   1.7798100e+04   6.1620000e+03
   3.1300800e+04   1.9498400e+04   6.1620000e+03
   2.1296000e+04   2.0133500e+04   6.1620000e+03
   2.5346400e+04   2.6869000e+04   6.1620000e+03
   3.1621800e+04   3.0302900e+04   6.1620000e+03
   2.6690300e+04   3.1518500e+04   6.1620000e+03
   7.4873000e+03   3.3934200e+04   6.1620000e+03
   9.8535000e+03   3.5223500e+04   6.1620000e+03
   3.4332800e+04   3.6565400e+04   6.1620000e+03
   4.6015000e+03   3.8676500e+04   6.1620000e+03
   1.3877700e+04   3.8742100e+04   6.1620000e+03
   1.7565500e+04   3.9078700e+04   6.1620000e+03
   1.7987200e+04   5.1848000e+03   6.2630000e+03
   5.7509000e+03   6.5209000e+03   6.2630000e+03
   9.7420000e+02   8.5357000e+03   6.2630000e+03
   2.7394800e+04   1.1307800e+04   6.2630000e+03
   8.4630000e+03   1.2507000e+04   6.2630000e+03
   6.1475000e+03   1.7798400e+04   6.2630000e+03
   3.1303100e+04   1.9501200e+04   6.2630000e+03
   2.1293700e+04   2.0135300e+04   6.2630000e+03
   2.5352900e+04   2.6872000e+04   6.2630000e+03
   3.1627800e+04   3.0308700e+04   6.2630000e+03
   2.6691700e+04   3.1516100e+04   6.2630000e+03
   7.4873000e+03   3.3933300e+04   6.2630000e+03
   9.8436000e+03   3.5227500e+04   6.2630000e+03
   3.4336500e+04   3.6560600e+04   6.2630000e+03
   4.5968000e+03   3.8672100e+04   6.2630000e+03
   1.3872600e+04   3.8743400e+04   6.2630000e+03
   1.7563500e+04   3.9081100e+04   6.2630000e+03
   1.7986500e+04   5.1839000e+03   6.3640000e+03
   5.7568000e+03   6.5281000e+03   6.3640000e+03
   9.8240000e+02   8.5392000e+03   6.3640000e+03
   2.7391000e+04   1.1310800e+04   6.3640000e+03
   8.4606000e+03   1.2503900e+04   6.3640000e+03
   6.1470000e+03   1.7797300e+04   6.3640000e+03
   3.1300300e+04   1.9501600e+04   6.3640000e+03
   2.1297000e+04   2.0128400e+04   6.3640000e+03
   2.5351300e+04   2.6867600e+04   6.3640000e+03
   3.1621700e+04   3.0299800e+04   6.3640000e+03
   2.6691700e+04   3.1524900e+04   6.3640000e+03
   7.4839000e+03   3.3933800e+04   6.3640000e+03
   9.8435000e+03   3.5223300e+04   6.3640000e+03
   3.4332700e+04   3.6567100e+04   6.3640000e+03
   4.6026000e+03   3.8668900e+04   6.3640000e+03
   1.3872500e+04   3.8747900e+04   6.3640000e+03
   1.7565800e+04   3.9079600e+04   6.3640000e+03
   1.7985100e+04   5.1845000e+03   6.4650000e+03
   5.7627000e+03   6.5233000e+03   6.4650000e+03
   9.7760000e+02   8.5388000e+03   6.4650000e+03
   2.7393400e+04   1.1307100e+04   6.4650000e+03
   8.4583000e+03   1.2502300e+04   6.4650000e+03
   6.1539000e+03   1.7798600e+04   6.4650000e+03
   3.1299700e+04   1.9501900e+04   6.4650000e+03
   2.1294400e+04   2.0131300e+04   6.4650000e+03
   2.5347200e+04   2.6865000e+04   6.4650000e+03
   3.1621700e+04   3.0306100e+04   6.4650000e+03
   2.6690300e+04   3.1523100e+04   6.4650000e+03
   7.4862000e+03   3.3931600e+04   6.4650000e+03
   9.8385000e+03   3.5230900e+04   6.4650000e+03
   3.4337800e+04   3.6562900e+04   6.4650000e+03
   4.6040000e+03   3.8679000e+04   6.4650000e+03
   1.3873700e+04   3.8745000e+04   6.4650000e+03
   1.7562300e+04   3.9074600e+04   6.4650000e+03
   1.7992500e+04   5.1810000e+03   6.5660000e+03
   5.7593000e+03   6.5286000e+03   6.5660000e+03
   9.8020000e+02   8.5387000e+03   6.5660000e+03
   2.7391200e+04   1.1299600e+04   6.5660000e+03
   8.4538000e+03   1.2513200e+04   6.5660000e+03
   6.1441000e+03   1.7803600e+04   6.5660000e+03
   3.1297900e+04   1.9501800e+04   6.5660000e+03
   2.1296700e+04   2.0136200e+04   6.5660000e+03
   2.5349600e+04   2.6870800e+04   6.5660000e+03
   3.1622100e+04   3.0306200e+04   6.5660000e+03
   2.6694800e+04   3.1519400e+04   6.5660000e+03
   7.4871000e+03   3.3932200e+04   6.5660000e+03
   9.8473000e+03   3.5217700e+04   6.5660000e+03
   3.4328800e+04   3.6566900e+04   6.5660000e+03
   4.6022000e+03   3.8669100e+04   6.5660000e+03
   1.3873600e+04   3.8744700e+04   6.5660000e+03
   1.7565900e+04   3.9076300e+04   6.5660000e+03
   1.7989300e+04   5.1848000e+03   6.6670000e+03
   5.7576000e+03   6.5295000e+03   6.6670000e+03
   9.7170000e+02   8.5326000e+03   6.6670000e+03
   2.7393200e+04   1.1305400e+04   6.6670000e+03
   8.4569000e+03   1.2503200e+04   6.6670000e+03
   6.1504000e+03   1.7794800e+04   6.6670000e+03
   3.1298400e+04   1.9502400e+04   6.6670000e+03
   2.1296900e+04   2.0131500e+04   6.6670000e+03
   2.5347400e+04   2.6867200e+04   6.6670000e+03
   3.1624500e+04   3.0304100e+04   6.6670000e+03
   2.6694300e+04   3.1524700e+04   6.6670000e+03
   7.4845000e+03   3.3933100e+04   6.6670000e+03
   9.8403000e+03   3.5230200e+04   6.6670000e+03
   3.4331500e+04   3.6567100e+04   6.6670000e+03
   4.6089000e+03   3.8668100e+04   6.6670000e+03
   1.3879100e+04   3.8746400e+04   6.6670000e+03
   1.7562200e+04   3.9081000e+04   6.6670000e+03
   1.7984200e+04   5.1829000e+03   6.7680000e+03
   5.7614000e+03   6.5298000e+03   6.7680000e+03
   9.7260000e+02   8.5305000e+03   6.7680000e+03
   2.7393300e+04   1.1309400e+04   6.7680000e+03
   8.4563000e+03   1.2499900e+04   6.7680000e+03
   6.1521000e+03   1.7797100e+04   6.7680000e+03
   3.1301600e+04   1.9497900e+04   6.7680000e+03
   2.1291400e+04   2.0131200e+04   6.7680000e+03
   2.5347400e+04   2.6868600e+04   6.7680000e+03
   3.1623400e+04   3.0302400e+04   6.7680000e+03
   2.6698700e+04   3.1523700e+04   6.7680000e+03
   7.4849000e+03   3.3933800e+04   6.7680000e+03
   9.8450000e+03   3.5234400e+04   6.7680000e+03
   3.4333500e+04   3.6565500e+04   6.7680000e+03
   4.6097000e+03   3.8677100e+04   6.7680000e+03
   1.3872500e+04   3.8746400e+04   6.7680000e+03
   1.7559100e+04   3.9075600e+04   6.7680000e+03
   1.7987200e+04   5.1844000e+03   6.8690000e+03
   5.7554000e+03   6.5334000e+03   6.8690000e+03
   9.7550000e+02   8.5241000e+03   6.8690000e+03
   2.7394600e+04   1.1307500e+04   6.8690000e+03
   8.4532000e+03   1.2501200e+04   6.8690000e+03
   6.1482000e+03   1.7789700e+04   6.8690000e+03
   3.1301600e+04   1.9504700e+04   6.8690000e+03
   2.1292800e+04   2.0134300e+04   6.8690000e+03
   2.5349700e+04   2.6868000e+04   6.8690000e+03
   3.1622900e+04   3.0307300e+04   6.8690000e+03
   2.6695300e+04   3.1524200e+04   6.8690000e+03
   7.4840000e+03   3.3931900e+04   6.8690000e+03
   9.8509000e+03   3.5229100e+04   6.8690000e+03
   3.4336000e+04   3.6567500e+04   6.8690000e+03
   4.6039000e+03   3.8675800e+04   6.8690000e+03
   1.3869900e+04   3.8746600e+04   6.8690000e+03
   1.7566000e+04   3.9076200e+04   6.8690000e+03
   1.7991700e+04   5.1786000e+03   6.9700000e+03
   5.7543000e+03   6.5337000e+03   6.9700000e+03
   9.7250000e+02   8.5417000e+03   6.9700000e+03
   2.7391600e+04   1.1305200e+04   6.9700000e+03
   8.4560000e+03   1.2503800e+04   6.9700000e+03
   6.1470000e+03   1.7802600e+04   6.9700000e+03
   3.1300500e+04   1.9501500e+04   6.9700000e+03
   2.1295900e+04   2.0135500e+04   6.9700000e+03
   2.5350500e+04   2.6867900e+04   6.9700000e+03
   3.1620200e+04   3.0304000e+04   6.9700000e+03
   2.6698300e+04   3.1521100e+04   6.9700000e+03
   7.4848000e+03   3.3932300e+04   6.9700000e+03
   9.8372000e+03   3.5215700e+04   6.9700000e+03
   3.4339100e+04   3.6564800e+04   6.9700000e+03
   4.6056000e+03   3.8673600e+04   6.9700000e+03
   1.3878000e+04   3.8743300e+04   6.9700000e+03
   1.7563800e+04   3.9080700e+04   6.9700000e+03
   1.7987300e+04   5.1825000e+03   7.0710000e+03
   5.7537000e+03   6.5414000e+03   7.0710000e+03
   9.8510000e+02   8.5316000e+03   7.0710000e+03
   2.7390100e+04   1.1300600e+04   7.0710000e+03
   8.4526000e+03   1.2504700e+04   7.0710000e+03
   6.1475000e+03   1.7796600e+04   7.0710000e+03
   3.1296100e+04   1.9505900e+04   7.0710000e+03
   2.1293000e+04   2.0132500e+04   7.0710000e+03
   2.5347100e+04   2.6866100e+04   7.0710000e+03
   3.1623900e+04   3.0305600e+04   7.0710000e+03
   2.6699100e+04   3.1522000e+04   7.0710000e+03
   7.4881000e+03   3.3934300e+04   7.0710000e+03
   9.8510000e+03   3.5226500e+04   7.0710000e+03
   3.4334400e+04   3.6563100e+04   7.0710000e+03
   4.6002000e+03   3.8667200e+04   7.0710000e+03
   1.3874200e+04   3.8745400e+04   7.0710000e+03
   1.7563500e+04   3.9079900e+04   7.0710000e+03
   1.7986600e+04   5.1773000e+03   7.1720000e+03
   5.7588000e+03   6.5268000e+03   7.1720000e+03
   9.7810000e+02   8.5357000e+03   7.1720000e+03
   2.7394500e+04   1.1307800e+04   7.1720000e+03
   8.4527000e+03   1.2509000e+04   7.1720000e+03
   6.1443000e+03   1.7802800e+04   7.1720000e+03
   3.1300800e+04   1.9498800e+04   7.1720000e+03
   2.1298800e+04   2.0133900e+04   7.1720000e+03
   2.5351900e+04   2.6867900e+04   7.1720000e+03
   3.1622900e+04   3.0305300e+04   7.1720000e+03
   2.6697000e+04   3.1519300e+04   7.1720000e+03
   7.4851000e+03   3.3933400e+04   7.1720000e+03
   9.8419000e+03   3.5230800e+04   7.1720000e+03
   3.4334300e+04   3.6564700e+04   7.1720000e+03
   4.6017000e+03   3.8672400e+04   7.1720000e+03
   1.3870800e+04   3.8743000e+04   7.1720000e+03
   1.7566800e+04   3.9077000e+04   7.1720000e+03
   1.7984000e+04   5.1843000e+03   7.2730000e+03
   5.7642000e+03   6.5339000e+03   7.2730000e+03
   9.7260000e+02   8.5354000e+03   7.2730000e+03
   2.7394700e+04   1.1304900e+04   7.2730000e+03
   8.4522000e+03   1.2511200e+04   7.2730000e+03
   6.1557000e+03   1.7798400e+04   7.2730000e+03
   3.1298400e+04   1.9499000e+04   7.2730000e+03
   2.1297900e+04   2.0130500e+04   7.2730000e+03
   2.5349700e+04   2.6864000e+04   7.2730000e+03
   3.1621600e+04   3.0305300e+04   7.2730000e+03
   2.6692400e+04   3.1525200e+04   7.2730000e+03
   7.4865000e+03   3.3932900e+04   7.2730000e+03
   9.8497000e+03   3.5227700e+04   7.2730000e+03
   3.4326800e+04   3.6563200e+04   7.2730000e+03
   4.6005000e+03   3.8668700e+04   7.2730000e+03
   1.3875000e+04   3.8744300e+04   7.2730000e+03
   1.7565300e+04   3.9077300e+04   7.2730000e+03
   1.7988400e+04   5.1825000e+03   7.3740000e+03
   5.7568000e+03   6.5261000e+03   7.3740000e+03
   9.7570000e+02   8.5343000e+03   7.3740000e+03
   2.7394700e+04   1.1310800e+04   7.3740000e+03
   8.4566000e+03   1.2506000e+04   7.3740000e+03
   6.1493000e+03   1.7800900e+04   7.3740000e+03
   3.1300400e+04   1.9501300e+04   7.3740000e+03
   2.1297600e+04   2.0130900e+04   7.3740000e+03
   2.5346800e+04   2.6871200e+04   7.3740000e+03
   3.1625000e+04   3.0300800e+04   7.3740000e+03
   2.6696700e+04   3.1521500e+04   7.3740000e+03
   7.4832000e+03   3.3935700e+04   7.3740000e+03
   9.8503000e+03   3.5224600e+04   7.3740000e+03
   3.4327700e+04   3.6569000e+04   7.3740000e+03
   4.6028000e+03   3.8672200e+04   7.3740000e+03
   1.3872200e+04   3.8742500e+04   7.3740000e+03
   1.7562700e+04   3.9075900e+04   7.3740000e+03
   1.7990000e+04   5.1828000e+03   7.4750000e+03
   5.7578000e+03   6.5245000e+03   7.4750000e+03
   9.7590000e+02   8.5347000e+03   7.4750000e+03
   2.7392400e+04   1.1306200e+04   7.4750000e+03
   8.4609000e+03   1.2510500e+04   7.4750000e+03
   6.1406000e+03   1.7791500e+04   7.4750000e+03
   3.1300600e+04   1.9500500e+04   7.4750000e+03
   2.1294800e+04   2.0134400e+04   7.4750000e+03
   2.5347100e+04   2.6868100e+04   7.4750000e+03
   3.1621000e+04   3.0306000e+04   7.4750000e+03
   2.6694800e+04   3.1524400e+04   7.4750000e+03
   7.4892000e+03   3.3936500e+04   7.4750000e+03
   9.8482000e+03   3.5227200e+04   7.4750000e+03
   3.4336700e+04   3.6568100e+04   7.4750000e+03
   4.6055000e+03   3.8671100e+04   7.4750000e+03
   1.3872000e+04   3.8742800e+04   7.4750000e+03
   1.7559400e+04   3.9076700e+04   7.4750000e+03
   1.7986600e+04   5.1758000e+03   7.5760000e+03
   5.7514000e+03   6.5318000e+03   7.5760000e+03
   9.7870000e+02   8.5361000e+03   7.5760000e+03
   2.7391200e+04   1.1307600e+04   7.5760000e+03
   8.4578000e+03   1.2506900e+04   7.5760000e+03
   6.1491000e+03   1.7794600e+04   7.5760000e+03
   3.1299400e+04   1.9501700e+04   7.5760000e+03
   2.1296400e+04   2.0131700e+04   7.5760000e+03
   2.5351800e+04   2.6870500e+04   7.5760000e+03
   3.1624900e+04   3.0303500e+04   7.5760000e+03
   2.6699300e+04   3.1525000e+04   7.5760000e+03
   7.4855000e+03   3.3935600e+04   7.5760000e+03
   9.8485000e+03   3.5230600e+04   7.5760000e+03
   3.4325800e+04   3.6566600e+04   7.5760000e+03
   4.6003000e+03   3.8670900e+04   7.5760000e+03
   1.3878000e+04   3.8739300e+04   7.5760000e+03
   1.7562100e+04   3.9077800e+04   7.5760000e+03
   1.7989400e+04   5.1804000e+03   7.6770000e+03
   5.7601000e+03   6.5278000e+03   7.6770000e+03
   9.7810000e+02   8.5371000e+03   7.6770000e+03
   2.7395700e+04   1.1301200e+04   7.6770000e+03
   8.4556000e+03   1.2501200e+04   7.6770000e+03
   6.1417000e+03   1.7796000e+04   7.6770000e+03
   3.1301000e+04   1.9502200e+04   7.6770000e+03
   2.1296300e+04   2.0136300e+04   7.6770000e+03
   2.5344200e+04   2.6868500e+04   7.6770000e+03
   3.1622100e+04   3.0305600e+04   7.6770000e+03
   2.6691100e+04   3.1522100e+04   7.6770000e+03
   7.4830000e+03   3.3936400e+04   7.6770000e+03
   9.8525000e+03   3.5226700e+04   7.6770000e+03
   3.4332600e+04   3.6566000e+04   7.6770000e+03
   4.6046000e+03   3.8672700e+04   7.6770000e+03
   1.3877300e+04   3.8744200e+04   7.6770000e+03
   1.7561700e+04   3.9081600e+04   7.6770000e+03
   1.7990700e+04   5.1827000e+03   7.7780000e+03
   5.7533000e+03   6.5293000e+03   7.7780000e+03
   9.6710000e+02   8.5334000e+03   7.7780000e+03
   2.7392500e+04   1.1306200e+04   7.7780000e+03
   8.4552000e+03   1.2508900e+04   7.7780000e+03
   6.1462000e+03   1.7801000e+04   7.7780000e+03
   3.1297600e+04   1.9500000e+04   7.7780000e+03
   2.1296000e+04   2.0135000e+04   7.7780000e+03
   2.5350700e+04   2.6871100e+04   7.7780000e+03
   3.1626000e+04   3.0304100e+04   7.7780000e+03
   2.6692700e+04   3.1525100e+04   7.7780000e+03
   7.4860000e+03   3.3932100e+04   7.7780000e+03
   9.8436000e+03   3.5223800e+04   7.7780000e+03
   3.4339000e+04   3.6567900e+04   7.7780000e+03
   4.6083000e+03   3.8668400e+04   7.7780000e+03
   1.3876300e+04   3.8743200e+04   7.7780000e+03
   1.7565600e+04   3.9074000e+04   7.7780000e+03
   1.7988500e+04   5.1830000e+03   7.8790000e+03
   5.7579000e+03   6.5326000e+03   7.8790000e+03
   9.7340000e+02   8.5346000e+03   7.8790000e+03
   2.7392700e+04   1.1306900e+04   7.8790000e+03
   8.4604000e+03   1.2506600e+04   7.8790000e+03
   6.1443000e+03   1.7792100e+04   7.8790000e+03
   3.1296700e+04   1.9503500e+04   7.8790000e+03
   2.1298400e+04   2.0133600e+04   7.8790000e+03
   2.5351700e+04   2.6870600e+04   7.8790000e+03
   3.1625300e+04   3.0301700e+04   7.8790000e+03
   2.6692800e+04   3.1521800e+04   7.8790000e+03
   7.4860000e+03   3.3933800e+04   7.8790000e+03
   9.8431000e+03   3.5223900e+04   7.8790000e+03
   3.4332500e+04   3.6567900e+04   7.8790000e+03
   4.6108000e+03   3.8668700e+04   7.8790000e+03
   1.3868900e+04   3.8747400e+04   7.8790000e+03
   1.7563700e+04   3.9077200e+04   7.8790000e+03
   1.7988300e+04   5.1815000e+03   7.9800000e+03
   5.7577000e+03   6.5273000e+03   7.9800000e+03
   9.7290000e+02   8.5397000e+03   7.9800000e+03
   2.7392300e+04   1.1309700e+04   7.9800000e+03
   8.4543000e+03   1.2509200e+04   7.9800000e+03
   6.1512000e+03   1.7796100e+04   7.9800000e+03
   3.1298900e+04   1.9499200e+04   7.9800000e+03
   2.1293200e+04   2.0130400e+04   7.9800000e+03
   2.5347900e+04   2.6868500e+04   7.9800000e+03
   3.1623400e+04   3.0304100e+04   7.9800000e+03
   2.6693200e+04   3.1522300e+04   7.9800000e+03
   7.4875000e+03   3.3933800e+04   7.9800000e+03
   9.8480000e+03   3.5217600e+04   7.9800000e+03
   3.4334300e+04   3.6568600e+04   7.9800000e+03
   4.6082000e+03   3.8671000e+04   7.9800000e+03
   1.3873200e+04   3.8744300e+04   7.9800000e+03
   1.7562700e+04   3.9082500e+04   7.9800000e+03
   1.7989300e+04   5.1805000e+03   8.0810000e+03
   5.7572000e+03   6.5369000e+03   8.0810000e+03
   9.7290000e+02   8.5428000e+03   8.0810000e+03
   2.7392000e+04   1.1310300e+04   8.0810000e+03
   8.4535000e+03   1.2500500e+04   8.0810000e+03
   6.1476000e+03   1.7797000e+04   8.0810000e+03
   3.1299300e+04   1.9500500e+04   8.0810000e+03
   2.1295700e+04   2.0134300e+04   8.0810000e+03
   2.5347800e+04   2.6865200e+04   8.0810000e+03
   3.1620700e+04   3.0300700e+04   8.0810000e+03
   2.6694200e+04   3.1524400e+04   8.0810000e+03
   7.4860000e+03   3.3934100e+04   8.0810000e+03
   9.8522000e+03   3.5225900e+04   8.0810000e+03
   3.4336900e+04   3.6565800e+04   8.0810000e+03
   4.6058000e+03   3.8663200e+04   8.0810000e+03
   1.3873300e+04   3.8744100e+04   8.0810000e+03
   1.7562800e+04   3.9079800e+04   8.0810000e+03
   1.7986400e+04   5.1791000e+03   8.1820000e+03
   5.7467000e+03   6.5329000e+03   8.1820000e+03
   9.7380000e+02   8.5359000e+03   8.1820000e+03
   2.7395800e+04   1.1306700e+04   8.1820000e+03
   8.4537000e+03   1.2502800e+04   8.1820000e+03
   6.1443000e+03   1.7795500e+04   8.1820000e+03
   3.1299100e+04   1.9499700e+04   8.1820000e+03
   2.1296100e+04   2.0129600e+04   8.1820000e+03
   2.5352200e+04   2.6869800e+04   8.1820000e+03
   3.1623400e+04   3.0302000e+04   8.1820000e+03
   2.6695000e+04   3.1523500e+04   8.1820000e+03
   7.4850000e+03   3.3933200e+04   8.1820000e+03
   9.8517000e+03   3.5232000e+04   8.1820000e+03
   3.4335600e+04   3.6569200e+04   8.1820000e+03
   4.6067000e+03   3.8675800e+04   8.1820000e+03
   1.3876900e+04   3.8743100e+04   8.1820000e+03
   1.7564600e+04   3.9075200e+04   8.1820000e+03
   1.7987100e+04   5.1805000e+03   8.2830000e+03
   5.7584000e+03   6.5314000e+03   8.2830000e+03
   9.7260000e+02   8.5360000e+03   8.2830000e+03
   2.7392400e+04   1.1303600e+04   8.2830000e+03
   8.4599000e+03   1.2501900e+04   8.2830000e+03
   6.1460000e+03   1.7798400e+04   8.2830000e+03
   3.1298400e+04   1.9501300e+04   8.2830000e+03
   2.1297200e+04   2.0139500e+04   8.2830000e+03
   2.5350100e+04   2.6869900e+04   8.2830000e+03
   3.1621900e+04   3.0306400e+04   8.2830000e+03
   2.6692800e+04   3.1522000e+04   8.2830000e+03
   7.4869000e+03   3.3934000e+04   8.2830000e+03
   9.8482000e+03   3.5226100e+04   8.2830000e+03
   3.4331400e+04   3.6569500e+04   8.2830000e+03
   4.6056000e+03   3.8665200e+04   8.2830000e+03
   1.3876500e+04   3.8743000e+04   8.2830000e+03
   1.7561700e+04   3.9077300e+04   8.2830000e+03
   1.7986900e+04   5.1820000e+03   8.3840000e+03
   5.7555000e+03   6.5361000e+03   8.3840000e+03
   9.6860000e+02   8.5415000e+03   8.3840000e+03
   2.7393400e+04   1.1307700e+04   8.3840000e+03
   8.4588000e+03   1.2506100e+04   8.3840000e+03
   6.1470000e+03   1.7799600e+04   8.3840000e+03
   3.1303300e+04   1.9499100e+04   8.3840000e+03
   2.1293700e+04   2.0128400e+04   8.3840000e+03
   2.5353400e+04   2.6869200e+04   8.3840000e+03
   3.1620000e+04   3.0303700e+04   8.3840000e+03
   2.6694800e+04   3.1518000e+04   8.3840000e+03
   7.4898000e+03   3.3934400e+04   8.3840000e+03
   9.8508000e+03   3.5220500e+04   8.3840000e+03
   3.4330200e+04   3.6569000e+04   8.3840000e+03
   4.6012000e+03   3.8672600e+04   8.3840000e+03
   1.3874800e+04   3.8743500e+04   8.3840000e+03
   1.7564900e+04   3.9074700e+04   8.3840000e+03
   1.7991800e+04   5.1804000e+03   8.4850000e+03
   5.7608000e+03   6.5301000e+03   8.4850000e+03
   9.7490000e+02   8.5292000e+03   8.4850000e+03
   2.7394000e+04   1.1307000e+04   8.4850000e+03
   8.4584000e+03   1.2507900e+04   8.4850000e+03
   6.1426000e+03   1.7799400e+04   8.4850000e+03
   3.1298200e+04   1.9500900e+04   8.4850000e+03
   2.1297600e+04   2.0134000e+04   8.4850000e+03
   2.5355100e+04   2.6871100e+04   8.4850000e+03
   3.1621400e+04   3.0303000e+04   8.4850000e+03
   2.6692000e+04   3.1522000e+04   8.4850000e+03
   7.4863000e+03   3.3932700e+04   8.4850000e+03
   9.8408000e+03   3.5221000e+04   8.4850000e+03
   3.4329700e+04   3.6566300e+04   8.4850000e+03
   4.6043000e+03   3.8674800e+04   8.4850000e+03
   1.3875000e+04   3.8746500e+04   8.4850000e+03
   1.7564200e+04   3.9079900e+04   8.4850000e+03
   1.7987500e+04   5.1809000e+03   8.5860000e+03
   5.7516000e+03   6.5333000e+03   8.5860000e+03
   9.6760000e+02   8.5299000e+03   8.5860000e+03
   2.7391900e+04   1.1305500e+04   8.5860000e+03
   8.4622000e+03   1.2508400e+04   8.5860000e+03
   6.1482000e+03   1.7793900e+04   8.5860000e+03
   3.1302100e+04   1.9504500e+04   8.5860000e+03
   2.1291400e+04   2.0133700e+04   8.5860000e+03
   2.5351300e+04   2.6869200e+04   8.5860000e+03
   3.1624000e+04   3.0304900e+04   8.5860000e+03
   2.6691900e+04   3.1521500e+04   8.5860000e+03
   7.4892000e+03   3.3935500e+04   8.5860000e+03
   9.8460000e+03   3.5221100e+04   8.5860000e+03
   3.4332900e+04   3.6569700e+04   8.5860000e+03
   4.6075000e+03   3.8669800e+04   8.5860000e+03
   1.3874200e+04   3.8746700e+04   8.5860000e+03
   1.7567600e+04   3.9077600e+04   8.5860000e+03
   1.7991400e+04   5.1759000e+03   8.6870000e+03
   5.7570000e+03   6.5334000e+03   8.6870000e+03
   9.7130000e+02   8.5370000e+03   8.6870000e+03
   2.7394300e+04   1.1309300e+04   8.6870000e+03
   8.4510000e+03   1.2507900e+04   8.6870000e+03
   6.1496000e+03   1.7789800e+04   8.6870000e+03
   3.1299900e+04   1.9501100e+04   8.6870000e+03
   2.1295600e+04   2.0132400e+04   8.6870000e+03
   2.5350900e+04   2.6875200e+04   8.6870000e+03
   3.1624900e+04   3.0302300e+04   8.6870000e+03
   2.6694100e+04   3.1521400e+04   8.6870000e+03
   7.4843000e+03   3.3936700e+04   8.6870000e+03
   9.8468000e+03   3.5224500e+04   8.6870000e+03
   3.4334000e+04   3.6565200e+04   8.6870000e+03
   4.6014000e+03   3.8671600e+04   8.6870000e+03
   1.3874200e+04   3.8745600e+04   8.6870000e+03
   1.7566200e+04   3.9076900e+04   8.6870000e+03
   1.7988800e+04   5.1819000e+03   8.7880000e+03
   5.7610000e+03   6.5292000e+03   8.7880000e+03
   9.7100000e+02   8.5407000e+03   8.7880000e+03
   2.7395000e+04   1.1308300e+04   8.7880000e+03
   8.4591000e+03   1.2509200e+04   8.7880000e+03
   6.1508000e+03   1.7802300e+04   8.7880000e+03
   3.1298600e+04   1.9501800e+04   8.7880000e+03
   2.1295500e+04   2.0135900e+04   8.7880000e+03
   2.5353700e+04   2.6870100e+04   8.7880000e+03
   3.1623400e+04   3.0300900e+04   8.7880000e+03
   2.6691100e+04   3.1518500e+04   8.7880000e+03
   7.4860000e+03   3.3933000e+04   8.7880000e+03
   9.8440000e+03   3.5224300e+04   8.7880000e+03
   3.4332500e+04   3.6564000e+04   8.7880000e+03
   4.6021000e+03   3.8669600e+04   8.7880000e+03
   1.3873500e+04   3.8737400e+04   8.7880000e+03
   1.7560800e+04   3.9078900e+04   8.7880000e+03
   1.7991200e+04   5.1819000e+03   8.8890000e+03
   5.7624000e+03   6.5262000e+03   8.8890000e+03
   9.7470000e+02   8.5306000e+03   8.8890000e+03
   2.7391600e+04   1.1306600e+04   8.8890000e+03
   8.4536000e+03   1.2503300e+04   8.8890000e+03
   6.1500000e+03   1.7795400e+04   8.8890000e+03
   3.1300500e+04   1.9506300e+04   8.8890000e+03
   2.1296500e+04   2.0134800e+04   8.8890000e+03
   2.5348900e+04   2.6869800e+04   8.8890000e+03
   3.1623200e+04   3.0306600e+04   8.8890000e+03
   2.6690000e+04   3.1521300e+04   8.8890000e+03
   7.4820000e+03   3.3936800e+04   8.8890000e+03
   9.8490000e+03   3.5230000e+04   8.8890000e+03
   3.4333100e+04   3.6570100e+04   8.8890000e+03
   4.6031000e+03   3.8666600e+04   8.8890000e+03
   1.3875000e+04   3.8738600e+04   8.8890000e+03
   1.7562000e+04   3.9081100e+04   8.8890000e+03
   1.7992300e+04   5.1809000e+03   8.9900000e+03
   5.7543000e+03   6.5253000e+03   8.9900000e+03
   9.7430000e+02   8.5360000e+03   8.9900000e+03
   2.7387700e+04   1.1312200e+04   8.9900000e+03
   8.4572000e+03   1.2509500e+04   8.9900000e+03
   6.1423000e+03   1.7792700e+04   8.9900000e+03
   3.1303100e+04   1.9504200e+04   8.9900000e+03
   2.1296300e+04   2.0131700e+04   8.9900000e+03
   2.5354700e+04   2.6868100e+04   8.9900000e+03
   3.1623300e+04   3.0303900e+04   8.9900000e+03
   2.6693400e+04   3.1521700e+04   8.9900000e+03
   7.4872000e+03   3.3935100e+04   8.9900000e+03
   9.8494000e+03   3.5220400e+04   8.9900000e+03
   3.4329400e+04   3.6566300e+04   8.9900000e+03
   4.6020000e+03   3.8674200e+04   8.9900000e+03
   1.3874400e+04   3.8741800e+04   8.9900000e+03
   1.7565500e+04   3.9082000e+04   8.9900000e+03
   1.7984500e+04   5.1792000e+03   9.0910000e+03
   5.7517000e+03   6.5325000e+03   9.0910000e+03
   9.7860000e+02   8.5351000e+03   9.0910000e+03
   2.7394400e+04   1.1306700e+04   9.0910000e+03
   8.4595000e+03   1.2504800e+04   9.0910000e+03
   6.1464000e+03   1.7798700e+04   9.0910000e+03
   3.1300100e+04   1.9504500e+04   9.0910000e+03
   2.1298100e+04   2.0132800e+04   9.0910000e+03
   2.5349200e+04   2.6867900e+04   9.0910000e+03
   3.1620300e+04   3.0300800e+04   9.0910000e+03
   2.6692100e+04   3.1525700e+04   9.0910000e+03
   7.4862000e+03   3.3935500e+04   9.0910000e+03
   9.8450000e+03   3.5223900e+04   9.0910000e+03
   3.4335900e+04   3.6562800e+04   9.0910000e+03
   4.6073000e+03   3.8672500e+04   9.0910000e+03
   1.3876600e+04   3.8745300e+04   9.0910000e+03
   1.7561200e+04   3.9077400e+04   9.0910000e+03
   1.7986000e+04   5.1796000e+03   9.1920000e+03
   5.7591000e+03   6.5356000e+03   9.1920000e+03
   9.7920000e+02   8.5393000e+03   9.1920000e+03
   2.7388900e+04   1.1308900e+04   9.1920000e+03
   8.4536000e+03   1.2508600e+04   9.1920000e+03
   6.1518000e+03   1.7788300e+04   9.1920000e+03
   3.1296600e+04   1.9501200e+04   9.1920000e+03
   2.1298200e+04   2.0132300e+04   9.1920000e+03
   2.5347000e+04   2.6864600e+04   9.1920000e+03
   3.1625200e+04   3.0302800e+04   9.1920000e+03
   2.6693000e+04   3.1520600e+04   9.1920000e+03
   7.4887000e+03   3.3933600e+04   9.1920000e+03
   9.8381000e+03   3.5221100e+04   9.1920000e+03
   3.4333800e+04   3.6568400e+04   9.1920000e+03
   4.6034000e+03   3.8672000e+04   9.1920000e+03
   1.3878200e+04   3.8745900e+04   9.1920000e+03
   1.7566300e+04   3.9083300e+04   9.1920000e+03
   1.7989900e+04   5.1809000e+03   9.2930000e+03
   5.7549000e+03   6.5298000e+03   9.2930000e+03
   9.7470000e+02   8.5332000e+03   9.2930000e+03
   2.7392400e+04   1.1302000e+04   9.2930000e+03
   8.4535000e+03   1.2506300e+04   9.2930000e+03
   6.1453000e+03   1.7799400e+04   9.2930000e+03
   3.1302000e+04   1.9505900e+04   9.2930000e+03
   2.1294400e+04   2.0130900e+04   9.2930000e+03
   2.5356000e+04   2.6869700e+04   9.2930000e+03
   3.1622200e+04   3.0300400e+04   9.2930000e+03
   2.6696200e+04   3.1519900e+04   9.2930000e+03
   7.4879000e+03   3.3935500e+04   9.2930000e+03
   9.8436000e+03   3.5228100e+04   9.2930000e+03
   3.4333300e+04   3.6566500e+04   9.2930000e+03
   4.6027000e+03   3.8677100e+04   9.2930000e+03
   1.3875400e+04   3.8740800e+04   9.2930000e+03
   1.7562600e+04   3.9079700e+04   9.2930000e+03
   1.7988000e+04   5.1797000e+03   9.3940000e+03
   5.7541000e+03   6.5193000e+03   9.3940000e+03
   9.8010000e+02   8.5387000e+03   9.3940000e+03
   2.7392300e+04   1.1304000e+04   9.3940000e+03
   8.4568000e+03   1.2507000e+04   9.3940000e+03
   6.1392000e+03   1.7798500e+04   9.3940000e+03
   3.1298500e+04   1.9500000e+04   9.3940000e+03
   2.1295600e+04   2.0135700e+04   9.3940000e+03
   2.5347100e+04   2.6873700e+04   9.3940000e+03
   3.1623800e+04   3.0302800e+04   9.3940000e+03
   2.6698400e+04   3.1523900e+04   9.3940000e+03
   7.4878000e+03   3.3936600e+04   9.3940000e+03
   9.8443000e+03   3.5220700e+04   9.3940000e+03
   3.4339200e+04   3.6565700e+04   9.3940000e+03
   4.6050000e+03   3.8673900e+04   9.3940000e+03
   1.3874500e+04   3.8748800e+04   9.3940000e+03
   1.7562300e+04   3.9077100e+04   9.3940000e+03
   1.7987400e+04   5.1813000e+03   9.4950000e+03
   5.7511000e+03   6.5297000e+03   9.4950000e+03
   9.7920000e+02   8.5363000e+03   9.4950000e+03
   2.7393100e+04   1.1305100e+04   9.4950000e+03
   8.4569000e+03   1.2503100e+04   9.4950000e+03
   6.1470000e+03   1.7793100e+04   9.4950000e+03
   3.1294300e+04   1.9501600e+04   9.4950000e+03
   2.1294600e+04   2.0131400e+04   9.4950000e+03
   2.5352100e+04   2.6871100e+04   9.4950000e+03
   3.1626800e+04   3.0305400e+04   9.4950000e+03
   2.6695700e+04   3.1523700e+04   9.4950000e+03
   7.4864000e+03   3.3934100e+04   9.4950000e+03
   9.8488000e+03   3.5236600e+04   9.4950000e+03
   3.4336200e+04   3.6565300e+04   9.4950000e+03
   4.5997000e+03   3.8670600e+04   9.4950000e+03
   1.3873600e+04   3.8741800e+04   9.4950000e+03
   1.7564200e+04   3.9075900e+04   9.4950000e+03
   1.7992200e+04   5.1804000e+03   9.5960000e+03
   5.7535000e+03   6.5279000e+03   9.5960000e+03
   9.8020000e+02   8.5333000e+03   9.5960000e+03
   2.7396800e+04   1.1307500e+04   9.5960000e+03
   8.4542000e+03   1.2510500e+04   9.5960000e+03
   6.1522000e+03   1.7794500e+04   9.5960000e+03
   3.1298400e+04   1.9505300e+04   9.5960000e+03
   2.1292800e+04   2.0132800e+04   9.5960000e+03
   2.5350000e+04   2.6874200e+04   9.5960000e+03
   3.1625800e+04   3.0302200e+04   9.5960000e+03
   2.6693800e+04   3.1519300e+04   9.5960000e+03
   7.4848000e+03   3.3936300e+04   9.5960000e+03
   9.8444000e+03   3.5218300e+04   9.5960000e+03
   3.4331000e+04   3.6567600e+04   9.5960000e+03
   4.6036000e+03   3.8674700e+04   9.5960000e+03
   1.3873600e+04   3.8740400e+04   9.5960000e+03
   1.7559700e+04   3.9080900e+04   9.5960000e+03
   1.7984200e+04   5.1810000e+03   9.6970000e+03
   5.7578000e+03   6.5364000e+03   9.6970000e+03
   9.7990000e+02   8.5394000e+03   9.6970000e+03
   2.7392300e+04   1.1302900e+04   9.6970000e+03
   8.4576000e+03   1.2507200e+04   9.6970000e+03
   6.1482000e+03   1.7798500e+04   9.6970000e+03
   3.1300200e+04   1.9502000e+04   9.6970000e+03
   2.1293900e+04   2.0132200e+04   9.6970000e+03
   2.5348100e+04   2.6872400e+04   9.6970000e+03
   3.1623900e+04   3.0302900e+04   9.6970000e+03
   2.6695800e+04   3.1522900e+04   9.6970000e+03
   7.4861000e+03   3.3929900e+04   9.6970000e+03
   9.8442000e+03   3.5223900e+04   9.6970000e+03
   3.4334000e+04   3.6564000e+04   9.6970000e+03
   4.6064000e+03   3.8670100e+04   9.6970000e+03
   1.3872900e+04   3.8742500e+04   9.6970000e+03
   1.7561600e+04   3.9077700e+04   9.6970000e+03
   1.7985200e+04   5.1832000e+03   9.7980000e+03
   5.7523000e+03   6.5312000e+03   9.7980000e+03
   9.7600000e+02   8.5310000e+03   9.7980000e+03
   2.7393800e+04   1.1308000e+04   9.7980000e+03
   8.4608000e+03   1.2507000e+04   9.7980000e+03
   6.1487000e+03   1.7793700e+04   9.7980000e+03
   3.1299600e+04   1.9501900e+04   9.7980000e+03
   2.1299600e+04   2.0133300e+04   9.7980000e+03
   2.5351000e+04   2.6870500e+04   9.7980000e+03
   3.1625700e+04   3.0300600e+04   9.7980000e+03
   2.6693800e+04   3.1519500e+04   9.7980000e+03
   7.4850000e+03   3.3932600e+04   9.7980000e+03
   9.8454000e+03   3.5230500e+04   9.7980000e+03
   3.4335100e+04   3.6565600e+04   9.7980000e+03
   4.6004000e+03   3.8672000e+04   9.7980000e+03
   1.3873000e+04   3.8747000e+04   9.7980000e+03
   1.7561800e+04   3.9078500e+04   9.7980000e+03
   1.7984600e+04   5.1852000e+03   9.8990000e+03
   5.7579000e+03   6.5249000e+03   9.8990000e+03
   9.8260000e+02   8.5392000e+03   9.8990000e+03
   2.7390800e+04   1.1306800e+04   9.8990000e+03
   8.4575000e+03   1.2502800e+04   9.8990000e+03
   6.1500000e+03   1.7796500e+04   9.8990000e+03
   3.1298500e+04   1.9500600e+04   9.8990000e+03
   2.1296300e+04   2.0127900e+04   9.8990000e+03
   2.5352500e+04   2.6868800e+04   9.8990000e+03
   3.1618700e+04   3.0304600e+04   9.8990000e+03
   2.6692600e+04   3.1524200e+04   9.8990000e+03
   7.4883000e+03   3.3935200e+04   9.8990000e+03
   9.8476000e+03   3.5219600e+04   9.8990000e+03
   3.4336700e+04   3.6567200e+04   9.8990000e+03
   4.5986000e+03   3.8669700e+04   9.8990000e+03
   1.3870800e+04   3.8744000e+04   9.8990000e+03
   1.7563000e+04   3.9089000e+04   9.8990000e+03
   1.7987400e+04   5.1797000e+03   1.0000000e+04
   5.7603000e+03   6.5320000e+03   1.0000000e+04
   9.7890000e+02   8.5341000e+03   1.0000000e+04
   2.7395100e+04   1.1309400e+04   1.0000000e+04
   8.4533000e+03   1.2510500e+04   1.0000000e+04
   6.1536000e+03   1.7791300e+04   1.0000000e+04
   3.1294300e+04   1.9500000e+04   1.0000000e+04
   2.1290800e+04   2.0135100e+04   1.0000000e+04
   2.5346900e+04   2.6864500e+04   1.0000000e+04
   3.1624300e+04   3.0307600e+04   1.0000000e+04
   2.6695300e+04   3.1519700e+04   1.0000000e+04
   7.4837000e+03   3.3934500e+04   1.0000000e+04
   9.8506000e+03   3.5221100e+04   1.0000000e+04
   3.4336000e+04   3.6569800e+04   1.0000000e+04
   4.5974000e+03   3.8673700e+04   1.0000000e+04
   1.3876300e+04   3.8743300e+04   1.0000000e+04
   1.7562700e+04   3.9079800e+04   1.0000000e+04
   1.7985500e+04   5.1812000e+03   1.0101000e+04
   5.7579000e+03   6.5226000e+03   1.0101000e+04
   9.8050000e+02   8.5306000e+03   1.0101000e+04
   2.7395900e+04   1.1309000e+04   1.0101000e+04
   8.4564000e+03   1.2507000e+04   1.0101000e+04
   6.1468000e+03   1.7797300e+04   1.0101000e+04
   3.1298400e+04   1.9504800e+04   1.0101000e+04
   2.1296900e+04   2.0136100e+04   1.0101000e+04
   2.5349800e+04   2.6873500e+04   1.0101000e+04
   3.1619100e+04   3.0304800e+04   1.0101000e+04
   2.6689500e+04   3.1521100e+04   1.0101000e+04
   7.4876000e+03   3.3933700e+04   1.0101000e+04
   9.8479000e+03   3.5218800e+04   1.0101000e+04
   3.4337100e+04   3.6566800e+04   1.0101000e+04
   4.6026000e+03   3.8675700e+04   1.0101000e+04
   1.3872800e+04   3.8742500e+04   1.0101000e+04
   1.7562300e+04   3.9080400e+04   1.0101000e+04
   1.7991100e+04   5.1791000e+03   1.0202000e+04
   5.7543000e+03   6.5281000e+03   1.0202000e+04
   9.7480000e+02   8.5350000e+03   1.0202000e+04
   2.7393600e+04   1.1307400e+04   1.0202000e+04
   8.4608000e+03   1.2504100e+04   1.0202000e+04
   6.1454000e+03   1.7798600e+04   1.0202000e+04
   3.1297300e+04   1.9503200e+04   1.0202000e+04
   2.1291500e+04   2.0133000e+04   1.0202000e+04
   2.5350700e+04   2.6872400e+04   1.0202000e+04
   3.1623900e+04   3.0298900e+04   1.0202000e+04
   2.6697200e+04   3.1521500e+04   1.0202000e+04
   7.4887000e+03   3.3936400e+04   1.0202000e+04
   9.8423000e+03   3.5225200e+04   1.0202000e+04
   3.4334000e+04   3.6565900e+04   1.0202000e+04
   4.6027000e+03   3.8676900e+04   1.0202000e+04
   1.3872900e+04   3.8740800e+04   1.0202000e+04
   1.7565800e+04   3.9079500e+04   1.0202000e+04
   1.7989200e+04   5.1821000e+03   1.0303000e+04
   5.7522000e+03   6.5261000e+03   1.0303000e+04
   9.7690000e+02   8.5305000e+03   1.0303000e+04
   2.7394500e+04   1.1304600e+04   1.0303000e+04
   8.4575000e+03   1.2513300e+04   1.0303000e+04
   6.1504000e+03   1.7794300e+04   1.0303000e+04
   3.1297400e+04   1.9507900e+04   1.0303000e+04
   2.1298200e+04   2.0131800e+04   1.0303000e+04
   2.5352600e+04   2.6869700e+04   1.0303000e+04
   3.1624600e+04   3.0307600e+04   1.0303000e+04
   2.6689800e+04   3.1520200e+04   1.0303000e+04
   7.4863000e+03   3.3935800e+04   1.0303000e+04
   9.8454000e+03   3.5222200e+04   1.0303000e+04
   3.4336900e+04   3.6569400e+04   1.0303000e+04
   4.5958000e+03   3.8671800e+04   1.0303000e+04
   1.3877100e+04   3.8742200e+04   1.0303000e+04
   1.7562300e+04   3.9076600e+04   1.0303000e+04
   1.7986100e+04   5.1789000e+03   1.0404000e+04
   5.7582000e+03   6.5272000e+03   1.0404000e+04
   9.7910000e+02   8.5317000e+03   1.0404000e+04
   2.7393900e+04   1.1306600e+04   1.0404000e+04
   8.4631000e+03   1.2505300e+04   1.0404000e+04
   6.1499000e+03   1.7794300e+04   1.0404000e+04
   3.1299700e+04   1.9503800e+04   1.0404000e+04
   2.1294200e+04   2.0130900e+04   1.0404000e+04
   2.5355000e+04   2.6869700e+04   1.0404000e+04
   3.1621400e+04   3.0308700e+04   1.0404000e+04
   2.6689100e+04   3.1519900e+04   1.0404000e+04
   7.4877000e+03   3.3937700e+04   1.0404000e+04
   9.8445000e+03   3.5224100e+04   1.0404000e+04
   3.4332900e+04   3.6570700e+04   1.0404000e+04
   4.5989000e+03   3.8675900e+04   1.0404000e+04
   1.3872300e+04   3.8744000e+04   1.0404000e+04
   1.7561100e+04   3.9076900e+04   1.0404000e+04
   1.7988400e+04   5.1767000e+03   1.0505000e+04
   5.7505000e+03   6.5303000e+03   1.0505000e+04
   9.7750000e+02   8.5354000e+03   1.0505000e+04
   2.7394300e+04   1.1306400e+04   1.0505000e+04
   8.4608000e+03   1.2503100e+04   1.0505000e+04
   6.1472000e+03   1.7799100e+04   1.0505000e+04
   3.1298600e+04   1.9504300e+04   1.0505000e+04
   2.1296200e+04   2.0134600e+04   1.0505000e+04
   2.5346500e+04   2.6870000e+04   1.0505000e+04
   3.1624200e+04   3.0302500e+04   1.0505000e+04
   2.6696100e+04   3.1522600e+04   1.0505000e+04
   7.4866000e+03   3.3934800e+04   1.0505000e+04
   9.8332000e+03   3.5218400e+04   1.0505000e+04
   3.4338500e+04   3.6572600e+04   1.0505000e+04
   4.6074000e+03   3.8668800e+04   1.0505000e+04
   1.3875000e+04   3.8744300e+04   1.0505000e+04
   1.7566100e+04   3.9082300e+04   1.0505000e+04
   1.7990100e+04   5.1824000e+03   1.0606000e+04
   5.7579000e+03   6.5279000e+03   1.0606000e+04
   9.7710000e+02   8.5342000e+03   1.0606000e+04
   2.7395200e+04   1.1306500e+04   1.0606000e+04
   8.4516000e+03   1.2507300e+04   1.0606000e+04
   6.1458000e+03   1.7798900e+04   1.0606000e+04
   3.1299700e+04   1.9502500e+04   1.0606000e+04
   2.1295700e+04   2.0133700e+04   1.0606000e+04
   2.5351700e+04   2.6873100e+04   1.0606000e+04
   3.1623500e+04   3.0304600e+04   1.0606000e+04
   2.6693500e+04   3.1523300e+04   1.0606000e+04
   7.4858000e+03   3.3938700e+04   1.0606000e+04
   9.8458000e+03   3.5212500e+04   1.0606000e+04
   3.4334000e+04   3.6568900e+04   1.0606000e+04
   4.6039000e+03   3.8665100e+04   1.0606000e+04
   1.3870400e+04   3.8744900e+04   1.0606000e+04
   1.7565200e+04   3.9081500e+04   1.0606000e+04
   1.7987500e+04   5.1771000e+03   1.0707000e+04
   5.7527000e+03   6.5295000e+03   1.0707000e+04
   9.7430000e+02   8.5358000e+03   1.0707000e+04
   2.7393100e+04   1.1306800e+04   1.0707000e+04
   8.4560000e+03   1.2509900e+04   1.0707000e+04
   6.1525000e+03   1.7790000e+04   1.0707000e+04
   3.1296600e+04   1.9501200e+04   1.0707000e+04
   2.1295800e+04   2.0130800e+04   1.0707000e+04
   2.5348500e+04   2.6869100e+04   1.0707000e+04
   3.1620200e+04   3.0302800e+04   1.0707000e+04
   2.6693300e+04   3.1521600e+04   1.0707000e+04
   7.4902000e+03   3.3933500e+04   1.0707000e+04
   9.8416000e+03   3.5229800e+04   1.0707000e+04
   3.4340300e+04   3.6571300e+04   1.0707000e+04
   4.6027000e+03   3.8671200e+04   1.0707000e+04
   1.3872900e+04   3.8746200e+04   1.0707000e+04
   1.7568700e+04   3.9079500e+04   1.0707000e+04
   1.7985800e+04   5.1783000e+03   1.0808000e+04
   5.7616000e+03   6.5298000e+03   1.0808000e+04
   9.7170000e+02   8.5338000e+03   1.0808000e+04
   2.7399500e+04   1.1303700e+04   1.0808000e+04
   8.4529000e+03   1.2506200e+04   1.0808000e+04
   6.1490000e+03   1.7796200e+04   1.0808000e+04
   3.1296300e+04   1.9504800e+04   1.0808000e+04
   2.1295400e+04   2.0134800e+04   1.0808000e+04
   2.5349700e+04   2.6874000e+04   1.0808000e+04
   3.1624300e+04   3.0302700e+04   1.0808000e+04
   2.6695400e+04   3.1519300e+04   1.0808000e+04
   7.4876000e+03   3.3936600e+04   1.0808000e+04
   9.8405000e+03   3.5222200e+04   1.0808000e+04
   3.4338600e+04   3.6569700e+04   1.0808000e+04
   4.6025000e+03   3.8667400e+04   1.0808000e+04
   1.3872500e+04   3.8744200e+04   1.0808000e+04
   1.7563700e+04   3.9082400e+04   1.0808000e+04
   1.7989200e+04   5.1819000e+03   1.0909000e+04
   5.7632000e+03   6.5324000e+03   1.0909000e+04
   9.7470000e+02   8.5450000e+03   1.0909000e+04
   2.7396300e+04   1.1310600e+04   1.0909000e+04
   8.4543000e+03   1.2500900e+04   1.0909000e+04
   6.1503000e+03   1.7795300e+04   1.0909000e+04
   3.1296000e+04   1.9503500e+04   1.0909000e+04
   2.1295200e+04   2.0133000e+04   1.0909000e+04
   2.5349400e+04   2.6869700e+04   1.0909000e+04
   3.1621700e+04   3.0307400e+04   1.0909000e+04
   2.6692300e+04   3.1520400e+04   1.0909000e+04
   7.4851000e+03   3.3938700e+04   1.0909000e+04
   9.8431000e+03   3.5214600e+04   1.0909000e+04
   3.4337400e+04   3.6567400e+04   1.0909000e+04
   4.6003000e+03   3.8667600e+04   1.0909000e+04
   1.3869900e+04   3.8737600e+04   1.0909000e+04
   1.7568700e+04   3.9080000e+04   1.0909000e+04
   1.7986100e+04   5.1815000e+03   1.1010000e+04
   5.7614000e+03   6.5318000e+03   1.1010000e+04
   9.7720000e+02   8.5409000e+03   1.1010000e+04
   2.7391900e+04   1.1305500e+04   1.1010000e+04
   8.4601000e+03   1.2502700e+04   1.1010000e+04
   6.1501000e+03   1.7792700e+04   1.1010000e+04
   3.1298900e+04   1.9501900e+04   1.1010000e+04
   2.1298700e+04   2.0135100e+04   1.1010000e+04
   2.5350600e+04   2.6870900e+04   1.1010000e+04
   3.1623000e+04   3.0302700e+04   1.1010000e+04
   2.6694400e+04   3.1521300e+04   1.1010000e+04
   7.4885000e+03   3.3932000e+04   1.1010000e+04
   9.8401000e+03   3.5220200e+04   1.1010000e+04
   3.4333400e+04   3.6568500e+04   1.1010000e+04
   4.5969000e+03   3.8674700e+04   1.1010000e+04
   1.3874400e+04   3.8744300e+04   1.1010000e+04
   1.7561500e+04   3.9079500e+04   1.1010000e+04
   1.7981800e+04   5.1819000e+03   1.1111000e+04
   5.7613000e+03   6.5189000e+03   1.1111000e+04
   9.7750000e+02   8.5333000e+03   1.1111000e+04
   2.7388800e+04   1.1305500e+04   1.1111000e+04
   8.4579000e+03   1.2508800e+04   1.1111000e+04
   6.1562000e+03   1.7796300e+04   1.1111000e+04
   3.1297700e+04   1.9501600e+04   1.1111000e+04
   2.1292100e+04   2.0132800e+04   1.1111000e+04
   2.5348100e+04   2.6871500e+04   1.1111000e+04
   3.1622700e+04   3.0305500e+04   1.1111000e+04
   2.6693500e+04   3.1521600e+04   1.1111000e+04
   7.4842000e+03   3.3934900e+04   1.1111000e+04
   9.8451000e+03   3.5225700e+04   1.1111000e+04
   3.4334900e+04   3.6570700e+04   1.1111000e+04
   4.6038000e+03   3.8676300e+04   1.1111000e+04
   1.3875500e+04   3.8741200e+04   1.1111000e+04
   1.7566000e+04   3.9079600e+04   1.1111000e+04
   1.7990100e+04   5.1810000e+03   1.1212000e+04
   5.7535000e+03   6.5285000e+03   1.1212000e+04
   9.7570000e+02   8.5423000e+03   1.1212000e+04
   2.7395500e+04   1.1306600e+04   1.1212000e+04
   8.4552000e+03   1.2507300e+04   1.1212000e+04
   6.1485000e+03   1.7795300e+04   1.1212000e+04
   3.1295900e+04   1.9499000e+04   1.1212000e+04
   2.1297800e+04   2.0133000e+04   1.1212000e+04
   2.5347700e+04   2.6869400e+04   1.1212000e+04
   3.1619400e+04   3.0306600e+04   1.1212000e+04
   2.6694800e+04   3.1520800e+04   1.1212000e+04
   7.4874000e+03   3.3935800e+04   1.1212000e+04
   9.8496000e+03   3.5219700e+04   1.1212000e+04
   3.4339000e+04   3.6568000e+04   1.1212000e+04
   4.5974000e+03   3.8667100e+04   1.1212000e+04
   1.3877400e+04   3.8744000e+04   1.1212000e+04
   1.7562200e+04   3.9081600e+04   1.1212000e+04
   1.7990200e+04   5.1796000e+03   1.1313000e+04
   5.7632000e+03   6.5206000e+03   1.1313000e+04
   9.7860000e+02   8.5397000e+03   1.1313000e+04
   2.7392600e+04   1.1306800e+04   1.1313000e+04
   8.4552000e+03   1.2508800e+04   1.1313000e+04
   6.1502000e+03   1.7791200e+04   1.1313000e+04
   3.1296200e+04   1.9504200e+04   1.1313000e+04
   2.1295900e+04   2.0136000e+04   1.1313000e+04
   2.5349700e+04   2.6872700e+04   1.1313000e+04
   3.1618200e+04   3.0301500e+04   1.1313000e+04
   2.6700000e+04   3.1526500e+04   1.1313000e+04
   7.4867000e+03   3.3936400e+04   1.1313000e+04
   9.8359000e+03   3.5217200e+04   1.1313000e+04
   3.4336900e+04   3.6571200e+04   1.1313000e+04
   4.6008000e+03   3.8672800e+04   1.1313000e+04
   1.3872900e+04   3.8741100e+04   1.1313000e+04
   1.7563800e+04   3.9080000e+04   1.1313000e+04
   1.7989800e+04   5.1792000e+03   1.1414000e+04
   5.7525000e+03   6.5405000e+03   1.1414000e+04
   9.7820000e+02   8.5353000e+03   1.1414000e+04
   2.7392100e+04   1.1306500e+04   1.1414000e+04
   8.4633000e+03   1.2504000e+04   1.1414000e+04
   6.1479000e+03   1.7786000e+04   1.1414000e+04
   3.1297900e+04   1.9500300e+04   1.1414000e+04
   2.1298100e+04   2.0135100e+04   1.1414000e+04
   2.5347000e+04   2.6867100e+04   1.1414000e+04
   3.1623600e+04   3.0305900e+04   1.1414000e+04
   2.6690900e+04   3.1524200e+04   1.1414000e+04
   7.4868000e+03   3.3936000e+04   1.1414000e+04
   9.8426000e+03   3.5212000e+04   1.1414000e+04
   3.4337900e+04   3.6567500e+04   1.1414000e+04
   4.6015000e+03   3.8680200e+04   1.1414000e+04
   1.3873500e+04   3.8751100e+04   1.1414000e+04
   1.7563400e+04   3.9075200e+04   1.1414000e+04
   1.7985600e+04   5.1799000e+03   1.1515000e+04
   5.7563000e+03   6.5364000e+03   1.1515000e+04
   9.7500000e+02   8.5252000e+03   1.1515000e+04
   2.7393600e+04   1.1308300e+04   1.1515000e+04
   8.4556000e+03   1.2508000e+04   1.1515000e+04
   6.1537000e+03   1.7790900e+04   1.1515000e+04
   3.1299800e+04   1.9498700e+04   1.1515000e+04
   2.1296300e+04   2.0134500e+04   1.1515000e+04
   2.5353200e+04   2.6872000e+04   1.1515000e+04
   3.1619300e+04   3.0307300e+04   1.1515000e+04
   2.6694300e+04   3.1515500e+04   1.1515000e+04
   7.4872000e+03   3.3934400e+04   1.1515000e+04
   9.8403000e+03   3.5226300e+04   1.1515000e+04
   3.4335000e+04   3.6568100e+04   1.1515000e+04
   4.6045000e+03   3.8676800e+04   1.1515000e+04
   1.3870400e+04   3.8741600e+04   1.1515000e+04
   1.7567000e+04   3.9082000e+04   1.1515000e+04
   1.7989500e+04   5.1836000e+03   1.1616000e+04
   5.7611000e+03   6.5267000e+03   1.1616000e+04
   9.7770000e+02   8.5431000e+03   1.1616000e+04
   2.7390500e+04   1.1310700e+04   1.1616000e+04
   8.4530000e+03   1.2508200e+04   1.1616000e+04
   6.1507000e+03   1.7792300e+04   1.1616000e+04
   3.1297100e+04   1.9502500e+04   1.1616000e+04
   2.1299800e+04   2.0132800e+04   1.1616000e+04
   2.5346400e+04   2.6871400e+04   1.1616000e+04
   3.1620200e+04   3.0299500e+04   1.1616000e+04
   2.6693600e+04   3.1521500e+04   1.1616000e+04
   7.4892000e+03   3.3934100e+04   1.1616000e+04
   9.8416000e+03   3.5216700e+04   1.1616000e+04
   3.4340200e+04   3.6566300e+04   1.1616000e+04
   4.6030000e+03   3.8671100e+04   1.1616000e+04
   1.3871300e+04   3.8746300e+04   1.1616000e+04
   1.7562200e+04   3.9079400e+04   1.1616000e+04
   1.7990500e+04   5.1833000e+03   1.1717000e+04
   5.7594000e+03   6.5315000e+03   1.1717000e+04
   9.7660000e+02   8.5387000e+03   1.1717000e+04
   2.7392200e+04   1.1304600e+04   1.1717000e+04
   8.4544000e+03   1.2510500e+04   1.1717000e+04
   6.1484000e+03   1.7799200e+04   1.1717000e+04
   3.1295400e+04   1.9505800e+04   1.1717000e+04
   2.1300400e+04   2.0132000e+04   1.1717000e+04
   2.5349200e+04   2.6865200e+04   1.1717000e+04
   3.1623300e+04   3.0301700e+04   1.1717000e+04
   2.6694100e+04   3.1519800e+04   1.1717000e+04
   7.4856000e+03   3.3934000e+04   1.1717000e+04
   9.8424000e+03   3.5224200e+04   1.1717000e+04
   3.4336900e+04   3.6569300e+04   1.1717000e+04
   4.5996000e+03   3.8674800e+04   1.1717000e+04
   1.3872500e+04   3.8741600e+04   1.1717000e+04
   1.7566000e+04   3.9070100e+04   1.1717000e+04
   1.7986500e+04   5.1805000e+03   1.1818000e+04
   5.7615000e+03   6.5302000e+03   1.1818000e+04
   9.7580000e+02   8.5385000e+03   1.1818000e+04
   2.7391300e+04   1.1301600e+04   1.1818000e+04
   8.4495000e+03   1.2511900e+04   1.1818000e+04
   6.1524000e+03   1.7795300e+04   1.1818000e+04
   3.1298400e+04   1.9505400e+04   1.1818000e+04
   2.1296000e+04   2.0133600e+04   1.1818000e+04
   2.5355500e+04   2.6869800e+04   1.1818000e+04
   3.1622300e+04   3.0305500e+04   1.1818000e+04
   2.6687300e+04   3.1525000e+04   1.1818000e+04
   7.4879000e+03   3.3933900e+04   1.1818000e+04
   9.8367000e+03   3.5215000e+04   1.1818000e+04
   3.4337800e+04   3.6565000e+04   1.1818000e+04
   4.6051000e+03   3.8673300e+04   1.1818000e+04
   1.3877300e+04   3.8742800e+04   1.1818000e+04
   1.7566000e+04   3.9078700e+04   1.1818000e+04
   1.7982800e+04   5.1775000e+03   1.1919000e+04
   5.7547000e+03   6.5339000e+03   1.1919000e+04
   9.7600000e+02   8.5319000e+03   1.1919000e+04
   2.7396700e+04   1.1308200e+04   1.1919000e+04
   8.4544000e+03   1.2504300e+04   1.1919000e+04
   6.1513000e+03   1.7797000e+04   1.1919000e+04
   3.1298900e+04   1.9502700e+04   1.1919000e+04
   2.1292000e+04   2.0129800e+04   1.1919000e+04
   2.5349900e+04   2.6869600e+04   1.1919000e+04
   3.1619800e+04   3.0307500e+04   1.1919000e+04
   2.6694200e+04   3.1526100e+04   1.1919000e+04
   7.4892000e+03   3.3934300e+04   1.1919000e+04
   9.8515000e+03   3.5230300e+04   1.1919000e+04
   3.4336300e+04   3.6565900e+04   1.1919000e+04
   4.6018000e+03   3.8663100e+04   1.1919000e+04
   1.3875100e+04   3.8744500e+04   1.1919000e+04
   1.7562300e+04   3.9079500e+04   1.1919000e+04
   1.7986800e+04   5.1789000e+03   1.2020000e+04
   5.7592000e+03   6.5241000e+03   1.2020000e+04
   9.7140000e+02   8.5349000e+03   1.2020000e+04
   2.7389900e+04   1.1305400e+04   1.2020000e+04
   8.4537000e+03   1.2510600e+04   1.2020000e+04
   6.1417000e+03   1.7798100e+04   1.2020000e+04
   3.1298000e+04   1.9504000e+04   1.2020000e+04
   2.1299300e+04   2.0133400e+04   1.2020000e+04
   2.5348000e+04   2.6867500e+04   1.2020000e+04
   3.1624300e+04   3.0308000e+04   1.2020000e+04
   2.6698900e+04   3.1525200e+04   1.2020000e+04
   7.4897000e+03   3.3933100e+04   1.2020000e+04
   9.8467000e+03   3.5225000e+04   1.2020000e+04
   3.4337300e+04   3.6572300e+04   1.2020000e+04
   4.6013000e+03   3.8667700e+04   1.2020000e+04
   1.3872900e+04   3.8740800e+04   1.2020000e+04
   1.7568000e+04   3.9076900e+04   1.2020000e+04
   1.7984000e+04   5.1788000e+03   1.2121000e+04
   5.7516000e+03   6.5275000e+03   1.2121000e+04
   9.7640000e+02   8.5316000e+03   1.2121000e+04
   2.7392600e+04   1.1305100e+04   1.2121000e+04
   8.4603000e+03   1.2507500e+04   1.2121000e+04
   6.1506000e+03   1.7797300e+04   1.2121000e+04
   3.1297500e+04   1.9505000e+04   1.2121000e+04
   2.1295900e+04   2.0131200e+04   1.2121000e+04
   2.5347100e+04   2.6869500e+04   1.2121000e+04
   3.1622000e+04   3.0303600e+04   1.2121000e+04
   2.6697500e+04   3.1525400e+04   1.2121000e+04
   7.4871000e+03   3.3937200e+04   1.2121000e+04
   9.8477000e+03   3.5213100e+04   1.2121000e+04
   3.4338300e+04   3.6570700e+04   1.2121000e+04
   4.6031000e+03   3.8672200e+04   1.2121000e+04
   1.3871600e+04   3.8746200e+04   1.2121000e+04
   1.7563900e+04   3.9084300e+04   1.2121000e+04
   1.7984700e+04   5.1790000e+03   1.2222000e+04
   5.7540000e+03   6.5227000e+03   1.2222000e+04
   9.7800000e+02   8.5357000e+03   1.2222000e+04
   2.7394100e+04   1.1303800e+04   1.2222000e+04
   8.4560000e+03   1.2510400e+04   1.2222000e+04
   6.1466000e+03   1.7797200e+04   1.2222000e+04
   3.1298500e+04   1.9503400e+04   1.2222000e+04
   2.1298900e+04   2.0132100e+04   1.2222000e+04
   2.5350700e+04   2.6873300e+04   1.2222000e+04
   3.1623600e+04   3.0302400e+04   1.2222000e+04
   2.6695100e+04   3.1520300e+04   1.2222000e+04
   7.4885000e+03   3.3935400e+04   1.2222000e+04
   9.8442000e+03   3.5227100e+04   1.2222000e+04
   3.4331700e+04   3.6563200e+04   1.2222000e+04
   4.6039000e+03   3.8671300e+04   1.2222000e+04
   1.3874500e+04   3.8746600e+04   1.2222000e+04
   1.7564100e+04   3.9082100e+04   1.2222000e+04
   1.7987400e+04   5.1792000e+03   1.2323000e+04
   5.7547000e+03   6.5333000e+03   1.2323000e+04
   9.7550000e+02   8.5381000e+03   1.2323000e+04
   2.7394100e+04   1.1306600e+04   1.2323000e+04
   8.4552000e+03   1.2506000e+04   1.2323000e+04
   6.1489000e+03   1.7800100e+04   1.2323000e+04
   3.1294900e+04   1.9503500e+04   1.2323000e+04
   2.1294100e+04   2.0131000e+04   1.2323000e+04
   2.5352800e+04   2.6870100e+04   1.2323000e+04
   3.1622800e+04   3.0302900e+04   1.2323000e+04
   2.6688700e+04   3.1517700e+04   1.2323000e+04
   7.4866000e+03   3.3936900e+04   1.2323000e+04
   9.8510000e+03   3.5216000e+04   1.2323000e+04
   3.4336800e+04   3.6569700e+04   1.2323000e+04
   4.6034000e+03   3.8669000e+04   1.2323000e+04
   1.3874800e+04   3.8743100e+04   1.2323000e+04
   1.7565600e+04   3.9082700e+04   1.2323000e+04
   1.7986200e+04   5.1769000e+03   1.2424000e+04
   5.7552000e+03   6.5333000e+03   1.2424000e+04
   9.6540000e+02   8.5404000e+03   1.2424000e+04
   2.7393300e+04   1.1307000e+04   1.2424000e+04
   8.4549000e+03   1.2503100e+04   1.2424000e+04
   6.1526000e+03   1.7790200e+04   1.2424000e+04
   3.1298200e+04   1.9499900e+04   1.2424000e+04
   2.1300700e+04   2.0127900e+04   1.2424000e+04
   2.5345200e+04   2.6872300e+04   1.2424000e+04
   3.1624600e+04   3.0306000e+04   1.2424000e+04
   2.6698100e+04   3.1525300e+04   1.2424000e+04
   7.4853000e+03   3.3935700e+04   1.2424000e+04
   9.8370000e+03   3.5230600e+04   1.2424000e+04
   3.4337900e+04   3.6569100e+04   1.2424000e+04
   4.6046000e+03   3.8668800e+04   1.2424000e+04
   1.3882300e+04   3.8740900e+04   1.2424000e+04
   1.7565400e+04   3.9078700e+04   1.2424000e+04
   1.7981500e+04   5.1826000e+03   1.2525000e+04
   5.7590000e+03   6.5268000e+03   1.2525000e+04
   9.7960000e+02   8.5306000e+03   1.2525000e+04
   2.7396700e+04   1.1305900e+04   1.2525000e+04
   8.4512000e+03   1.2507200e+04   1.2525000e+04
   6.1517000e+03   1.7797400e+04   1.2525000e+04
   3.1297700e+04   1.9502000e+04   1.2525000e+04
   2.1295300e+04   2.0133500e+04   1.2525000e+04
   2.5344900e+04   2.6872300e+04   1.2525000e+04
   3.1620100e+04   3.0303200e+04   1.2525000e+04
   2.6695500e+04   3.1519000e+04   1.2525000e+04
   7.4883000e+03   3.3935000e+04   1.2525000e+04
   9.8441000e+03   3.5222300e+04   1.2525000e+04
   3.4336600e+04   3.6570300e+04   1.2525000e+04
   4.6042000e+03   3.8674900e+04   1.2525000e+04
   1.3873700e+04   3.8743200e+04   1.2525000e+04
   1.7566800e+04   3.9080000e+04   1.2525000e+04
   1.7985800e+04   5.1811000e+03   1.2626000e+04
   5.7599000e+03   6.5259000e+03   1.2626000e+04
   9.7410000e+02   8.5343000e+03   1.2626000e+04
   2.7391800e+04   1.1308700e+04   1.2626000e+04
   8.4547000e+03   1.2509600e+04   1.2626000e+04
   6.1541000e+03   1.7796200e+04   1.2626000e+04
   3.1295000e+04   1.9505100e+04   1.2626000e+04
   2.1298500e+04   2.0133000e+04   1.2626000e+04
   2.5350500e+04   2.6867200e+04   1.2626000e+04
   3.1620700e+04   3.0307100e+04   1.2626000e+04
   2.6696100e+04   3.1520000e+04   1.2626000e+04
   7.4855000e+03   3.3930900e+04   1.2626000e+04
   9.8435000e+03   3.5216700e+04   1.2626000e+04
   3.4338000e+04   3.6568200e+04   1.2626000e+04
   4.6044000e+03   3.8669800e+04   1.2626000e+04
   1.3873400e+04   3.8747600e+04   1.2626000e+04
   1.7561200e+04   3.9084700e+04   1.2626000e+04
   1.7985000e+04   5.1772000e+03   1.2727000e+04
   5.7563000e+03   6.5266000e+03   1.2727000e+04
   9.8540000e+02   8.5402000e+03   1.2727000e+04
   2.7391100e+04   1.1307800e+04   1.2727000e+04
   8.4555000e+03   1.2511300e+04   1.2727000e+04
   6.1479000e+03   1.7796700e+04   1.2727000e+04
   3.1298100e+04   1.9503400e+04   1.2727000e+04
   2.1296900e+04   2.0134900e+04   1.2727000e+04
   2.5350500e+04   2.6864900e+04   1.2727000e+04
   3.1623400e+04   3.0304000e+04   1.2727000e+04
   2.6694000e+04   3.1524800e+04   1.2727000e+04
   7.4882000e+03   3.3936300e+04   1.2727000e+04
   9.8450000e+03   3.5224000e+04   1.2727000e+04
   3.4337300e+04   3.6570100e+04   1.2727000e+04
   4.6058000e+03   3.8664100e+04   1.2727000e+04
   1.3866100e+04   3.8744700e+04   1.2727000e+04
   1.7560500e+04   3.9075200e+04   1.2727000e+04
   1.7987600e+04   5.1847000e+03   1.2828000e+04
   5.7576000e+03   6.5256000e+03   1.2828000e+04
   9.7660000e+02   8.5394000e+03   1.2828000e+04
   2.7391400e+04   1.1308400e+04   1.2828000e+04
   8.4554000e+03   1.2507400e+04   1.2828000e+04
   6.1513000e+03   1.7795000e+04   1.2828000e+04
   3.1297000e+04   1.9498500e+04   1.2828000e+04
   2.1296200e+04   2.0128500e+04   1.2828000e+04
   2.5347700e+04   2.6869800e+04   1.2828000e+04
   3.1621700e+04   3.0300900e+04   1.2828000e+04
   2.6692400e+04   3.1518400e+04   1.2828000e+04
   7.4858000e+03   3.3936900e+04   1.2828000e+04
   9.8438000e+03   3.5225500e+04   1.2828000e+04
   3.4339100e+04   3.6568100e+04   1.2828000e+04
   4.6001000e+03   3.8673900e+04   1.2828000e+04
   1.3874600e+04   3.8741800e+04   1.2828000e+04
   1.7568800e+04   3.9083000e+04   1.2828000e+04
   1.7983900e+04   5.1750000e+03   1.2929000e+04
   5.7587000e+03   6.5306000e+03   1.2929000e+04
   9.7530000e+02   8.5348000e+03   1.2929000e+04
   2.7389400e+04   1.1308200e+04   1.2929000e+04
   8.4537000e+03   1.2510100e+04   1.2929000e+04
   6.1497000e+03   1.7788700e+04   1.2929000e+04
   3.1300700e+04   1.9505200e+04   1.2929000e+04
   2.1293400e+04   2.0133900e+04   1.2929000e+04
   2.5348700e+04   2.6871000e+04   1.2929000e+04
   3.1625000e+04   3.0302800e+04   1.2929000e+04
   2.6691600e+04   3.1520100e+04   1.2929000e+04
   7.4868000e+03   3.3937600e+04   1.2929000e+04
   9.8469000e+03   3.5216600e+04   1.2929000e+04
   3.4341700e+04   3.6571000e+04   1.2929000e+04
   4.6038000e+03   3.8671800e+04   1.2929000e+04
   1.3874700e+04   3.8746400e+04   1.2929000e+04
   1.7563200e+04   3.9082400e+04   1.2929000e+04
   1.7986100e+04   5.1826000e+03   1.3030000e+04
   5.7628000e+03   6.5266000e+03   1.3030000e+04
   9.7870000e+02   8.5453000e+03   1.3030000e+04
   2.7392100e+04   1.1306400e+04   1.3030000e+04
   8.4525000e+03   1.2509100e+04   1.3030000e+04
   6.1493000e+03   1.7793700e+04   1.3030000e+04
   3.1299400e+04   1.9504000e+04   1.3030000e+04
   2.1297600e+04   2.0132400e+04   1.3030000e+04
   2.5347400e+04   2.6873300e+04   1.3030000e+04
   3.1621400e+04   3.0302700e+04   1.3030000e+04
   2.6696900e+04   3.1521100e+04   1.3030000e+04
   7.4871000e+03   3.3934200e+04   1.3030000e+04
   9.8420000e+03   3.5220200e+04   1.3030000e+04
   3.4331800e+04   3.6565400e+04   1.3030000e+04
   4.5998000e+03   3.8663000e+04   1.3030000e+04
   1.3876400e+04   3.8743500e+04   1.3030000e+04
   1.7565600e+04   3.9082400e+04   1.3030000e+04
   1.7985600e+04   5.1803000e+03   1.3131000e+04
   5.7514000e+03   6.5276000e+03   1.3131000e+04
   9.6940000e+02   8.5390000e+03   1.3131000e+04
   2.7393000e+04   1.1314300e+04   1.3131000e+04
   8.4598000e+03   1.2504700e+04   1.3131000e+04
   6.1504000e+03   1.7794300e+04   1.3131000e+04
   3.1296600e+04   1.9501800e+04   1.3131000e+04
   2.1297600e+04   2.0131800e+04   1.3131000e+04
   2.5350900e+04   2.6868600e+04   1.3131000e+04
   3.1625600e+04   3.0307400e+04   1.3131000e+04
   2.6695000e+04   3.1520500e+04   1.3131000e+04
   7.4861000e+03   3.3937800e+04   1.3131000e+04
   9.8530000e+03   3.5219700e+04   1.3131000e+04
   3.4334900e+04   3.6565600e+04   1.3131000e+04
   4.6052000e+03   3.8673100e+04   1.3131000e+04
   1.3870500e+04   3.8743700e+04   1.3131000e+04
   1.7562000e+04   3.9075800e+04   1.3131000e+04
   1.7985000e+04   5.1831000e+03   1.3232000e+04
   5.7476000e+03   6.5272000e+03   1.3232000e+04
   9.7250000e+02   8.5365000e+03   1.3232000e+04
   2.7392400e+04   1.1303000e+04   1.3232000e+04
   8.4597000e+03   1.2509400e+04   1.3232000e+04
   6.1459000e+03   1.7793300e+04   1.3232000e+04
   3.1296800e+04   1.9499900e+04   1.3232000e+04
   2.1295000e+04   2.0137000e+04   1.3232000e+04
   2.5347300e+04   2.6866600e+04   1.3232000e+04
   3.1624000e+04   3.0306400e+04   1.3232000e+04
   2.6694500e+04   3.1517100e+04   1.3232000e+04
   7.4877000e+03   3.3935500e+04   1.3232000e+04
   9.8478000e+03   3.5229300e+04   1.3232000e+04
   3.4336600e+04   3.6570000e+04   1.3232000e+04
   4.6086000e+03   3.8670400e+04   1.3232000e+04
   1.3875500e+04   3.8740700e+04   1.3232000e+04
   1.7570000e+04   3.9080700e+04   1.3232000e+04
   1.7987100e+04   5.1831000e+03   1.3333000e+04
   5.7557000e+03   6.5242000e+03   1.3333000e+04
   9.7950000e+02   8.5389000e+03   1.3333000e+04
   2.7395200e+04   1.1307400e+04   1.3333000e+04
   8.4569000e+03   1.2508900e+04   1.3333000e+04
   6.1541000e+03   1.7793100e+04   1.3333000e+04
   3.1294400e+04   1.9504800e+04   1.3333000e+04
   2.1298100e+04   2.0130700e+04   1.3333000e+04
   2.5350600e+04   2.6873500e+04   1.3333000e+04
   3.1620700e+04   3.0301400e+04   1.3333000e+04
   2.6690700e+04   3.1519900e+04   1.3333000e+04
   7.4879000e+03   3.3934800e+04   1.3333000e+04
   9.8392000e+03   3.5218700e+04   1.3333000e+04
   3.4336500e+04   3.6569600e+04   1.3333000e+04
   4.5996000e+03   3.8672100e+04   1.3333000e+04
   1.3870700e+04   3.8745500e+04   1.3333000e+04
   1.7570400e+04   3.9079300e+04   1.3333000e+04
   1.7994300e+04   5.1806000e+03   1.3434000e+04
   5.7591000e+03   6.5344000e+03   1.3434000e+04
   9.8300000e+02   8.5327000e+03   1.3434000e+04
   2.7394500e+04   1.1303700e+04   1.3434000e+04
   8.4500000e+03   1.2512100e+04   1.3434000e+04
   6.1408000e+03   1.7796800e+04   1.3434000e+04
   3.1297100e+04   1.9503000e+04   1.3434000e+04
   2.1294600e+04   2.0134700e+04   1.3434000e+04
   2.5351800e+04   2.6867700e+04   1.3434000e+04
   3.1620700e+04   3.0306600e+04   1.3434000e+04
   2.6697200e+04   3.1520100e+04   1.3434000e+04
   7.4877000e+03   3.3939600e+04   1.3434000e+04
   9.8408000e+03   3.5216100e+04   1.3434000e+04
   3.4338400e+04   3.6565700e+04   1.3434000e+04
   4.6045000e+03   3.8665100e+04   1.3434000e+04
   1.3870600e+04   3.8745400e+04   1.3434000e+04
   1.7561900e+04   3.9081900e+04   1.3434000e+04
   1.7983600e+04   5.1801000e+03   1.3535000e+04
   5.7586000e+03   6.5288000e+03   1.3535000e+04
   9.8030000e+02   8.5261000e+03   1.3535000e+04
   2.7391000e+04   1.1306100e+04   1.3535000e+04
   8.4567000e+03   1.2511000e+04   1.3535000e+04
   6.1517000e+03   1.7798400e+04   1.3535000e+04
   3.1297200e+04   1.9504900e+04   1.3535000e+04
   2.1296600e+04   2.0135000e+04   1.3535000e+04
   2.5345200e+04   2.6872200e+04   1.3535000e+04
   3.1623000e+04   3.0304200e+04   1.3535000e+04
   2.6695200e+04   3.1519500e+04   1.3535000e+04
   7.4870000e+03   3.3933600e+04   1.3535000e+04
   9.8442000e+03   3.5232400e+04   1.3535000e+04
   3.4333600e+04   3.6565800e+04   1.3535000e+04
   4.6045000e+03   3.8668500e+04   1.3535000e+04
   1.3877800e+04   3.8737900e+04   1.3535000e+04
   1.7561000e+04   3.9081500e+04   1.3535000e+04
   1.7985100e+04   5.1827000e+03   1.3636000e+04
   5.7486000e+03   6.5158000e+03   1.3636000e+04
   9.7270000e+02   8.5339000e+03   1.3636000e+04
   2.7394200e+04   1.1300300e+04   1.3636000e+04
   8.4626000e+03   1.2513500e+04   1.3636000e+04
   6.1464000e+03   1.7794400e+04   1.3636000e+04
   3.1296300e+04   1.9502100e+04   1.3636000e+04
   2.1299900e+04   2.0134500e+04   1.3636000e+04
   2.5351300e+04   2.6871600e+04   1.3636000e+04
   3.1624200e+04   3.0302900e+04   1.3636000e+04
   2.6691800e+04   3.1519800e+04   1.3636000e+04
   7.4895000e+03   3.3935200e+04   1.3636000e+04
   9.8504000e+03   3.5227800e+04   1.3636000e+04
   3.4334700e+04   3.6569600e+04   1.3636000e+04
   4.6015000e+03   3.8674800e+04   1.3636000e+04
   1.3872600e+04   3.8743600e+04   1.3636000e+04
   1.7565300e+04   3.9083600e+04   1.3636000e+04
   1.7987000e+04   5.1767000e+03   1.3737000e+04
   5.7518000e+03   6.5249000e+03   1.3737000e+04
   9.7580000e+02   8.5375000e+03   1.3737000e+04
   2.7395100e+04   1.1307300e+04   1.3737000e+04
   8.4508000e+03   1.2509800e+04   1.3737000e+04
   6.1464000e+03   1.7790100e+04   1.3737000e+04
   3.1297300e+04   1.9505000e+04   1.3737000e+04
   2.1295500e+04   2.0132400e+04   1.3737000e+04
   2.5353300e+04   2.6873900e+04   1.3737000e+04
   3.1621900e+04   3.0302800e+04   1.3737000e+04
   2.6691100e+04   3.1524600e+04   1.3737000e+04
   7.4894000e+03   3.3938200e+04   1.3737000e+04
   9.8422000e+03   3.5227100e+04   1.3737000e+04
   3.4337800e+04   3.6569700e+04   1.3737000e+04
   4.6050000e+03   3.8666100e+04   1.3737000e+04
   1.3881100e+04   3.8740500e+04   1.3737000e+04
   1.7565700e+04   3.9079500e+04   1.3737000e+04
   1.7985000e+04   5.1808000e+03   1.3838000e+04
   5.7512000e+03   6.5308000e+03   1.3838000e+04
   9.7390000e+02   8.5391000e+03   1.3838000e+04
   2.7394200e+04   1.1304200e+04   1.3838000e+04
   8.4567000e+03   1.2505200e+04   1.3838000e+04
   6.1508000e+03   1.7793400e+04   1.3838000e+04
   3.1297700e+04   1.9505000e+04   1.3838000e+04
   2.1298400e+04   2.0130700e+04   1.3838000e+04
   2.5346100e+04   2.6869200e+04   1.3838000e+04
   3.1625600e+04   3.0304300e+04   1.3838000e+04
   2.6695300e+04   3.1517300e+04   1.3838000e+04
   7.4876000e+03   3.3933300e+04   1.3838000e+04
   9.8518000e+03   3.5231700e+04   1.3838000e+04
   3.4331700e+04   3.6563000e+04   1.3838000e+04
   4.6013000e+03   3.8678800e+04   1.3838000e+04
   1.3876100e+04   3.8739500e+04   1.3838000e+04
   1.7563800e+04   3.9080000e+04   1.3838000e+04
   1.7986500e+04   5.1836000e+03   1.3939000e+04
   5.7513000e+03   6.5325000e+03   1.3939000e+04
   9.7880000e+02   8.5341000e+03   1.3939000e+04
   2.7392400e+04   1.1304600e+04   1.3939000e+04
   8.4557000e+03   1.2504800e+04   1.3939000e+04
   6.1465000e+03   1.7792400e+04   1.3939000e+04
   3.1296100e+04   1.9502600e+04   1.3939000e+04
   2.1296800e+04   2.0132000e+04   1.3939000e+04
   2.5353000e+04   2.6870200e+04   1.3939000e+04
   3.1627300e+04   3.0304100e+04   1.3939000e+04
   2.6689200e+04   3.1518900e+04   1.3939000e+04
   7.4868000e+03   3.3938300e+04   1.3939000e+04
   9.8435000e+03   3.5229600e+04   1.3939000e+04
   3.4338700e+04   3.6570100e+04   1.3939000e+04
   4.6042000e+03   3.8670100e+04   1.3939000e+04
   1.3870700e+04   3.8743900e+04   1.3939000e+04
   1.7569500e+04   3.9074200e+04   1.3939000e+04
   1.7985200e+04   5.1822000e+03   1.4040000e+04
   5.7537000e+03   6.5312000e+03   1.4040000e+04
   9.7110000e+02   8.5406000e+03   1.4040000e+04
   2.7394700e+04   1.1305200e+04   1.4040000e+04
   8.4538000e+03   1.2511400e+04   1.4040000e+04
   6.1499000e+03   1.7798000e+04   1.4040000e+04
   3.1296300e+04   1.9501100e+04   1.4040000e+04
   2.1299300e+04   2.0129200e+04   1.4040000e+04
   2.5352800e+04   2.6869500e+04   1.4040000e+04
   3.1622400e+04   3.0303200e+04   1.4040000e+04
   2.6692600e+04   3.1519400e+04   1.4040000e+04
   7.4863000e+03   3.3937900e+04   1.4040000e+04
   9.8499000e+03   3.5217400e+04   1.4040000e+04
   4.6062000e+03   3.8668700e+04   1.4040000e+04
   1.3873600e+04   3.8745500e+04   1.4040000e+04
   1.7560300e+04   3.9080000e+04   1.4040000e+04
   1.7985900e+04   5.1815000e+03   1.4141000e+04
   5.7530000e+03   6.5188000e+03   1.4141000e+04
   9.7520000e+02   8.5394000e+03   1.4141000e+04
   2.7395100e+04   1.1313200e+04   1.4141000e+04
   8.4568000e+03   1.2511300e+04   1.4141000e+04
   6.1431000e+03   1.7796100e+04   1.4141000e+04
   3.1295300e+04   1.9502500e+04   1.4141000e+04
   2.1296500e+04   2.0136900e+04   1.4141000e+04
   2.5351500e+04   2.6869300e+04   1.4141000e+04
   3.1622600e+04   3.0304000e+04   1.4141000e+04
   2.6693400e+04   3.1521100e+04   1.4141000e+04
   7.4843000e+03   3.3938000e+04   1.4141000e+04
   9.8514000e+03   3.5219800e+04   1.4141000e+04
   3.4338300e+04   3.6564300e+04   1.4141000e+04
   4.6063000e+03   3.8667700e+04   1.4141000e+04
   1.3875400e+04   3.8740000e+04   1.4141000e+04
   1.7562900e+04   3.9082200e+04   1.4141000e+04
   1.7988100e+04   5.1879000e+03   1.4242000e+04
   5.7562000e+03   6.5412000e+03   1.4242000e+04
   9.7690000e+02   8.5292000e+03   1.4242000e+04
   2.7391900e+04   1.1304500e+04   1.4242000e+04
   8.4600000e+03   1.2507700e+04   1.4242000e+04
   6.1495000e+03   1.7791400e+04   1.4242000e+04
   3.1294700e+04   1.9504000e+04   1.4242000e+04
   2.1299100e+04   2.0130600e+04   1.4242000e+04
   2.5346900e+04   2.6872200e+04   1.4242000e+04
   3.1622500e+04   3.0306100e+04   1.4242000e+04
   2.6689900e+04   3.1521000e+04   1.4242000e+04
   7.4861000e+03   3.3935800e+04   1.4242000e+04
   9.8413000e+03   3.5223500e+04   1.4242000e+04
   3.4337000e+04   3.6567400e+04   1.4242000e+04
   4.6095000e+03   3.8665400e+04   1.4242000e+04
   1.3871400e+04   3.8738400e+04   1.4242000e+04
   1.7566100e+04   3.9079600e+04   1.4242000e+04
   1.7987000e+04   5.1809000e+03   1.4343000e+04
   5.7578000e+03   6.5331000e+03   1.4343000e+04
   9.7200000e+02   8.5298000e+03   1.4343000e+04
   2.7395000e+04   1.1308500e+04   1.4343000e+04
   8.4593000e+03   1.2499500e+04   1.4343000e+04
   6.1452000e+03   1.7797100e+04   1.4343000e+04
   3.1295100e+04   1.9502400e+04   1.4343000e+04
   2.1291600e+04   2.0132000e+04   1.4343000e+04
   2.5349400e+04   2.6871800e+04   1.4343000e+04
   3.1626400e+04   3.0304400e+04   1.4343000e+04
   2.6693800e+04   3.1526200e+04   1.4343000e+04
   7.4887000e+03   3.3936600e+04   1.4343000e+04
   9.8516000e+03   3.5222700e+04   1.4343000e+04
   3.4332200e+04   3.6565100e+04   1.4343000e+04
   4.6059000e+03   3.8672700e+04   1.4343000e+04
   1.3869900e+04   3.8744100e+04   1.4343000e+04
   1.7566300e+04   3.9079200e+04   1.4343000e+04
   1.7985600e+04   5.1828000e+03   1.4444000e+04
   5.7626000e+03   6.5309000e+03   1.4444000e+04
   9.7870000e+02   8.5352000e+03   1.4444000e+04
   2.7391900e+04   1.1306000e+04   1.4444000e+04
   8.4539000e+03   1.2505900e+04   1.4444000e+04
   6.1543000e+03   1.7792100e+04   1.4444000e+04
   3.1298300e+04   1.9501000e+04   1.4444000e+04
   2.1292200e+04   2.0135100e+04   1.4444000e+04
   2.5347700e+04   2.6866000e+04   1.4444000e+04
   3.1623400e+04   3.0301800e+04   1.4444000e+04
   2.6690300e+04   3.1519900e+04   1.4444000e+04
   7.4855000e+03   3.3932900e+04   1.4444000e+04
   9.8489000e+03   3.5227500e+04   1.4444000e+04
   3.4332000e+04   3.6566500e+04   1.4444000e+04
   4.6005000e+03   3.8678400e+04   1.4444000e+04
   1.3875100e+04   3.8741800e+04   1.4444000e+04
   1.7566000e+04   3.9082300e+04   1.4444000e+04
   1.7984700e+04   5.1787000e+03   1.4545000e+04
   5.7524000e+03   6.5258000e+03   1.4545000e+04
   9.7610000e+02   8.5371000e+03   1.4545000e+04
   2.7395700e+04   1.1309200e+04   1.4545000e+04
   8.4578000e+03   1.2511100e+04   1.4545000e+04
   6.1531000e+03   1.7794600e+04   1.4545000e+04
   3.1298800e+04   1.9500800e+04   1.4545000e+04
   2.1298100e+04   2.0135600e+04   1.4545000e+04
   2.5353600e+04   2.6871500e+04   1.4545000e+04
   3.1627100e+04   3.0303400e+04   1.4545000e+04
   2.6689800e+04   3.1522600e+04   1.4545000e+04
   7.4857000e+03   3.3934700e+04   1.4545000e+04
   9.8422000e+03   3.5230600e+04   1.4545000e+04
   3.4329400e+04   3.6568600e+04   1.4545000e+04
   4.6053000e+03   3.8668200e+04   1.4545000e+04
   1.3878200e+04   3.8737600e+04   1.4545000e+04
   1.7559100e+04   3.9075700e+04   1.4545000e+04
   1.7984600e+04   5.1801000e+03   1.4646000e+04
   5.7543000e+03   6.5277000e+03   1.4646000e+04
   9.7030000e+02   8.5416000e+03   1.4646000e+04
   2.7397300e+04   1.1307300e+04   1.4646000e+04
   8.4570000e+03   1.2506500e+04   1.4646000e+04
   6.1498000e+03   1.7802800e+04   1.4646000e+04
   3.1300200e+04   1.9502200e+04   1.4646000e+04
   2.1295000e+04   2.0129300e+04   1.4646000e+04
   2.5349700e+04   2.6867600e+04   1.4646000e+04
   3.1624500e+04   3.0297600e+04   1.4646000e+04
   2.6694700e+04   3.1523800e+04   1.4646000e+04
   7.4895000e+03   3.3935400e+04   1.4646000e+04
   9.8466000e+03   3.5222300e+04   1.4646000e+04
   3.4333600e+04   3.6568700e+04   1.4646000e+04
   4.6032000e+03   3.8670500e+04   1.4646000e+04
   1.3872400e+04   3.8742700e+04   1.4646000e+04
   1.7564200e+04   3.9079900e+04   1.4646000e+04
   1.7987600e+04   5.1798000e+03   1.4747000e+04
   5.7603000e+03   6.5283000e+03   1.4747000e+04
   9.7760000e+02   8.5369000e+03   1.4747000e+04
   2.7394400e+04   1.1304400e+04   1.4747000e+04
   8.4548000e+03   1.2508600e+04   1.4747000e+04
   6.1514000e+03   1.7793300e+04   1.4747000e+04
   3.1296200e+04   1.9501500e+04   1.4747000e+04
   2.1297500e+04   2.0133300e+04   1.4747000e+04
   2.5349400e+04   2.6867700e+04   1.4747000e+04
   3.1621300e+04   3.0305600e+04   1.4747000e+04
   2.6691700e+04   3.1531000e+04   1.4747000e+04
   7.4890000e+03   3.3937200e+04   1.4747000e+04
   9.8438000e+03   3.5223200e+04   1.4747000e+04
   3.4332000e+04   3.6564100e+04   1.4747000e+04
   4.6028000e+03   3.8670800e+04   1.4747000e+04
   1.3870600e+04   3.8738900e+04   1.4747000e+04
   1.7566500e+04   3.9081600e+04   1.4747000e+04
   1.7985400e+04   5.1817000e+03   1.4848000e+04
   5.7528000e+03   6.5259000e+03   1.4848000e+04
   9.7470000e+02   8.5318000e+03   1.4848000e+04
   2.7394500e+04   1.1305000e+04   1.4848000e+04
   8.4611000e+03   1.2509400e+04   1.4848000e+04
   6.1449000e+03   1.7800400e+04   1.4848000e+04
   3.1298200e+04   1.9498700e+04   1.4848000e+04
   2.1294900e+04   2.0134100e+04   1.4848000e+04
   2.5349400e+04   2.6869200e+04   1.4848000e+04
   3.1624300e+04   3.0302500e+04   1.4848000e+04
   2.6696300e+04   3.1524700e+04   1.4848000e+04
   7.4884000e+03   3.3934000e+04   1.4848000e+04
   9.8436000e+03   3.5226000e+04   1.4848000e+04
   3.4335100e+04   3.6567600e+04   1.4848000e+04
   4.6099000e+03   3.8666900e+04   1.4848000e+04
   1.3870400e+04   3.8744700e+04   1.4848000e+04
   1.7563200e+04   3.9083500e+04   1.4848000e+04
   1.7986300e+04   5.1773000e+03   1.4949000e+04
   5.7554000e+03   6.5304000e+03   1.4949000e+04
   9.7800000e+02   8.5387000e+03   1.4949000e+04
   2.7393700e+04   1.1301700e+04   1.4949000e+04
   8.4600000e+03   1.2507400e+04   1.4949000e+04
   6.1436000e+03   1.7795300e+04   1.4949000e+04
   3.1302000e+04   1.9501900e+04   1.4949000e+04
   2.1300100e+04   2.0135200e+04   1.4949000e+04
   2.5346600e+04   2.6867500e+04   1.4949000e+04
   3.1622800e+04   3.0305600e+04   1.4949000e+04
   2.6696800e+04   3.1518200e+04   1.4949000e+04
   7.4897000e+03   3.3934600e+04   1.4949000e+04
   9.8355000e+03   3.5226300e+04   1.4949000e+04
   3.4336600e+04   3.6565000e+04   1.4949000e+04
   4.6095000e+03   3.8674900e+04   1.4949000e+04
   1.3869200e+04   3.8747700e+04   1.4949000e+04
   1.7561200e+04   3.9078300e+04   1.4949000e+04
   1.7989500e+04   5.1799000e+03   1.5050000e+04
   5.7592000e+03   6.5282000e+03   1.5050000e+04
   9.7710000e+02   8.5357000e+03   1.5050000e+04
   2.7395400e+04   1.1308700e+04   1.5050000e+04
   8.4560000e+03   1.2506600e+04   1.5050000e+04
   6.1450000e+03   1.7797500e+04   1.5050000e+04
   3.1294900e+04   1.9501300e+04   1.5050000e+04
   2.1294000e+04   2.0134800e+04   1.5050000e+04
   2.5350600e+04   2.6869700e+04   1.5050000e+04
   3.1620500e+04   3.0308900e+04   1.5050000e+04
   2.6695200e+04   3.1523200e+04   1.5050000e+04
   7.4893000e+03   3.3935500e+04   1.5050000e+04
   9.8354000e+03   3.5217600e+04   1.5050000e+04
   3.4335800e+04   3.6571600e+04   1.5050000e+04
   4.6053000e+03   3.8670100e+04   1.5050000e+04
   1.3879200e+04   3.8738200e+04   1.5050000e+04
   1.7564700e+04   3.9078500e+04   1.5050000e+04
   1.7988900e+04   5.1769000e+03   1.5151000e+04
   5.7545000e+03   6.5217000e+03   1.5151000e+04
   9.7870000e+02   8.5395000e+03   1.5151000e+04
   2.7385800e+04   1.1306300e+04   1.5151000e+04
   8.4599000e+03   1.2506800e+04   1.5151000e+04
   6.1428000e+03   1.7798200e+04   1.5151000e+04
   3.1298100e+04   1.9505400e+04   1.5151000e+04
   2.1296100e+04   2.0135100e+04   1.5151000e+04
   2.5352300e+04   2.6866000e+04   1.5151000e+04
   3.1617700e+04   3.0308000e+04   1.5151000e+04
   2.6694200e+04   3.1525200e+04   1.5151000e+04
   7.4852000e+03   3.3936700e+04   1.5151000e+04
   9.8454000e+03   3.5218700e+04   1.5151000e+04
   3.4338600e+04   3.6571700e+04   1.5151000e+04
   4.6082000e+03   3.8670700e+04   1.5151000e+04
   1.3873900e+04   3.8741800e+04   1.5151000e+04
   1.7566800e+04   3.9077600e+04   1.5151000e+04
   1.7983400e+04   5.1812000e+03   1.5252000e+04
   5.7561000e+03   6.5354000e+03   1.5252000e+04
   9.7480000e+02   8.5381000e+03   1.5252000e+04
   2.7394700e+04   1.1307900e+04   1.5252000e+04
   8.4637000e+03   1.2506400e+04   1.5252000e+04
   6.1454000e+03   1.7787300e+04   1.5252000e+04
   3.1298500e+04   1.9502500e+04   1.5252000e+04
   2.1292600e+04   2.0134700e+04   1.5252000e+04
   2.5351500e+04   2.6866700e+04   1.5252000e+04
   3.1620900e+04   3.0299100e+04   1.5252000e+04
   2.6695000e+04   3.1526100e+04   1.5252000e+04
   7.4886000e+03   3.3934900e+04   1.5252000e+04
   9.8446000e+03   3.5223600e+04   1.5252000e+04
   3.4336000e+04   3.6565600e+04   1.5252000e+04
   4.5984000e+03   3.8679300e+04   1.5252000e+04
   1.3876100e+04   3.8739000e+04   1.5252000e+04
   1.7566700e+04   3.9078400e+04   1.5252000e+04
   1.7987200e+04   5.1788000e+03   1.5353000e+04
   5.7608000e+03   6.5268000e+03   1.5353000e+04
   9.7550000e+02   8.5347000e+03   1.5353000e+04
   2.7394600e+04   1.1307200e+04   1.5353000e+04
   8.4582000e+03   1.2509600e+04   1.5353000e+04
   6.1478000e+03   1.7794800e+04   1.5353000e+04
   3.1296700e+04   1.9499700e+04   1.5353000e+04
   2.1288700e+04   2.0133300e+04   1.5353000e+04
   2.5350700e+04   2.6872500e+04   1.5353000e+04
   3.1620500e+04   3.0303400e+04   1.5353000e+04
   2.6697700e+04   3.1522000e+04   1.5353000e+04
   7.4883000e+03   3.3935300e+04   1.5353000e+04
   9.8491000e+03   3.5225700e+04   1.5353000e+04
   3.4334900e+04   3.6567100e+04   1.5353000e+04
   4.6054000e+03   3.8667500e+04   1.5353000e+04
   1.3867500e+04   3.8741000e+04   1.5353000e+04
   1.7563500e+04   3.9086800e+04   1.5353000e+04
   1.7982000e+04   5.1841000e+03   1.5454000e+04
   5.7620000e+03   6.5269000e+03   1.5454000e+04
   9.6930000e+02   8.5360000e+03   1.5454000e+04
   2.7390200e+04   1.1306800e+04   1.5454000e+04
   8.4584000e+03   1.2502800e+04   1.5454000e+04
   6.1473000e+03   1.7792700e+04   1.5454000e+04
   3.1296000e+04   1.9502000e+04   1.5454000e+04
   2.1290600e+04   2.0135100e+04   1.5454000e+04
   2.5350900e+04   2.6871600e+04   1.5454000e+04
   3.1625000e+04   3.0302900e+04   1.5454000e+04
   2.6697500e+04   3.1525600e+04   1.5454000e+04
   7.4846000e+03   3.3937900e+04   1.5454000e+04
   9.8491000e+03   3.5220900e+04   1.5454000e+04
   3.4337400e+04   3.6568100e+04   1.5454000e+04
   4.6050000e+03   3.8670100e+04   1.5454000e+04
   1.3877900e+04   3.8745700e+04   1.5454000e+04
   1.7563700e+04   3.9076800e+04   1.5454000e+04
   1.7988500e+04   5.1805000e+03   1.5555000e+04
   5.7597000e+03   6.5280000e+03   1.5555000e+04
   9.7540000e+02   8.5325000e+03   1.5555000e+04
   2.7394200e+04   1.1304300e+04   1.5555000e+04
   8.4599000e+03   1.2509000e+04   1.5555000e+04
   6.1450000e+03   1.7795800e+04   1.5555000e+04
   3.1296500e+04   1.9503500e+04   1.5555000e+04
   2.1294800e+04   2.0136900e+04   1.5555000e+04
   2.5349800e+04   2.6871400e+04   1.5555000e+04
   3.1621500e+04   3.0301000e+04   1.5555000e+04
   2.6697700e+04   3.1525300e+04   1.5555000e+04
   7.4882000e+03   3.3936100e+04   1.5555000e+04
   9.8409000e+03   3.5215900e+04   1.5555000e+04
   3.4334700e+04   3.6568900e+04   1.5555000e+04
   4.6057000e+03   3.8669100e+04   1.5555000e+04
   1.3869200e+04   3.8745600e+04   1.5555000e+04
   1.7565500e+04   3.9082300e+04   1.5555000e+04
   1.7985700e+04   5.1786000e+03   1.5656000e+04
   5.7577000e+03   6.5373000e+03   1.5656000e+04
   9.7710000e+02   8.5356000e+03   1.5656000e+04
   2.7393100e+04   1.1306800e+04   1.5656000e+04
   8.4569000e+03   1.2502200e+04   1.5656000e+04
   6.1456000e+03   1.7792400e+04   1.5656000e+04
   3.1297300e+04   1.9501900e+04   1.5656000e+04
   2.1292300e+04   2.0131900e+04   1.5656000e+04
   2.5348300e+04   2.6873300e+04   1.5656000e+04
   3.1620000e+04   3.0303100e+04   1.5656000e+04
   2.6692000e+04   3.1517200e+04   1.5656000e+04
   7.4862000e+03   3.3933800e+04   1.5656000e+04
   9.8499000e+03   3.5219600e+04   1.5656000e+04
   4.6066000e+03   3.8673900e+04   1.5656000e+04
   1.3878700e+04   3.8743100e+04   1.5656000e+04
   1.7566300e+04   3.9085200e+04   1.5656000e+04
   1.7985400e+04   5.1801000e+03   1.5757000e+04
   5.7566000e+03   6.5285000e+03   1.5757000e+04
   9.7490000e+02   8.5373000e+03   1.5757000e+04
   2.7393800e+04   1.1305900e+04   1.5757000e+04
   8.4589000e+03   1.2508000e+04   1.5757000e+04
   6.1426000e+03   1.7792800e+04   1.5757000e+04
   3.1299900e+04   1.9502500e+04   1.5757000e+04
   2.1293900e+04   2.0137900e+04   1.5757000e+04
   2.5349700e+04   2.6872400e+04   1.5757000e+04
   3.1624400e+04   3.0300400e+04   1.5757000e+04
   2.6692700e+04   3.1522600e+04   1.5757000e+04
   7.4899000e+03   3.3936300e+04   1.5757000e+04
   9.8475000e+03   3.5217900e+04   1.5757000e+04
   4.5967000e+03   3.8675400e+04   1.5757000e+04
   1.3872400e+04   3.8738400e+04   1.5757000e+04
   1.7570500e+04   3.9080900e+04   1.5757000e+04
   1.7983500e+04   5.1783000e+03   1.5858000e+04
   5.7641000e+03   6.5262000e+03   1.5858000e+04
   9.7330000e+02   8.5354000e+03   1.5858000e+04
   2.7392600e+04   1.1308200e+04   1.5858000e+04
   8.4580000e+03   1.2504800e+04   1.5858000e+04
   6.1443000e+03   1.7800900e+04   1.5858000e+04
   3.1296400e+04   1.9503100e+04   1.5858000e+04
   2.1295100e+04   2.0133100e+04   1.5858000e+04
   2.5350600e+04   2.6871700e+04   1.5858000e+04
   3.1624200e+04   3.0300300e+04   1.5858000e+04
   2.6693600e+04   3.1521600e+04   1.5858000e+04
   7.4879000e+03   3.3936100e+04   1.5858000e+04
   9.8413000e+03   3.5215000e+04   1.5858000e+04
   4.6083000e+03   3.8670700e+04   1.5858000e+04
   1.3875400e+04   3.8745900e+04   1.5858000e+04
   1.7561300e+04   3.9083800e+04   1.5858000e+04
   1.7984300e+04   5.1774000e+03   1.5959000e+04
   5.7501000e+03   6.5315000e+03   1.5959000e+04
   9.7410000e+02   8.5341000e+03   1.5959000e+04
   2.7389000e+04   1.1303300e+04   1.5959000e+04
   8.4631000e+03   1.2505600e+04   1.5959000e+04
   6.1474000e+03   1.7796300e+04   1.5959000e+04
   3.1298200e+04   1.9505200e+04   1.5959000e+04
   2.1297000e+04   2.0135000e+04   1.5959000e+04
   2.5346800e+04   2.6870600e+04   1.5959000e+04
   3.1626300e+04   3.0300300e+04   1.5959000e+04
   2.6698100e+04   3.1521700e+04   1.5959000e+04
   7.4876000e+03   3.3936500e+04   1.5959000e+04
   9.8442000e+03   3.5214900e+04   1.5959000e+04
   4.6032000e+03   3.8670000e+04   1.5959000e+04
   1.3877200e+04   3.8749500e+04   1.5959000e+04
   1.7562100e+04   3.9082400e+04   1.5959000e+04
   1.7987600e+04   5.1797000e+03   1.6060000e+04
   5.7529000e+03   6.5347000e+03   1.6060000e+04
   9.7500000e+02   8.5350000e+03   1.6060000e+04
   2.7393600e+04   1.1307400e+04   1.6060000e+04
   8.4598000e+03   1.2505000e+04   1.6060000e+04
   6.1427000e+03   1.7798300e+04   1.6060000e+04
   3.1295300e+04   1.9502000e+04   1.6060000e+04
   2.1295700e+04   2.0131900e+04   1.6060000e+04
   2.5353300e+04   2.6869400e+04   1.6060000e+04
   3.1625600e+04   3.0301400e+04   1.6060000e+04
   2.6695400e+04   3.1519600e+04   1.6060000e+04
   7.4868000e+03   3.3937800e+04   1.6060000e+04
   9.8467000e+03   3.5216000e+04   1.6060000e+04
   3.4337600e+04   3.6571600e+04   1.6060000e+04
   4.6053000e+03   3.8677600e+04   1.6060000e+04
   1.3868400e+04   3.8740000e+04   1.6060000e+04
   1.7565400e+04   3.9078700e+04   1.6060000e+04
   1.7987900e+04   5.1777000e+03   1.6161000e+04
   5.7654000e+03   6.5293000e+03   1.6161000e+04
   9.7110000e+02   8.5398000e+03   1.6161000e+04
   2.7391000e+04   1.1306500e+04   1.6161000e+04
   8.4583000e+03   1.2506200e+04   1.6161000e+04
   6.1463000e+03   1.7791100e+04   1.6161000e+04
   3.1299800e+04   1.9505700e+04   1.6161000e+04
   2.1295900e+04   2.0134400e+04   1.6161000e+04
   2.5349900e+04   2.6866900e+04   1.6161000e+04
   3.1625700e+04   3.0301800e+04   1.6161000e+04
   2.6693200e+04   3.1518100e+04   1.6161000e+04
   7.4865000e+03   3.3935200e+04   1.6161000e+04
   9.8367000e+03   3.5222100e+04   1.6161000e+04
   4.6038000e+03   3.8671100e+04   1.6161000e+04
   1.3870000e+04   3.8746400e+04   1.6161000e+04
   1.7566200e+04   3.9082500e+04   1.6161000e+04
   1.7987100e+04   5.1734000e+03   1.6262000e+04
   5.7534000e+03   6.5246000e+03   1.6262000e+04
   9.7250000e+02   8.5355000e+03   1.6262000e+04
   2.7393600e+04   1.1309100e+04   1.6262000e+04
   8.4627000e+03   1.2511000e+04   1.6262000e+04
   6.1464000e+03   1.7798900e+04   1.6262000e+04
   3.1294400e+04   1.9506200e+04   1.6262000e+04
   2.1294800e+04   2.0132300e+04   1.6262000e+04
   2.5351400e+04   2.6869900e+04   1.6262000e+04
   3.1621600e+04   3.0308200e+04   1.6262000e+04
   2.6691400e+04   3.1516800e+04   1.6262000e+04
   7.4897000e+03   3.3935000e+04   1.6262000e+04
   9.8448000e+03   3.5217700e+04   1.6262000e+04
   3.4338000e+04   3.6572700e+04   1.6262000e+04
   4.6087000e+03   3.8674000e+04   1.6262000e+04
   1.3876700e+04   3.8746100e+04   1.6262000e+04
   1.7560000e+04   3.9074800e+04   1.6262000e+04
   1.7984900e+04   5.1759000e+03   1.6363000e+04
   5.7549000e+03   6.5272000e+03   1.6363000e+04
   9.7490000e+02   8.5331000e+03   1.6363000e+04
   2.7395100e+04   1.1310800e+04   1.6363000e+04
   8.4563000e+03   1.2511400e+04   1.6363000e+04
   6.1462000e+03   1.7795500e+04   1.6363000e+04
   3.1297000e+04   1.9504400e+04   1.6363000e+04
   2.1294900e+04   2.0133500e+04   1.6363000e+04
   2.5352500e+04   2.6872700e+04   1.6363000e+04
   3.1623400e+04   3.0303100e+04   1.6363000e+04
   2.6694100e+04   3.1521600e+04   1.6363000e+04
   7.4875000e+03   3.3933500e+04   1.6363000e+04
   9.8435000e+03   3.5209100e+04   1.6363000e+04
   3.4337500e+04   3.6568800e+04   1.6363000e+04
   4.6078000e+03   3.8678000e+04   1.6363000e+04
   1.3874700e+04   3.8746700e+04   1.6363000e+04
   1.7561900e+04   3.9080800e+04   1.6363000e+04
   1.7985800e+04   5.1743000e+03   1.6464000e+04
   5.7614000e+03   6.5277000e+03   1.6464000e+04
   9.7520000e+02   8.5323000e+03   1.6464000e+04
   2.7389900e+04   1.1312000e+04   1.6464000e+04
   8.4559000e+03   1.2506400e+04   1.6464000e+04
   6.1487000e+03   1.7792100e+04   1.6464000e+04
   3.1295600e+04   1.9501700e+04   1.6464000e+04
   2.1292200e+04   2.0138700e+04   1.6464000e+04
   2.5352100e+04   2.6869300e+04   1.6464000e+04
   3.1624800e+04   3.0299400e+04   1.6464000e+04
   2.6696100e+04   3.1525600e+04   1.6464000e+04
   7.4881000e+03   3.3939700e+04   1.6464000e+04
   9.8464000e+03   3.5223200e+04   1.6464000e+04
   3.4333800e+04   3.6565000e+04   1.6464000e+04
   4.6001000e+03   3.8671800e+04   1.6464000e+04
   1.3875100e+04   3.8743600e+04   1.6464000e+04
   1.7565900e+04   3.9083400e+04   1.6464000e+04
   1.7983800e+04   5.1800000e+03   1.6565000e+04
   5.7504000e+03   6.5296000e+03   1.6565000e+04
   9.7330000e+02   8.5384000e+03   1.6565000e+04
   2.7395100e+04   1.1309000e+04   1.6565000e+04
   8.4640000e+03   1.2508300e+04   1.6565000e+04
   6.1492000e+03   1.7793400e+04   1.6565000e+04
   3.1299800e+04   1.9501300e+04   1.6565000e+04
   2.1293600e+04   2.0133000e+04   1.6565000e+04
   2.5351900e+04   2.6870100e+04   1.6565000e+04
   3.1623000e+04   3.0300300e+04   1.6565000e+04
   2.6694700e+04   3.1519300e+04   1.6565000e+04
   7.4861000e+03   3.3936200e+04   1.6565000e+04
   9.8441000e+03   3.5224100e+04   1.6565000e+04
   3.4335700e+04   3.6565300e+04   1.6565000e+04
   4.6092000e+03   3.8671600e+04   1.6565000e+04
   1.3870200e+04   3.8749200e+04   1.6565000e+04
   1.7562900e+04   3.9076900e+04   1.6565000e+04
   1.7984600e+04   5.1766000e+03   1.6666000e+04
   5.7559000e+03   6.5281000e+03   1.6666000e+04
   9.7210000e+02   8.5349000e+03   1.6666000e+04
   2.7394700e+04   1.1306900e+04   1.6666000e+04
   8.4485000e+03   1.2508600e+04   1.6666000e+04
   6.1485000e+03   1.7794600e+04   1.6666000e+04
   3.1298000e+04   1.9502700e+04   1.6666000e+04
   2.1296400e+04   2.0134600e+04   1.6666000e+04
   2.5354300e+04   2.6875100e+04   1.6666000e+04
   3.1621700e+04   3.0302700e+04   1.6666000e+04
   2.6692900e+04   3.1523400e+04   1.6666000e+04
   7.4866000e+03   3.3938300e+04   1.6666000e+04
   9.8525000e+03   3.5218900e+04   1.6666000e+04
   3.4336600e+04   3.6567000e+04   1.6666000e+04
   4.6072000e+03   3.8672500e+04   1.6666000e+04
   1.3871500e+04   3.8745600e+04   1.6666000e+04
   1.7565100e+04   3.9075500e+04   1.6666000e+04
   1.7986100e+04   5.1807000e+03   1.6767000e+04
   5.7540000e+03   6.5260000e+03   1.6767000e+04
   9.7700000e+02   8.5282000e+03   1.6767000e+04
   2.7395900e+04   1.1306000e+04   1.6767000e+04
   8.4582000e+03   1.2509400e+04   1.6767000e+04
   6.1458000e+03   1.7792300e+04   1.6767000e+04
   3.1296500e+04   1.9503500e+04   1.6767000e+04
   2.1294500e+04   2.0138400e+04   1.6767000e+04
   2.5355400e+04   2.6872700e+04   1.6767000e+04
   3.1624800e+04   3.0305600e+04   1.6767000e+04
   2.6695300e+04   3.1523200e+04   1.6767000e+04
   7.4873000e+03   3.3936100e+04   1.6767000e+04
   9.8441000e+03   3.5221800e+04   1.6767000e+04
   3.4335700e+04   3.6563200e+04   1.6767000e+04
   4.6025000e+03   3.8672400e+04   1.6767000e+04
   1.3865400e+04   3.8745300e+04   1.6767000e+04
   1.7568400e+04   3.9081200e+04   1.6767000e+04
   1.7984200e+04   5.1751000e+03   1.6868000e+04
   5.7554000e+03   6.5278000e+03   1.6868000e+04
   9.7320000e+02   8.5325000e+03   1.6868000e+04
   2.7390000e+04   1.1306000e+04   1.6868000e+04
   8.4517000e+03   1.2513700e+04   1.6868000e+04
   6.1431000e+03   1.7795400e+04   1.6868000e+04
   3.1302100e+04   1.9504300e+04   1.6868000e+04
   2.1292800e+04   2.0129700e+04   1.6868000e+04
   2.5354000e+04   2.6872700e+04   1.6868000e+04
   3.1625000e+04   3.0303700e+04   1.6868000e+04
   2.6699200e+04   3.1523200e+04   1.6868000e+04
   7.4869000e+03   3.3937500e+04   1.6868000e+04
   9.8425000e+03   3.5222300e+04   1.6868000e+04
   3.4339000e+04   3.6570500e+04   1.6868000e+04
   4.6079000e+03   3.8666800e+04   1.6868000e+04
   1.3869100e+04   3.8746200e+04   1.6868000e+04
   1.7571100e+04   3.9078700e+04   1.6868000e+04
   1.7987600e+04   5.1763000e+03   1.6969000e+04
   5.7555000e+03   6.5250000e+03   1.6969000e+04
   9.7100000e+02   8.5357000e+03   1.6969000e+04
   2.7391700e+04   1.1307700e+04   1.6969000e+04
   8.4546000e+03   1.2504100e+04   1.6969000e+04
   6.1499000e+03   1.7798300e+04   1.6969000e+04
   3.1302300e+04   1.9504000e+04   1.6969000e+04
   2.1292800e+04   2.0136700e+04   1.6969000e+04
   2.5348300e+04   2.6870800e+04   1.6969000e+04
   3.1623600e+04   3.0309000e+04   1.6969000e+04
   2.6696800e+04   3.1516200e+04   1.6969000e+04
   7.4891000e+03   3.3935100e+04   1.6969000e+04
   9.8483000e+03   3.5220400e+04   1.6969000e+04
   3.4342100e+04   3.6570700e+04   1.6969000e+04
   4.6021000e+03   3.8671600e+04   1.6969000e+04
   1.3869100e+04   3.8746800e+04   1.6969000e+04
   1.7562300e+04   3.9077600e+04   1.6969000e+04
   1.7987500e+04   5.1831000e+03   1.7070000e+04
   5.7558000e+03   6.5316000e+03   1.7070000e+04
   9.7540000e+02   8.5344000e+03   1.7070000e+04
   2.7391000e+04   1.1304500e+04   1.7070000e+04
   8.4553000e+03   1.2506700e+04   1.7070000e+04
   6.1464000e+03   1.7789100e+04   1.7070000e+04
   3.1299000e+04   1.9504400e+04   1.7070000e+04
   2.1295500e+04   2.0135000e+04   1.7070000e+04
   2.5352800e+04   2.6869100e+04   1.7070000e+04
   3.1620500e+04   3.0301900e+04   1.7070000e+04
   2.6692500e+04   3.1519900e+04   1.7070000e+04
   7.4870000e+03   3.3937200e+04   1.7070000e+04
   9.8489000e+03   3.5227000e+04   1.7070000e+04
   3.4335200e+04   3.6569600e+04   1.7070000e+04
   4.6073000e+03   3.8665700e+04   1.7070000e+04
   1.3872700e+04   3.8746900e+04   1.7070000e+04
   1.7564300e+04   3.9080000e+04   1.7070000e+04
   1.7984400e+04   5.1813000e+03   1.7171000e+04
   5.7608000e+03   6.5251000e+03   1.7171000e+04
   9.7060000e+02   8.5320000e+03   1.7171000e+04
   2.7392600e+04   1.1306300e+04   1.7171000e+04
   8.4522000e+03   1.2506300e+04   1.7171000e+04
   6.1458000e+03   1.7795900e+04   1.7171000e+04
   3.1294200e+04   1.9505000e+04   1.7171000e+04
   2.1290400e+04   2.0133700e+04   1.7171000e+04
   2.5351900e+04   2.6873200e+04   1.7171000e+04
   3.1621200e+04   3.0300900e+04   1.7171000e+04
   2.6698500e+04   3.1528700e+04   1.7171000e+04
   7.4873000e+03   3.3938500e+04   1.7171000e+04
   9.8490000e+03   3.5211000e+04   1.7171000e+04
   3.4336500e+04   3.6568800e+04   1.7171000e+04
   4.6099000e+03   3.8668900e+04   1.7171000e+04
   1.3877500e+04   3.8745900e+04   1.7171000e+04
   1.7564300e+04   3.9084600e+04   1.7171000e+04
   1.7988000e+04   5.1780000e+03   1.7272000e+04
   5.7558000e+03   6.5333000e+03   1.7272000e+04
   9.8010000e+02   8.5317000e+03   1.7272000e+04
   2.7396600e+04   1.1306300e+04   1.7272000e+04
   8.4575000e+03   1.2502100e+04   1.7272000e+04
   6.1474000e+03   1.7796200e+04   1.7272000e+04
   3.1297300e+04   1.9504500e+04   1.7272000e+04
   2.1293100e+04   2.0136500e+04   1.7272000e+04
   2.5346800e+04   2.6872000e+04   1.7272000e+04
   3.1624000e+04   3.0303800e+04   1.7272000e+04
   2.6689400e+04   3.1519200e+04   1.7272000e+04
   7.4860000e+03   3.3936300e+04   1.7272000e+04
   9.8466000e+03   3.5221100e+04   1.7272000e+04
   3.4335400e+04   3.6569700e+04   1.7272000e+04
   4.6087000e+03   3.8668400e+04   1.7272000e+04
   1.3868700e+04   3.8747900e+04   1.7272000e+04
   1.7565500e+04   3.9079000e+04   1.7272000e+04
   1.7987100e+04   5.1854000e+03   1.7373000e+04
   5.7500000e+03   6.5415000e+03   1.7373000e+04
   9.7890000e+02   8.5415000e+03   1.7373000e+04
   2.7391800e+04   1.1301600e+04   1.7373000e+04
   8.4568000e+03   1.2505400e+04   1.7373000e+04
   6.1502000e+03   1.7791600e+04   1.7373000e+04
   3.1298500e+04   1.9505100e+04   1.7373000e+04
   2.1296700e+04   2.0131500e+04   1.7373000e+04
   2.5350800e+04   2.6871600e+04   1.7373000e+04
   3.1620600e+04   3.0301600e+04   1.7373000e+04
   2.6697100e+04   3.1521700e+04   1.7373000e+04
   7.4893000e+03   3.3936200e+04   1.7373000e+04
   9.8444000e+03   3.5211400e+04   1.7373000e+04
   3.4339100e+04   3.6563900e+04   1.7373000e+04
   4.6027000e+03   3.8675800e+04   1.7373000e+04
   1.3872300e+04   3.8743400e+04   1.7373000e+04
   1.7560700e+04   3.9076900e+04   1.7373000e+04
   1.7980900e+04   5.1743000e+03   1.7474000e+04
   5.7612000e+03   6.5245000e+03   1.7474000e+04
   9.7350000e+02   8.5311000e+03   1.7474000e+04
   2.7395900e+04   1.1310200e+04   1.7474000e+04
   8.4569000e+03   1.2509400e+04   1.7474000e+04
   6.1525000e+03   1.7791900e+04   1.7474000e+04
   3.1297300e+04   1.9504200e+04   1.7474000e+04
   2.1298200e+04   2.0134100e+04   1.7474000e+04
   2.5347800e+04   2.6872700e+04   1.7474000e+04
   3.1626300e+04   3.0304300e+04   1.7474000e+04
   2.6690000e+04   3.1515900e+04   1.7474000e+04
   7.4878000e+03   3.3936700e+04   1.7474000e+04
   9.8403000e+03   3.5230700e+04   1.7474000e+04
   3.4337700e+04   3.6566700e+04   1.7474000e+04
   4.6020000e+03   3.8676200e+04   1.7474000e+04
   1.3874300e+04   3.8745400e+04   1.7474000e+04
   1.7564500e+04   3.9077900e+04   1.7474000e+04
   1.7991700e+04   5.1804000e+03   1.7575000e+04
   5.7628000e+03   6.5281000e+03   1.7575000e+04
   9.7270000e+02   8.5281000e+03   1.7575000e+04
   2.7391000e+04   1.1309700e+04   1.7575000e+04
   8.4602000e+03   1.2503000e+04   1.7575000e+04
   6.1451000e+03   1.7803000e+04   1.7575000e+04
   3.1297900e+04   1.9505200e+04   1.7575000e+04
   2.1296100e+04   2.0134300e+04   1.7575000e+04
   2.5351200e+04   2.6874400e+04   1.7575000e+04
   3.1619100e+04   3.0300600e+04   1.7575000e+04
   2.6697000e+04   3.1517100e+04   1.7575000e+04
   7.4879000e+03   3.3937100e+04   1.7575000e+04
   9.8285000e+03   3.5225400e+04   1.7575000e+04
   3.4339100e+04   3.6567700e+04   1.7575000e+04
   4.6055000e+03   3.8674800e+04   1.7575000e+04
   1.3875800e+04   3.8740900e+04   1.7575000e+04
   1.7565500e+04   3.9076200e+04   1.7575000e+04
   1.7985700e+04   5.1790000e+03   1.7676000e+04
   5.7625000e+03   6.5294000e+03   1.7676000e+04
   9.8120000e+02   8.5380000e+03   1.7676000e+04
   2.7393400e+04   1.1302700e+04   1.7676000e+04
   8.4543000e+03   1.2508900e+04   1.7676000e+04
   6.1424000e+03   1.7790300e+04   1.7676000e+04
   3.1296300e+04   1.9504600e+04   1.7676000e+04
   2.1290400e+04   2.0135300e+04   1.7676000e+04
   2.5346800e+04   2.6866800e+04   1.7676000e+04
   3.1625000e+04   3.0303900e+04   1.7676000e+04
   2.6697600e+04   3.1524900e+04   1.7676000e+04
   7.4879000e+03   3.3937600e+04   1.7676000e+04
   9.8412000e+03   3.5226900e+04   1.7676000e+04
   3.4335000e+04   3.6569900e+04   1.7676000e+04
   4.6106000e+03   3.8672500e+04   1.7676000e+04
   1.3870800e+04   3.8738600e+04   1.7676000e+04
   1.7566000e+04   3.9076900e+04   1.7676000e+04
   1.7990100e+04   5.1775000e+03   1.7777000e+04
   5.7465000e+03   6.5340000e+03   1.7777000e+04
   9.8000000e+02   8.5319000e+03   1.7777000e+04
   2.7392700e+04   1.1304500e+04   1.7777000e+04
   8.4599000e+03   1.2504400e+04   1.7777000e+04
   6.1484000e+03   1.7798600e+04   1.7777000e+04
   3.1299700e+04   1.9505300e+04   1.7777000e+04
   2.1294200e+04   2.0135200e+04   1.7777000e+04
   2.5347300e+04   2.6870500e+04   1.7777000e+04
   3.1623300e+04   3.0302600e+04   1.7777000e+04
   2.6688900e+04   3.1517900e+04   1.7777000e+04
   7.4817000e+03   3.3939400e+04   1.7777000e+04
   9.8411000e+03   3.5222100e+04   1.7777000e+04
   3.4338400e+04   3.6568100e+04   1.7777000e+04
   4.6128000e+03   3.8670600e+04   1.7777000e+04
   1.3876200e+04   3.8742000e+04   1.7777000e+04
   1.7565700e+04   3.9081400e+04   1.7777000e+04
   1.7986600e+04   5.1826000e+03   1.7878000e+04
   5.7575000e+03   6.5312000e+03   1.7878000e+04
   9.8010000e+02   8.5353000e+03   1.7878000e+04
   2.7394400e+04   1.1308700e+04   1.7878000e+04
   8.4577000e+03   1.2508400e+04   1.7878000e+04
   6.1424000e+03   1.7793800e+04   1.7878000e+04
   3.1298900e+04   1.9503300e+04   1.7878000e+04
   2.1295100e+04   2.0135200e+04   1.7878000e+04
   2.5349500e+04   2.6872800e+04   1.7878000e+04
   3.1621900e+04   3.0300200e+04   1.7878000e+04
   2.6690300e+04   3.1523600e+04   1.7878000e+04
   7.4883000e+03   3.3940300e+04   1.7878000e+04
   9.8454000e+03   3.5215700e+04   1.7878000e+04
   3.4340600e+04   3.6573300e+04   1.7878000e+04
   4.6079000e+03   3.8667000e+04   1.7878000e+04
   1.3870300e+04   3.8739000e+04   1.7878000e+04
   1.7560200e+04   3.9075700e+04   1.7878000e+04
   1.7986800e+04   5.1803000e+03   1.7979000e+04
   5.7488000e+03   6.5338000e+03   1.7979000e+04
   9.6870000e+02   8.5319000e+03   1.7979000e+04
   2.7395300e+04   1.1304900e+04   1.7979000e+04
   8.4566000e+03   1.2505700e+04   1.7979000e+04
   6.1461000e+03   1.7795300e+04   1.7979000e+04
   3.1301400e+04   1.9502000e+04   1.7979000e+04
   2.1295000e+04   2.0130500e+04   1.7979000e+04
   2.5354400e+04   2.6870100e+04   1.7979000e+04
   3.1626200e+04   3.0302000e+04   1.7979000e+04
   2.6694800e+04   3.1524500e+04   1.7979000e+04
   7.4917000e+03   3.3936900e+04   1.7979000e+04
   9.8463000e+03   3.5224900e+04   1.7979000e+04
   3.4334900e+04   3.6568000e+04   1.7979000e+04
   4.6072000e+03   3.8670600e+04   1.7979000e+04
   1.3870500e+04   3.8745200e+04   1.7979000e+04
   1.7562300e+04   3.9079300e+04   1.7979000e+04
   1.7985200e+04   5.1779000e+03   1.8080000e+04
   5.7590000e+03   6.5246000e+03   1.8080000e+04
   9.6920000e+02   8.5335000e+03   1.8080000e+04
   2.7392300e+04   1.1311500e+04   1.8080000e+04
   8.4537000e+03   1.2501900e+04   1.8080000e+04
   6.1489000e+03   1.7798500e+04   1.8080000e+04
   3.1297200e+04   1.9502600e+04   1.8080000e+04
   2.1298200e+04   2.0133400e+04   1.8080000e+04
   2.5349000e+04   2.6873900e+04   1.8080000e+04
   3.1623200e+04   3.0302400e+04   1.8080000e+04
   2.6697400e+04   3.1520400e+04   1.8080000e+04
   7.4886000e+03   3.3935900e+04   1.8080000e+04
   9.8469000e+03   3.5226300e+04   1.8080000e+04
   3.4338800e+04   3.6569800e+04   1.8080000e+04
   4.6048000e+03   3.8671800e+04   1.8080000e+04
   1.3872200e+04   3.8739300e+04   1.8080000e+04
   1.7562500e+04   3.9082200e+04   1.8080000e+04
   1.7991900e+04   5.1795000e+03   1.8181000e+04
   5.7547000e+03   6.5284000e+03   1.8181000e+04
   9.6870000e+02   8.5365000e+03   1.8181000e+04
   2.7392800e+04   1.1305900e+04   1.8181000e+04
   8.4562000e+03   1.2505100e+04   1.8181000e+04
   6.1442000e+03   1.7799600e+04   1.8181000e+04
   3.1298100e+04   1.9501800e+04   1.8181000e+04
   2.1293100e+04   2.0132500e+04   1.8181000e+04
   2.5351300e+04   2.6867000e+04   1.8181000e+04
   3.1623600e+04   3.0305700e+04   1.8181000e+04
   2.6693000e+04   3.1519900e+04   1.8181000e+04
   7.4864000e+03   3.3933900e+04   1.8181000e+04
   9.8399000e+03   3.5224200e+04   1.8181000e+04
   3.4338900e+04   3.6568900e+04   1.8181000e+04
   4.6113000e+03   3.8670300e+04   1.8181000e+04
   1.3877300e+04   3.8747300e+04   1.8181000e+04
   1.7565600e+04   3.9079800e+04   1.8181000e+04
   1.7988600e+04   5.1812000e+03   1.8282000e+04
   5.7588000e+03   6.5311000e+03   1.8282000e+04
   9.7770000e+02   8.5358000e+03   1.8282000e+04
   2.7393300e+04   1.1306100e+04   1.8282000e+04
   8.4579000e+03   1.2503700e+04   1.8282000e+04
   6.1522000e+03   1.7792700e+04   1.8282000e+04
   3.1299800e+04   1.9503100e+04   1.8282000e+04
   2.1294300e+04   2.0135400e+04   1.8282000e+04
   2.5351800e+04   2.6870100e+04   1.8282000e+04
   3.1619800e+04   3.0302500e+04   1.8282000e+04
   2.6691900e+04   3.1518900e+04   1.8282000e+04
   7.4862000e+03   3.3939100e+04   1.8282000e+04
   9.8426000e+03   3.5225100e+04   1.8282000e+04
   3.4334700e+04   3.6569700e+04   1.8282000e+04
   4.6001000e+03   3.8670900e+04   1.8282000e+04
   1.3872600e+04   3.8744800e+04   1.8282000e+04
   1.7564700e+04   3.9075800e+04   1.8282000e+04
   1.7992300e+04   5.1758000e+03   1.8383000e+04
   5.7521000e+03   6.5269000e+03   1.8383000e+04
   9.7050000e+02   8.5331000e+03   1.8383000e+04
   2.7393200e+04   1.1307800e+04   1.8383000e+04
   8.4630000e+03   1.2505200e+04   1.8383000e+04
   6.1508000e+03   1.7789200e+04   1.8383000e+04
   3.1295500e+04   1.9503700e+04   1.8383000e+04
   2.1295400e+04   2.0134300e+04   1.8383000e+04
   2.5348200e+04   2.6873100e+04   1.8383000e+04
   3.1622100e+04   3.0303500e+04   1.8383000e+04
   2.6696800e+04   3.1519700e+04   1.8383000e+04
   7.4843000e+03   3.3938400e+04   1.8383000e+04
   9.8475000e+03   3.5227800e+04   1.8383000e+04
   3.4333600e+04   3.6566500e+04   1.8383000e+04
   4.6021000e+03   3.8678700e+04   1.8383000e+04
   1.3871800e+04   3.8743300e+04   1.8383000e+04
   1.7567900e+04   3.9079300e+04   1.8383000e+04
   1.7989100e+04   5.1810000e+03   1.8484000e+04
   5.7621000e+03   6.5274000e+03   1.8484000e+04
   9.7200000e+02   8.5381000e+03   1.8484000e+04
   2.7389400e+04   1.1308100e+04   1.8484000e+04
   8.4562000e+03   1.2510400e+04   1.8484000e+04
   6.1478000e+03   1.7793600e+04   1.8484000e+04
   3.1298200e+04   1.9503200e+04   1.8484000e+04
   2.1294700e+04   2.0132700e+04   1.8484000e+04
   2.5351100e+04   2.6870900e+04   1.8484000e+04
   3.1621600e+04   3.0303600e+04   1.8484000e+04
   2.6692400e+04   3.1522600e+04   1.8484000e+04
   7.4874000e+03   3.3938700e+04   1.8484000e+04
   9.8528000e+03   3.5212300e+04   1.8484000e+04
   3.4335100e+04   3.6569600e+04   1.8484000e+04
   4.6046000e+03   3.8669800e+04   1.8484000e+04
   1.3869200e+04   3.8744700e+04   1.8484000e+04
   1.7563300e+04   3.9079600e+04   1.8484000e+04
   1.7986800e+04   5.1745000e+03   1.8585000e+04
   5.7620000e+03   6.5277000e+03   1.8585000e+04
   9.7730000e+02   8.5357000e+03   1.8585000e+04
   2.7392400e+04   1.1305900e+04   1.8585000e+04
   8.4656000e+03   1.2506300e+04   1.8585000e+04
   6.1469000e+03   1.7789600e+04   1.8585000e+04
   3.1293100e+04   1.9507000e+04   1.8585000e+04
   2.1289400e+04   2.0131000e+04   1.8585000e+04
   2.5352100e+04   2.6871600e+04   1.8585000e+04
   3.1624800e+04   3.0302800e+04   1.8585000e+04
   2.6695800e+04   3.1522500e+04   1.8585000e+04
   7.4859000e+03   3.3937200e+04   1.8585000e+04
   9.8376000e+03   3.5224400e+04   1.8585000e+04
   3.4337300e+04   3.6573600e+04   1.8585000e+04
   4.6050000e+03   3.8671200e+04   1.8585000e+04
   1.3873800e+04   3.8743200e+04   1.8585000e+04
   1.7561100e+04   3.9081900e+04   1.8585000e+04
   1.7985700e+04   5.1760000e+03   1.8686000e+04
   5.7545000e+03   6.5280000e+03   1.8686000e+04
   9.8270000e+02   8.5348000e+03   1.8686000e+04
   2.7392100e+04   1.1305400e+04   1.8686000e+04
   8.4524000e+03   1.2500600e+04   1.8686000e+04
   6.1506000e+03   1.7796700e+04   1.8686000e+04
   3.1298200e+04   1.9506000e+04   1.8686000e+04
   2.1294300e+04   2.0136400e+04   1.8686000e+04
   2.5351600e+04   2.6869200e+04   1.8686000e+04
   3.1625600e+04   3.0304200e+04   1.8686000e+04
   2.6695300e+04   3.1520900e+04   1.8686000e+04
   7.4852000e+03   3.3936600e+04   1.8686000e+04
   9.8335000e+03   3.5225100e+04   1.8686000e+04
   3.4343300e+04   3.6565400e+04   1.8686000e+04
   4.6053000e+03   3.8671900e+04   1.8686000e+04
   1.3874800e+04   3.8744900e+04   1.8686000e+04
   1.7561900e+04   3.9084000e+04   1.8686000e+04
   1.7983200e+04   5.1765000e+03   1.8787000e+04
   5.7605000e+03   6.5357000e+03   1.8787000e+04
   9.7750000e+02   8.5347000e+03   1.8787000e+04
   2.7392600e+04   1.1304600e+04   1.8787000e+04
   8.4590000e+03   1.2503100e+04   1.8787000e+04
   6.1441000e+03   1.7792900e+04   1.8787000e+04
   3.1294500e+04   1.9505600e+04   1.8787000e+04
   2.1295100e+04   2.0130100e+04   1.8787000e+04
   2.5351900e+04   2.6868400e+04   1.8787000e+04
   3.1627500e+04   3.0302400e+04   1.8787000e+04
   2.6690800e+04   3.1523600e+04   1.8787000e+04
   7.4867000e+03   3.3936400e+04   1.8787000e+04
   9.8450000e+03   3.5223900e+04   1.8787000e+04
   3.4334800e+04   3.6568000e+04   1.8787000e+04
   4.6091000e+03   3.8671400e+04   1.8787000e+04
   1.3871800e+04   3.8750300e+04   1.8787000e+04
   1.7563000e+04   3.9078800e+04   1.8787000e+04
   1.7988900e+04   5.1797000e+03   1.8888000e+04
   5.7611000e+03   6.5268000e+03   1.8888000e+04
   9.7260000e+02   8.5363000e+03   1.8888000e+04
   2.7395600e+04   1.1305600e+04   1.8888000e+04
   8.4561000e+03   1.2501900e+04   1.8888000e+04
   6.1467000e+03   1.7799600e+04   1.8888000e+04
   3.1296500e+04   1.9505700e+04   1.8888000e+04
   2.1294200e+04   2.0128700e+04   1.8888000e+04
   2.5349600e+04   2.6873400e+04   1.8888000e+04
   3.1620500e+04   3.0303900e+04   1.8888000e+04
   2.6692900e+04   3.1516200e+04   1.8888000e+04
   7.4888000e+03   3.3939600e+04   1.8888000e+04
   9.8504000e+03   3.5219000e+04   1.8888000e+04
   3.4338400e+04   3.6573900e+04   1.8888000e+04
   4.5990000e+03   3.8677600e+04   1.8888000e+04
   1.3872900e+04   3.8738100e+04   1.8888000e+04
   1.7563100e+04   3.9080000e+04   1.8888000e+04
   1.7982300e+04   5.1786000e+03   1.8989000e+04
   5.7589000e+03   6.5261000e+03   1.8989000e+04
   9.7650000e+02   8.5372000e+03   1.8989000e+04
   2.7393700e+04   1.1305800e+04   1.8989000e+04
   8.4612000e+03   1.2505400e+04   1.8989000e+04
   6.1411000e+03   1.7796200e+04   1.8989000e+04
   3.1295200e+04   1.9502600e+04   1.8989000e+04
   2.1296300e+04   2.0130300e+04   1.8989000e+04
   2.5350300e+04   2.6874200e+04   1.8989000e+04
   3.1624400e+04   3.0306200e+04   1.8989000e+04
   2.6693200e+04   3.1524600e+04   1.8989000e+04
   7.4864000e+03   3.3937700e+04   1.8989000e+04
   9.8481000e+03   3.5218200e+04   1.8989000e+04
   3.4338100e+04   3.6573600e+04   1.8989000e+04
   4.6048000e+03   3.8671000e+04   1.8989000e+04
   1.3871000e+04   3.8740700e+04   1.8989000e+04
   1.7565400e+04   3.9077700e+04   1.8989000e+04
   1.7985000e+04   5.1784000e+03   1.9090000e+04
   5.7575000e+03   6.5315000e+03   1.9090000e+04
   9.7240000e+02   8.5389000e+03   1.9090000e+04
   2.7393800e+04   1.1300400e+04   1.9090000e+04
   8.4612000e+03   1.2507600e+04   1.9090000e+04
   6.1520000e+03   1.7797200e+04   1.9090000e+04
   3.1297500e+04   1.9503700e+04   1.9090000e+04
   2.1295700e+04   2.0133000e+04   1.9090000e+04
   2.5353800e+04   2.6868000e+04   1.9090000e+04
   3.1623400e+04   3.0302500e+04   1.9090000e+04
   2.6694600e+04   3.1522200e+04   1.9090000e+04
   7.4841000e+03   3.3936100e+04   1.9090000e+04
   9.8392000e+03   3.5224000e+04   1.9090000e+04
   3.4337900e+04   3.6574600e+04   1.9090000e+04
   4.6006000e+03   3.8666600e+04   1.9090000e+04
   1.3871300e+04   3.8744900e+04   1.9090000e+04
   1.7567000e+04   3.9076500e+04   1.9090000e+04
   1.7984400e+04   5.1802000e+03   1.9191000e+04
   5.7588000e+03   6.5321000e+03   1.9191000e+04
   9.7390000e+02   8.5327000e+03   1.9191000e+04
   2.7393000e+04   1.1304100e+04   1.9191000e+04
   8.4601000e+03   1.2507200e+04   1.9191000e+04
   6.1485000e+03   1.7793500e+04   1.9191000e+04
   3.1295300e+04   1.9502500e+04   1.9191000e+04
   2.1287800e+04   2.0131100e+04   1.9191000e+04
   2.5348600e+04   2.6869500e+04   1.9191000e+04
   3.1624400e+04   3.0300900e+04   1.9191000e+04
   2.6699500e+04   3.1520700e+04   1.9191000e+04
   7.4858000e+03   3.3935000e+04   1.9191000e+04
   9.8501000e+03   3.5234200e+04   1.9191000e+04
   3.4338200e+04   3.6573100e+04   1.9191000e+04
   4.6013000e+03   3.8670200e+04   1.9191000e+04
   1.3873500e+04   3.8742600e+04   1.9191000e+04
   1.7564000e+04   3.9076500e+04   1.9191000e+04
   1.7985800e+04   5.1783000e+03   1.9292000e+04
   5.7596000e+03   6.5331000e+03   1.9292000e+04
   9.7320000e+02   8.5353000e+03   1.9292000e+04
   2.7392300e+04   1.1303200e+04   1.9292000e+04
   8.4534000e+03   1.2509500e+04   1.9292000e+04
   6.1485000e+03   1.7796100e+04   1.9292000e+04
   3.1296700e+04   1.9504100e+04   1.9292000e+04
   2.1298000e+04   2.0127600e+04   1.9292000e+04
   2.5353400e+04   2.6871800e+04   1.9292000e+04
   3.1621600e+04   3.0305000e+04   1.9292000e+04
   2.6697900e+04   3.1519500e+04   1.9292000e+04
   7.4877000e+03   3.3934700e+04   1.9292000e+04
   9.8457000e+03   3.5224000e+04   1.9292000e+04
   3.4337200e+04   3.6566300e+04   1.9292000e+04
   4.6036000e+03   3.8675400e+04   1.9292000e+04
   1.3872900e+04   3.8742300e+04   1.9292000e+04
   1.7559500e+04   3.9079900e+04   1.9292000e+04
   1.7983700e+04   5.1806000e+03   1.9393000e+04
   5.7521000e+03   6.5293000e+03   1.9393000e+04
   9.7190000e+02   8.5410000e+03   1.9393000e+04
   2.7393700e+04   1.1302600e+04   1.9393000e+04
   8.4588000e+03   1.2512500e+04   1.9393000e+04
   6.1460000e+03   1.7792400e+04   1.9393000e+04
   3.1296600e+04   1.9500800e+04   1.9393000e+04
   2.1297900e+04   2.0138400e+04   1.9393000e+04
   2.5354300e+04   2.6867500e+04   1.9393000e+04
   3.1624600e+04   3.0301600e+04   1.9393000e+04
   2.6697300e+04   3.1520600e+04   1.9393000e+04
   7.4908000e+03   3.3940200e+04   1.9393000e+04
   9.8440000e+03   3.5219900e+04   1.9393000e+04
   3.4335400e+04   3.6566500e+04   1.9393000e+04
   4.6011000e+03   3.8668900e+04   1.9393000e+04
   1.3873700e+04   3.8746100e+04   1.9393000e+04
   1.7565300e+04   3.9077300e+04   1.9393000e+04
   1.7985500e+04   5.1756000e+03   1.9494000e+04
   5.7599000e+03   6.5184000e+03   1.9494000e+04
   9.7450000e+02   8.5309000e+03   1.9494000e+04
   2.7395200e+04   1.1306500e+04   1.9494000e+04
   8.4582000e+03   1.2507200e+04   1.9494000e+04
   6.1443000e+03   1.7798700e+04   1.9494000e+04
   3.1298800e+04   1.9501500e+04   1.9494000e+04
   2.1293100e+04   2.0138000e+04   1.9494000e+04
   2.5348400e+04   2.6874700e+04   1.9494000e+04
   3.1620600e+04   3.0307700e+04   1.9494000e+04
   2.6696400e+04   3.1527300e+04   1.9494000e+04
   7.4868000e+03   3.3938900e+04   1.9494000e+04
   9.8390000e+03   3.5226400e+04   1.9494000e+04
   3.4336600e+04   3.6561300e+04   1.9494000e+04
   4.6103000e+03   3.8672500e+04   1.9494000e+04
   1.3874900e+04   3.8742200e+04   1.9494000e+04
   1.7564300e+04   3.9078600e+04   1.9494000e+04
   1.7986600e+04   5.1753000e+03   1.9595000e+04
   5.7591000e+03   6.5282000e+03   1.9595000e+04
   9.7780000e+02   8.5397000e+03   1.9595000e+04
   2.7396100e+04   1.1304900e+04   1.9595000e+04
   8.4558000e+03   1.2504300e+04   1.9595000e+04
   6.1475000e+03   1.7795200e+04   1.9595000e+04
   3.1295300e+04   1.9503000e+04   1.9595000e+04
   2.1290800e+04   2.0129300e+04   1.9595000e+04
   2.5349100e+04   2.6872300e+04   1.9595000e+04
   3.1620200e+04   3.0304100e+04   1.9595000e+04
   2.6694600e+04   3.1524200e+04   1.9595000e+04
   7.4866000e+03   3.3934700e+04   1.9595000e+04
   9.8433000e+03   3.5230400e+04   1.9595000e+04
   3.4339200e+04   3.6564600e+04   1.9595000e+04
   4.6066000e+03   3.8672100e+04   1.9595000e+04
   1.3874200e+04   3.8745300e+04   1.9595000e+04
   1.7564300e+04   3.9078300e+04   1.9595000e+04
   1.7988700e+04   5.1788000e+03   1.9696000e+04
   5.7601000e+03   6.5258000e+03   1.9696000e+04
   9.6920000e+02   8.5356000e+03   1.9696000e+04
   2.7395100e+04   1.1309000e+04   1.9696000e+04
   8.4546000e+03   1.2507900e+04   1.9696000e+04
   6.1448000e+03   1.7793500e+04   1.9696000e+04
   3.1298200e+04   1.9506300e+04   1.9696000e+04
   2.1294200e+04   2.0132100e+04   1.9696000e+04
   2.5348600e+04   2.6869200e+04   1.9696000e+04
   3.1623800e+04   3.0299300e+04   1.9696000e+04
   2.6695300e+04   3.1523500e+04   1.9696000e+04
   7.4857000e+03   3.3935500e+04   1.9696000e+04
   9.8483000e+03   3.5227000e+04   1.9696000e+04
   3.4332900e+04   3.6574900e+04   1.9696000e+04
   4.6125000e+03   3.8671300e+04   1.9696000e+04
   1.3871200e+04   3.8743200e+04   1.9696000e+04
   1.7563900e+04   3.9073300e+04   1.9696000e+04
   1.7984500e+04   5.1790000e+03   1.9797000e+04
   5.7620000e+03   6.5180000e+03   1.9797000e+04
   9.7180000e+02   8.5347000e+03   1.9797000e+04
   2.7391500e+04   1.1304700e+04   1.9797000e+04
   8.4639000e+03   1.2506800e+04   1.9797000e+04
   6.1461000e+03   1.7795100e+04   1.9797000e+04
   3.1294000e+04   1.9505300e+04   1.9797000e+04
   2.1294700e+04   2.0132000e+04   1.9797000e+04
   2.5347600e+04   2.6867700e+04   1.9797000e+04
   3.1624400e+04   3.0302800e+04   1.9797000e+04
   2.6687900e+04   3.1525100e+04   1.9797000e+04
   7.4872000e+03   3.3938800e+04   1.9797000e+04
   9.8502000e+03   3.5229300e+04   1.9797000e+04
   3.4337700e+04   3.6570500e+04   1.9797000e+04
   4.6088000e+03   3.8667700e+04   1.9797000e+04
   1.3868400e+04   3.8746500e+04   1.9797000e+04
   1.7566300e+04   3.9082100e+04   1.9797000e+04
   1.7984100e+04   5.1809000e+03   1.9898000e+04
   5.7619000e+03   6.5344000e+03   1.9898000e+04
   9.7640000e+02   8.5347000e+03   1.9898000e+04
   2.7395100e+04   1.1304400e+04   1.9898000e+04
   8.4592000e+03   1.2507200e+04   1.9898000e+04
   6.1481000e+03   1.7792600e+04   1.9898000e+04
   3.1293300e+04   1.9502200e+04   1.9898000e+04
   2.1288700e+04   2.0129500e+04   1.9898000e+04
   2.5351100e+04   2.6868300e+04   1.9898000e+04
   3.1629000e+04   3.0303200e+04   1.9898000e+04
   2.6698000e+04   3.1519800e+04   1.9898000e+04
   7.4865000e+03   3.3939400e+04   1.9898000e+04
   9.8402000e+03   3.5226600e+04   1.9898000e+04
   3.4337200e+04   3.6569900e+04   1.9898000e+04
   4.6056000e+03   3.8667500e+04   1.9898000e+04
   1.3872100e+04   3.8748500e+04   1.9898000e+04
   1.7560800e+04   3.9076900e+04   1.9898000e+04
   1.7985900e+04   5.1792000e+03   1.9999000e+04
   5.7555000e+03   6.5292000e+03   1.9999000e+04
   9.7610000e+02   8.5325000e+03   1.9999000e+04
   2.7394400e+04   1.1302800e+04   1.9999000e+04
   8.4581000e+03   1.2504200e+04   1.9999000e+04
   6.1418000e+03   1.7802000e+04   1.9999000e+04
   3.1299300e+04   1.9505700e+04   1.9999000e+04
   2.1292500e+04   2.0134300e+04   1.9999000e+04
   2.5351800e+04   2.6871700e+04   1.9999000e+04
   3.1619800e+04   3.0301400e+04   1.9999000e+04
   2.6697100e+04   3.1522000e+04   1.9999000e+04
   7.4880000e+03   3.3938400e+04   1.9999000e+04
   9.8408000e+03   3.5220500e+04   1.9999000e+04
   3.4341600e+04   3.6569500e+04   1.9999000e+04
   4.6080000e+03   3.8670700e+04   1.9999000e+04
   1.3872600e+04   3.8744800e+04   1.9999000e+04
   1.7563800e+04   3.9077300e+04   1.9999000e+04
   1.7988700e+04   5.1801000e+03   2.0100000e+04
   5.7561000e+03   6.5297000e+03   2.0100000e+04
   9.7530000e+02   8.5355000e+03   2.0100000e+04
   2.7394300e+04   1.1303400e+04   2.0100000e+04
   8.4595000e+03   1.2502800e+04   2.0100000e+04
   6.1521000e+03   1.7800000e+04   2.0100000e+04
   3.1297400e+04   1.9504400e+04   2.0100000e+04
   2.1294600e+04   2.0133200e+04   2.0100000e+04
   2.5347900e+04   2.6871000e+04   2.0100000e+04
   3.1621700e+04   3.0305500e+04   2.0100000e+04
   2.6694700e+04   3.1521300e+04   2.0100000e+04
   7.4878000e+03   3.3936600e+04   2.0100000e+04
   9.8412000e+03   3.5217000e+04   2.0100000e+04
   3.4339200e+04   3.6570000e+04   2.0100000e+04
   4.6028000e+03   3.8672300e+04   2.0100000e+04
   1.3873800e+04   3.8743300e+04   2.0100000e+04
   1.7560000e+04   3.9080000e+04   2.0100000e+04
   1.7989200e+04   5.1820000e+03   2.0201000e+04
   5.7574000e+03   6.5286000e+03   2.0201000e+04
   9.7850000e+02   8.5351000e+03   2.0201000e+04
   2.7388600e+04   1.1309500e+04   2.0201000e+04
   8.4568000e+03   1.2507800e+04   2.0201000e+04
   6.1471000e+03   1.7797800e+04   2.0201000e+04
   3.1294300e+04   1.9501900e+04   2.0201000e+04
   2.1295400e+04   2.0131000e+04   2.0201000e+04
   2.5353100e+04   2.6871700e+04   2.0201000e+04
   3.1623100e+04   3.0302300e+04   2.0201000e+04
   2.6695300e+04   3.1519800e+04   2.0201000e+04
   7.4860000e+03   3.3937100e+04   2.0201000e+04
   9.8392000e+03   3.5223200e+04   2.0201000e+04
   3.4335100e+04   3.6564000e+04   2.0201000e+04
   4.6083000e+03   3.8665700e+04   2.0201000e+04
   1.3873300e+04   3.8748200e+04   2.0201000e+04
   1.7566400e+04   3.9080400e+04   2.0201000e+04
   1.7987200e+04   5.1780000e+03   2.0203000e+04
   5.7552000e+03   6.5298000e+03   2.0203000e+04
   9.8250000e+02   8.5336000e+03   2.0203000e+04
   2.7395600e+04   1.1305000e+04   2.0203000e+04
   8.4584000e+03   1.2502400e+04   2.0203000e+04
   6.1476000e+03   1.7795900e+04   2.0203000e+04
   3.1295000e+04   1.9499500e+04   2.0203000e+04
   2.1290600e+04   2.0134300e+04   2.0203000e+04
   2.5347600e+04   2.6870300e+04   2.0203000e+04
   3.1624000e+04   3.0304800e+04   2.0203000e+04
   2.6697200e+04   3.1525500e+04   2.0203000e+04
   7.4879000e+03   3.3936700e+04   2.0203000e+04
   9.8400000e+03   3.5229100e+04   2.0203000e+04
   3.4334900e+04   3.6570400e+04   2.0203000e+04
   4.6044000e+03   3.8668300e+04   2.0203000e+04
   1.3871700e+04   3.8743400e+04   2.0203000e+04
   1.7567300e+04   3.9079100e+04   2.0203000e+04
   1.1255500e+04   5.3010000e+02   2.0304000e+04
   8.4912000e+03   3.1833000e+03   2.0304000e+04
   8.8557000e+03   3.8376000e+03   2.0304000e+04
   1.7989500e+04   5.1803000e+03   2.0304000e+04
   2.5269600e+04   5.1485000e+03   2.0304000e+04
   2.7074400e+04   5.1742000e+03   2.0304000e+04
   5.7562000e+03   6.5368000e+03   2.0304000e+04
   3.2299400e+04   7.8135000e+03   2.0304000e+04
   1.9709200e+04   8.3165000e+03   2.0304000e+04
   9.7050000e+02   8.5371000e+03   2.0304000e+04
   1.3393600e+04   1.0888700e+04   2.0304000e+04
   2.7393100e+04   1.1303900e+04   2.0304000e+04
   2.1706800e+04   1.1881400e+04   2.0304000e+04
   1.0259200e+04   1.2251100e+04   2.0304000e+04
   8.4591000e+03   1.2507900e+04   2.0304000e+04
   2.7618800e+04   1.3903100e+04   2.0304000e+04
   1.9656500e+04   1.6270200e+04   2.0304000e+04
   2.5631800e+04   1.6523900e+04   2.0304000e+04
   1.8421600e+04   1.7176500e+04   2.0304000e+04
   3.8340100e+04   1.7464500e+04   2.0304000e+04
   6.1497000e+03   1.7797300e+04   2.0304000e+04
   2.3756700e+04   1.8298800e+04   2.0304000e+04
   1.5845800e+04   1.9168600e+04   2.0304000e+04
   3.1296100e+04   1.9503700e+04   2.0304000e+04
   2.1296200e+04   2.0126200e+04   2.0304000e+04
   2.7432200e+04   2.5437300e+04   2.0304000e+04
   2.5350600e+04   2.6868800e+04   2.0304000e+04
   2.2725700e+04   2.7070800e+04   2.0304000e+04
   1.8709300e+04   3.0271300e+04   2.0304000e+04
   3.1620200e+04   3.0306400e+04   2.0304000e+04
   8.0179000e+03   3.1579400e+04   2.0304000e+04
   2.6693500e+04   3.1517200e+04   2.0304000e+04
   1.8682800e+04   3.3270500e+04   2.0304000e+04
   7.4890000e+03   3.3938100e+04   2.0304000e+04
   9.8525000e+03   3.5218200e+04   2.0304000e+04
   3.4336200e+04   3.6573000e+04   2.0304000e+04
   5.6101000e+03   3.6974900e+04   2.0304000e+04
   4.6052000e+03   3.8667300e+04   2.0304000e+04
   1.3868700e+04   3.8745400e+04   2.0304000e+04
   1.7560900e+04   3.9078500e+04   2.0304000e+04
   1.1679000e+04   3.9225800e+04   2.0304000e+04
   2.7527300e+04   4.0117900e+04   2.0304000e+04
   1.1245900e+04   5.1820000e+02   2.0405000e+04
   1.7482800e+04   2.5204000e+03   2.0405000e+04
   8.4946000e+03   3.1773000e+03   2.0405000e+04
   8.8585000e+03   3.8351000e+03   2.0405000e+04
   1.7985200e+04   5.1749000e+03   2.0405000e+04
   2.5280600e+04   5.1606000e+03   2.0405000e+04
   2.7077100e+04   5.1757000e+03   2.0405000e+04
   5.7567000e+03   6.5420000e+03   2.0405000e+04
   3.2303000e+04   7.8105000e+03   2.0405000e+04
   1.9709100e+04   8.3204000e+03   2.0405000e+04
   9.8790000e+02   8.5411000e+03   2.0405000e+04
   1.3391200e+04   1.0883300e+04   2.0405000e+04
   2.7390300e+04   1.1303000e+04   2.0405000e+04
   2.1702800e+04   1.1879800e+04   2.0405000e+04
   1.0257300e+04   1.2248900e+04   2.0405000e+04
   8.4583000e+03   1.2504000e+04   2.0405000e+04
   2.7617900e+04   1.3908800e+04   2.0405000e+04
   1.9660300e+04   1.6275900e+04   2.0405000e+04
   2.5631500e+04   1.6526500e+04   2.0405000e+04
   1.8422700e+04   1.7200100e+04   2.0405000e+04
   3.8337100e+04   1.7443300e+04   2.0405000e+04
   6.1472000e+03   1.7798500e+04   2.0405000e+04
   2.3742400e+04   1.8296600e+04   2.0405000e+04
   1.5842700e+04   1.9164300e+04   2.0405000e+04
   3.1299100e+04   1.9502800e+04   2.0405000e+04
   2.1291800e+04   2.0129700e+04   2.0405000e+04
   2.7430700e+04   2.5439400e+04   2.0405000e+04
   2.5350800e+04   2.6868100e+04   2.0405000e+04
   1.8705600e+04   3.0280200e+04   2.0405000e+04
   3.1624800e+04   3.0304400e+04   2.0405000e+04
   8.0269000e+03   3.1592600e+04   2.0405000e+04
   2.6698300e+04   3.1512900e+04   2.0405000e+04
   7.4865000e+03   3.3937000e+04   2.0405000e+04
   9.8508000e+03   3.5224800e+04   2.0405000e+04
   3.4331400e+04   3.6567800e+04   2.0405000e+04
   4.5976000e+03   3.8670400e+04   2.0405000e+04
   1.3873100e+04   3.8747000e+04   2.0405000e+04
   1.7557500e+04   3.9077700e+04   2.0405000e+04
   2.7524800e+04   4.0121800e+04   2.0405000e+04
   1.1253900e+04   5.1700000e+02   2.0506000e+04
   8.4893000e+03   3.1875000e+03   2.0506000e+04
   8.8600000e+03   3.8337000e+03   2.0506000e+04
   1.7990400e+04   5.1766000e+03   2.0506000e+04
   2.5270400e+04   5.1500000e+03   2.0506000e+04
   2.7086800e+04   5.1828000e+03   2.0506000e+04
   5.7579000e+03   6.5280000e+03   2.0506000e+04
   3.2302900e+04   7.8234000e+03   2.0506000e+04
   1.9717400e+04   8.3252000e+03   2.0506000e+04
   9.7540000e+02   8.5436000e+03   2.0506000e+04
   1.3394500e+04   1.0900600e+04   2.0506000e+04
   2.7393500e+04   1.1302600e+04   2.0506000e+04
   2.1709900e+04   1.1887400e+04   2.0506000e+04
   1.0264700e+04   1.2237500e+04   2.0506000e+04
   8.4572000e+03   1.2504300e+04   2.0506000e+04
   1.9652700e+04   1.6278900e+04   2.0506000e+04
   3.8346400e+04   1.7450100e+04   2.0506000e+04
   6.1533000e+03   1.7804200e+04   2.0506000e+04
   1.5846900e+04   1.9173900e+04   2.0506000e+04
   3.1295800e+04   1.9503400e+04   2.0506000e+04
   2.1295000e+04   2.0127200e+04   2.0506000e+04
   2.7418800e+04   2.5440100e+04   2.0506000e+04
   2.5351300e+04   2.6866700e+04   2.0506000e+04
   1.8706200e+04   3.0282300e+04   2.0506000e+04
   3.1623100e+04   3.0306200e+04   2.0506000e+04
   2.1631000e+03   3.0836800e+04   2.0506000e+04
   2.6691500e+04   3.1518900e+04   2.0506000e+04
   7.4897000e+03   3.3938300e+04   2.0506000e+04
   9.8415000e+03   3.5223400e+04   2.0506000e+04
   3.4332700e+04   3.6575000e+04   2.0506000e+04
   4.6042000e+03   3.8667000e+04   2.0506000e+04
   1.3871600e+04   3.8742200e+04   2.0506000e+04
   1.7563200e+04   3.9078600e+04   2.0506000e+04
   2.7543800e+04   4.0106600e+04   2.0506000e+04
   1.1262500e+04   5.0550000e+02   2.0607000e+04
   8.4936000e+03   3.1852000e+03   2.0607000e+04
   8.8625000e+03   3.8369000e+03   2.0607000e+04
   1.7986200e+04   5.1772000e+03   2.0607000e+04
   2.5266700e+04   5.1444000e+03   2.0607000e+04
   2.7102500e+04   5.1690000e+03   2.0607000e+04
   5.7568000e+03   6.5264000e+03   2.0607000e+04
   3.2308300e+04   7.8056000e+03   2.0607000e+04
   1.9714600e+04   8.3258000e+03   2.0607000e+04
   9.6950000e+02   8.5457000e+03   2.0607000e+04
   1.3397500e+04   1.0870700e+04   2.0607000e+04
   2.7393100e+04   1.1304600e+04   2.0607000e+04
   2.1709700e+04   1.1882200e+04   2.0607000e+04
   1.0269100e+04   1.2257000e+04   2.0607000e+04
   8.4549000e+03   1.2505900e+04   2.0607000e+04
   1.9666900e+04   1.6277000e+04   2.0607000e+04
   3.8342600e+04   1.7448100e+04   2.0607000e+04
   6.1494000e+03   1.7794500e+04   2.0607000e+04
   1.5843700e+04   1.9172600e+04   2.0607000e+04
   3.1299100e+04   1.9502900e+04   2.0607000e+04
   2.1299300e+04   2.0127700e+04   2.0607000e+04
   2.7418100e+04   2.5447600e+04   2.0607000e+04
   2.5355600e+04   2.6872200e+04   2.0607000e+04
   1.8707800e+04   3.0286100e+04   2.0607000e+04
   3.1619000e+04   3.0307700e+04   2.0607000e+04
   8.0042000e+03   3.1613600e+04   2.0607000e+04
   2.6693200e+04   3.1519800e+04   2.0607000e+04
   7.4877000e+03   3.3938400e+04   2.0607000e+04
   9.8488000e+03   3.5211900e+04   2.0607000e+04
   3.4333900e+04   3.6569100e+04   2.0607000e+04
   4.6024000e+03   3.8678500e+04   2.0607000e+04
   1.3873300e+04   3.8748700e+04   2.0607000e+04
   1.7564800e+04   3.9075000e+04   2.0607000e+04
   1.1258800e+04   5.2520000e+02   2.0708000e+04
   8.4734000e+03   3.1890000e+03   2.0708000e+04
   8.8605000e+03   3.8332000e+03   2.0708000e+04
   1.7987700e+04   5.1808000e+03   2.0708000e+04
   2.5262500e+04   5.1526000e+03   2.0708000e+04
   2.7083700e+04   5.1734000e+03   2.0708000e+04
   5.7634000e+03   6.5215000e+03   2.0708000e+04
   3.2281600e+04   7.7990000e+03   2.0708000e+04
   1.9703700e+04   8.3310000e+03   2.0708000e+04
   9.7450000e+02   8.5423000e+03   2.0708000e+04
   1.3398800e+04   1.0889100e+04   2.0708000e+04
   2.7396600e+04   1.1304000e+04   2.0708000e+04
   2.1700000e+04   1.1884600e+04   2.0708000e+04
   1.0259700e+04   1.2278100e+04   2.0708000e+04
   8.4568000e+03   1.2506300e+04   2.0708000e+04
   3.8342600e+04   1.7469400e+04   2.0708000e+04
   6.1502000e+03   1.7802100e+04   2.0708000e+04
   1.5839300e+04   1.9171600e+04   2.0708000e+04
   3.1297800e+04   1.9503600e+04   2.0708000e+04
   2.1293100e+04   2.0131100e+04   2.0708000e+04
   2.7415400e+04   2.5452500e+04   2.0708000e+04
   2.5349700e+04   2.6866700e+04   2.0708000e+04
   1.8707500e+04   3.0281600e+04   2.0708000e+04
   3.1623600e+04   3.0303200e+04   2.0708000e+04
   2.6692500e+04   3.1519400e+04   2.0708000e+04
   7.4882000e+03   3.3941100e+04   2.0708000e+04
   9.8488000e+03   3.5215800e+04   2.0708000e+04
   3.4328400e+04   3.6571300e+04   2.0708000e+04
   4.5987000e+03   3.8673500e+04   2.0708000e+04
   1.3874500e+04   3.8745200e+04   2.0708000e+04
   1.7562600e+04   3.9078300e+04   2.0708000e+04
   1.1264000e+04   5.1590000e+02   2.0809000e+04
   8.4891000e+03   3.1793000e+03   2.0809000e+04
   8.8672000e+03   3.8318000e+03   2.0809000e+04
   1.7990000e+04   5.1785000e+03   2.0809000e+04
   2.7091700e+04   5.1960000e+03   2.0809000e+04
   5.7613000e+03   6.5345000e+03   2.0809000e+04
   3.2289700e+04   7.7991000e+03   2.0809000e+04
   1.9706100e+04   8.3135000e+03   2.0809000e+04
   9.7410000e+02   8.5411000e+03   2.0809000e+04
   1.3393200e+04   1.0880700e+04   2.0809000e+04
   2.7398700e+04   1.1304200e+04   2.0809000e+04
   2.1705200e+04   1.1881800e+04   2.0809000e+04
   1.0259100e+04   1.2267700e+04   2.0809000e+04
   8.4614000e+03   1.2508000e+04   2.0809000e+04
   1.9644100e+04   1.6279300e+04   2.0809000e+04
   3.8343500e+04   1.7444600e+04   2.0809000e+04
   6.1490000e+03   1.7792600e+04   2.0809000e+04
   1.5851800e+04   1.9165400e+04   2.0809000e+04
   3.1296800e+04   1.9504000e+04   2.0809000e+04
   2.1291100e+04   2.0130100e+04   2.0809000e+04
   2.7415300e+04   2.5449800e+04   2.0809000e+04
   2.5349100e+04   2.6865100e+04   2.0809000e+04
   3.1618400e+04   3.0302100e+04   2.0809000e+04
   8.0194000e+03   3.1593500e+04   2.0809000e+04
   2.6691200e+04   3.1517700e+04   2.0809000e+04
   7.4863000e+03   3.3940400e+04   2.0809000e+04
   9.8462000e+03   3.5224800e+04   2.0809000e+04
   3.4336900e+04   3.6565300e+04   2.0809000e+04
   4.6017000e+03   3.8678400e+04   2.0809000e+04
   1.3873600e+04   3.8744300e+04   2.0809000e+04
   1.7561300e+04   3.9075100e+04   2.0809000e+04
   1.1259400e+04   5.1450000e+02   2.0910000e+04
   8.4908000e+03   3.1789000e+03   2.0910000e+04
   8.8494000e+03   3.8433000e+03   2.0910000e+04
   1.7987700e+04   5.1772000e+03   2.0910000e+04
   2.7072800e+04   5.1728000e+03   2.0910000e+04
   5.7600000e+03   6.5264000e+03   2.0910000e+04
   1.9705300e+04   8.3148000e+03   2.0910000e+04
   9.7840000e+02   8.5407000e+03   2.0910000e+04
   1.3382900e+04   1.0896700e+04   2.0910000e+04
   2.7395700e+04   1.1305300e+04   2.0910000e+04
   2.1705000e+04   1.1891100e+04   2.0910000e+04
   1.0242800e+04   1.2277200e+04   2.0910000e+04
   8.4558000e+03   1.2504700e+04   2.0910000e+04
   1.9646900e+04   1.6279500e+04   2.0910000e+04
   6.1503000e+03   1.7795600e+04   2.0910000e+04
   1.5838900e+04   1.9170600e+04   2.0910000e+04
   3.1296100e+04   1.9502300e+04   2.0910000e+04
   2.1293900e+04   2.0129600e+04   2.0910000e+04
   2.7406600e+04   2.5462400e+04   2.0910000e+04
   2.5351300e+04   2.6870000e+04   2.0910000e+04
   3.1624200e+04   3.0303000e+04   2.0910000e+04
   2.6693200e+04   3.1519700e+04   2.0910000e+04
   7.4881000e+03   3.3937100e+04   2.0910000e+04
   9.8486000e+03   3.5224100e+04   2.0910000e+04
   3.4327100e+04   3.6575100e+04   2.0910000e+04
   4.6027000e+03   3.8670800e+04   2.0910000e+04
   1.3870900e+04   3.8743600e+04   2.0910000e+04
   1.7562900e+04   3.9080900e+04   2.0910000e+04
   1.1259200e+04   5.2220000e+02   2.1011000e+04
   8.4836000e+03   3.1716000e+03   2.1011000e+04
   8.8569000e+03   3.8474000e+03   2.1011000e+04
   1.7989500e+04   5.1791000e+03   2.1011000e+04
   5.7669000e+03   6.5308000e+03   2.1011000e+04
   1.9714400e+04   8.3305000e+03   2.1011000e+04
   9.7630000e+02   8.5409000e+03   2.1011000e+04
   2.7396900e+04   1.1304700e+04   2.1011000e+04
   2.1706800e+04   1.1880000e+04   2.1011000e+04
   1.0265900e+04   1.2248800e+04   2.1011000e+04
   8.4566000e+03   1.2511200e+04   2.1011000e+04
   1.9640500e+04   1.6295100e+04   2.1011000e+04
   6.1517000e+03   1.7792800e+04   2.1011000e+04
   1.5845000e+04   1.9164400e+04   2.1011000e+04
   3.1296500e+04   1.9506900e+04   2.1011000e+04
   2.1295200e+04   2.0131300e+04   2.1011000e+04
   2.7406000e+04   2.5462200e+04   2.1011000e+04
   2.5354100e+04   2.6866500e+04   2.1011000e+04
   3.1622300e+04   3.0305900e+04   2.1011000e+04
   2.6695700e+04   3.1516900e+04   2.1011000e+04
   7.4851000e+03   3.3938400e+04   2.1011000e+04
   9.8340000e+03   3.5219200e+04   2.1011000e+04
   3.4324500e+04   3.6569800e+04   2.1011000e+04
   4.6040000e+03   3.8668200e+04   2.1011000e+04
   1.3872300e+04   3.8746300e+04   2.1011000e+04
   1.7565400e+04   3.9077200e+04   2.1011000e+04
   8.4921000e+03   3.1869000e+03   2.1112000e+04
   8.8653000e+03   3.8429000e+03   2.1112000e+04
   1.7987800e+04   5.1820000e+03   2.1112000e+04
   5.7642000e+03   6.5266000e+03   2.1112000e+04
   1.9724400e+04   8.3349000e+03   2.1112000e+04
   9.7380000e+02   8.5346000e+03   2.1112000e+04
   2.7388400e+04   1.1309200e+04   2.1112000e+04
   2.1705600e+04   1.1892100e+04   2.1112000e+04
   1.0264300e+04   1.2260800e+04   2.1112000e+04
   8.4578000e+03   1.2509300e+04   2.1112000e+04
   1.9649800e+04   1.6296300e+04   2.1112000e+04
   6.1483000e+03   1.7795300e+04   2.1112000e+04
   1.5841600e+04   1.9171400e+04   2.1112000e+04
   3.1303000e+04   1.9502400e+04   2.1112000e+04
   2.1296600e+04   2.0131800e+04   2.1112000e+04
   2.7394300e+04   2.5467800e+04   2.1112000e+04
   2.5353900e+04   2.6868800e+04   2.1112000e+04
   3.1623800e+04   3.0303000e+04   2.1112000e+04
   8.0270000e+03   3.1601900e+04   2.1112000e+04
   2.6691300e+04   3.1523600e+04   2.1112000e+04
   7.4850000e+03   3.3941200e+04   2.1112000e+04
   9.8425000e+03   3.5215300e+04   2.1112000e+04
   3.4334600e+04   3.6568300e+04   2.1112000e+04
   4.5973000e+03   3.8671000e+04   2.1112000e+04
   1.3875600e+04   3.8748500e+04   2.1112000e+04
   1.7563300e+04   3.9074800e+04   2.1112000e+04
   8.4772000e+03   3.1809000e+03   2.1213000e+04
   8.8576000e+03   3.8440000e+03   2.1213000e+04
   1.7987200e+04   5.1802000e+03   2.1213000e+04
   5.7666000e+03   6.5209000e+03   2.1213000e+04
   1.9710500e+04   8.3176000e+03   2.1213000e+04
   9.7980000e+02   8.5446000e+03   2.1213000e+04
   2.7394300e+04   1.1309500e+04   2.1213000e+04
   2.1705300e+04   1.1882200e+04   2.1213000e+04
   1.0270800e+04   1.2234200e+04   2.1213000e+04
   8.4586000e+03   1.2511300e+04   2.1213000e+04
   6.1442000e+03   1.7793300e+04   2.1213000e+04
   1.5849900e+04   1.9167800e+04   2.1213000e+04
   3.1294100e+04   1.9502700e+04   2.1213000e+04
   2.1291500e+04   2.0129100e+04   2.1213000e+04
   2.7413000e+04   2.5464900e+04   2.1213000e+04
   2.5349600e+04   2.6867600e+04   2.1213000e+04
   3.1620900e+04   3.0305500e+04   2.1213000e+04
   2.6692300e+04   3.1518600e+04   2.1213000e+04
   7.4871000e+03   3.3938500e+04   2.1213000e+04
   9.8491000e+03   3.5219600e+04   2.1213000e+04
   3.4334000e+04   3.6569300e+04   2.1213000e+04
   4.6027000e+03   3.8671300e+04   2.1213000e+04
   1.3867200e+04   3.8743500e+04   2.1213000e+04
   1.7567900e+04   3.9080500e+04   2.1213000e+04
   1.1266100e+04   5.2060000e+02   2.1314000e+04
   8.4767000e+03   3.1927000e+03   2.1314000e+04
   8.8646000e+03   3.8454000e+03   2.1314000e+04
   1.7987000e+04   5.1741000e+03   2.1314000e+04
   5.7529000e+03   6.5316000e+03   2.1314000e+04
   1.9715400e+04   8.3049000e+03   2.1314000e+04
   9.6650000e+02   8.5434000e+03   2.1314000e+04
   2.7392100e+04   1.1307400e+04   2.1314000e+04
   2.1710700e+04   1.1890200e+04   2.1314000e+04
   1.0273800e+04   1.2288100e+04   2.1314000e+04
   8.4678000e+03   1.2501900e+04   2.1314000e+04
   6.1438000e+03   1.7796100e+04   2.1314000e+04
   1.5850000e+04   1.9160500e+04   2.1314000e+04
   3.1297100e+04   1.9500200e+04   2.1314000e+04
   2.1295700e+04   2.0131300e+04   2.1314000e+04
   2.7406700e+04   2.5459100e+04   2.1314000e+04
   2.5350700e+04   2.6871800e+04   2.1314000e+04
   3.1622200e+04   3.0299900e+04   2.1314000e+04
   8.0313000e+03   3.1576000e+04   2.1314000e+04
   2.6696000e+04   3.1514100e+04   2.1314000e+04
   7.4869000e+03   3.3941100e+04   2.1314000e+04
   9.8509000e+03   3.5226300e+04   2.1314000e+04
   3.4336600e+04   3.6569900e+04   2.1314000e+04
   4.6013000e+03   3.8675200e+04   2.1314000e+04
   1.3876200e+04   3.8743800e+04   2.1314000e+04
   1.7563100e+04   3.9077900e+04   2.1314000e+04
   1.1263700e+04   5.2930000e+02   2.1415000e+04
   8.4649000e+03   3.1746000e+03   2.1415000e+04
   8.8516000e+03   3.8481000e+03   2.1415000e+04
   1.7989100e+04   5.1801000e+03   2.1415000e+04
   5.7540000e+03   6.5266000e+03   2.1415000e+04
   1.9709900e+04   8.3405000e+03   2.1415000e+04
   9.7530000e+02   8.5381000e+03   2.1415000e+04
   2.7395800e+04   1.1308400e+04   2.1415000e+04
   2.1701000e+04   1.1886500e+04   2.1415000e+04
   1.0249800e+04   1.2300200e+04   2.1415000e+04
   8.4565000e+03   1.2507500e+04   2.1415000e+04
   6.1489000e+03   1.7801400e+04   2.1415000e+04
   1.5841100e+04   1.9165300e+04   2.1415000e+04
   3.1295900e+04   1.9503400e+04   2.1415000e+04
   2.1293700e+04   2.0128500e+04   2.1415000e+04
   2.7395900e+04   2.5483600e+04   2.1415000e+04
   2.5351900e+04   2.6870600e+04   2.1415000e+04
   3.1622300e+04   3.0299800e+04   2.1415000e+04
   8.0167000e+03   3.1596200e+04   2.1415000e+04
   2.6692900e+04   3.1515900e+04   2.1415000e+04
   7.4845000e+03   3.3941500e+04   2.1415000e+04
   9.8497000e+03   3.5223900e+04   2.1415000e+04
   3.4332400e+04   3.6569600e+04   2.1415000e+04
   4.6086000e+03   3.8665600e+04   2.1415000e+04
   1.3873300e+04   3.8745600e+04   2.1415000e+04
   1.7562400e+04   3.9079600e+04   2.1415000e+04
   1.1241500e+04   5.1560000e+02   2.1516000e+04
   8.4735000e+03   3.1692000e+03   2.1516000e+04
   8.8741000e+03   3.8313000e+03   2.1516000e+04
   1.7989800e+04   5.1789000e+03   2.1516000e+04
   5.7594000e+03   6.5303000e+03   2.1516000e+04
   1.9727900e+04   8.3133000e+03   2.1516000e+04
   9.6750000e+02   8.5390000e+03   2.1516000e+04
   2.7396800e+04   1.1307900e+04   2.1516000e+04
   2.1707400e+04   1.1879300e+04   2.1516000e+04
   8.4560000e+03   1.2502700e+04   2.1516000e+04
   6.1481000e+03   1.7797500e+04   2.1516000e+04
   1.5850700e+04   1.9160500e+04   2.1516000e+04
   3.1304600e+04   1.9506500e+04   2.1516000e+04
   2.1293800e+04   2.0132000e+04   2.1516000e+04
   2.7396500e+04   2.5463100e+04   2.1516000e+04
   2.5353300e+04   2.6870500e+04   2.1516000e+04
   3.1622500e+04   3.0299900e+04   2.1516000e+04
   8.0124000e+03   3.1615800e+04   2.1516000e+04
   2.6695600e+04   3.1517700e+04   2.1516000e+04
   7.4856000e+03   3.3941100e+04   2.1516000e+04
   9.8449000e+03   3.5227000e+04   2.1516000e+04
   3.4329200e+04   3.6567200e+04   2.1516000e+04
   4.6058000e+03   3.8666200e+04   2.1516000e+04
   1.3871600e+04   3.8745500e+04   2.1516000e+04
   1.7562300e+04   3.9076200e+04   2.1516000e+04
   8.8642000e+03   3.8674000e+03   2.1617000e+04
   1.7986700e+04   5.1852000e+03   2.1617000e+04
   5.7523000e+03   6.5314000e+03   2.1617000e+04
   1.9720900e+04   8.3338000e+03   2.1617000e+04
   9.7940000e+02   8.5407000e+03   2.1617000e+04
   2.7394500e+04   1.1304300e+04   2.1617000e+04
   2.1708200e+04   1.1890600e+04   2.1617000e+04
   8.4564000e+03   1.2508000e+04   2.1617000e+04
   6.1385000e+03   1.7794000e+04   2.1617000e+04
   1.5846100e+04   1.9169700e+04   2.1617000e+04
   3.1296600e+04   1.9503000e+04   2.1617000e+04
   2.1297000e+04   2.0132800e+04   2.1617000e+04
   2.5352400e+04   2.6871000e+04   2.1617000e+04
   3.1623700e+04   3.0308500e+04   2.1617000e+04
   2.6693400e+04   3.1515600e+04   2.1617000e+04
   7.4869000e+03   3.3936400e+04   2.1617000e+04
   9.8548000e+03   3.5219500e+04   2.1617000e+04
   3.4335400e+04   3.6565800e+04   2.1617000e+04
   4.6001000e+03   3.8667200e+04   2.1617000e+04
   1.3872600e+04   3.8742700e+04   2.1617000e+04
   1.7566400e+04   3.9079900e+04   2.1617000e+04
   1.7990800e+04   5.1765000e+03   2.1718000e+04
   5.7517000e+03   6.5411000e+03   2.1718000e+04
   9.7420000e+02   8.5335000e+03   2.1718000e+04
   2.7394800e+04   1.1305700e+04   2.1718000e+04
   2.1710300e+04   1.1883500e+04   2.1718000e+04
   8.4590000e+03   1.2506000e+04   2.1718000e+04
   6.1480000e+03   1.7794100e+04   2.1718000e+04
   1.5848600e+04   1.9164800e+04   2.1718000e+04
   3.1299000e+04   1.9504700e+04   2.1718000e+04
   2.1291000e+04   2.0128800e+04   2.1718000e+04
   2.5352400e+04   2.6869100e+04   2.1718000e+04
   3.1627000e+04   3.0304200e+04   2.1718000e+04
   8.0160000e+03   3.1585100e+04   2.1718000e+04
   2.6691300e+04   3.1517800e+04   2.1718000e+04
   7.4846000e+03   3.3941200e+04   2.1718000e+04
   9.8482000e+03   3.5223600e+04   2.1718000e+04
   3.4333800e+04   3.6565500e+04   2.1718000e+04
   4.6047000e+03   3.8675800e+04   2.1718000e+04
   1.3872600e+04   3.8745400e+04   2.1718000e+04
   1.7563900e+04   3.9073100e+04   2.1718000e+04
   8.8573000e+03   3.8638000e+03   2.1819000e+04
   1.7987800e+04   5.1776000e+03   2.1819000e+04
   5.7569000e+03   6.5391000e+03   2.1819000e+04
   9.7840000e+02   8.5390000e+03   2.1819000e+04
   2.7394000e+04   1.1302300e+04   2.1819000e+04
   2.1710000e+04   1.1899100e+04   2.1819000e+04
   8.4536000e+03   1.2511700e+04   2.1819000e+04
   6.1492000e+03   1.7793600e+04   2.1819000e+04
   1.5843000e+04   1.9168900e+04   2.1819000e+04
   3.1296000e+04   1.9500000e+04   2.1819000e+04
   2.1296000e+04   2.0130700e+04   2.1819000e+04
   2.7398500e+04   2.5468600e+04   2.1819000e+04
   2.5353500e+04   2.6869900e+04   2.1819000e+04
   3.1622500e+04   3.0303800e+04   2.1819000e+04
   2.6689400e+04   3.1520200e+04   2.1819000e+04
   7.4864000e+03   3.3939700e+04   2.1819000e+04
   9.8498000e+03   3.5221200e+04   2.1819000e+04
   3.4334100e+04   3.6566600e+04   2.1819000e+04
   4.6058000e+03   3.8669900e+04   2.1819000e+04
   1.3871500e+04   3.8744400e+04   2.1819000e+04
   1.7562300e+04   3.9076200e+04   2.1819000e+04
   8.4909000e+03   3.1861000e+03   2.1920000e+04
   1.7991100e+04   5.1778000e+03   2.1920000e+04
   5.7488000e+03   6.5343000e+03   2.1920000e+04
   9.7020000e+02   8.5442000e+03   2.1920000e+04
   2.7394100e+04   1.1306700e+04   2.1920000e+04
   2.1712200e+04   1.1886400e+04   2.1920000e+04
   8.4620000e+03   1.2505100e+04   2.1920000e+04
   6.1495000e+03   1.7794600e+04   2.1920000e+04
   1.5838000e+04   1.9164600e+04   2.1920000e+04
   3.1302700e+04   1.9504500e+04   2.1920000e+04
   2.1297600e+04   2.0131100e+04   2.1920000e+04
   2.5352000e+04   2.6870600e+04   2.1920000e+04
   3.1623200e+04   3.0302300e+04   2.1920000e+04
   2.6693000e+04   3.1521700e+04   2.1920000e+04
   7.4835000e+03   3.3940400e+04   2.1920000e+04
   9.8428000e+03   3.5217000e+04   2.1920000e+04
   3.4330800e+04   3.6563800e+04   2.1920000e+04
   4.6036000e+03   3.8673500e+04   2.1920000e+04
   1.3875400e+04   3.8742400e+04   2.1920000e+04
   1.7566700e+04   3.9076400e+04   2.1920000e+04
   1.7989900e+04   5.1756000e+03   2.2021000e+04
   5.7541000e+03   6.5370000e+03   2.2021000e+04
   9.7280000e+02   8.5391000e+03   2.2021000e+04
   2.7393400e+04   1.1304100e+04   2.2021000e+04
   2.1710300e+04   1.1891400e+04   2.2021000e+04
   8.4600000e+03   1.2506800e+04   2.2021000e+04
   6.1480000e+03   1.7798700e+04   2.2021000e+04
   1.5840100e+04   1.9148700e+04   2.2021000e+04
   3.1297400e+04   1.9501800e+04   2.2021000e+04
   2.1295300e+04   2.0129800e+04   2.2021000e+04
   2.5352900e+04   2.6871200e+04   2.2021000e+04
   3.1625400e+04   3.0306200e+04   2.2021000e+04
   2.6691400e+04   3.1517200e+04   2.2021000e+04
   7.4885000e+03   3.3942300e+04   2.2021000e+04
   9.8477000e+03   3.5219300e+04   2.2021000e+04
   3.4335400e+04   3.6568600e+04   2.2021000e+04
   4.6033000e+03   3.8668900e+04   2.2021000e+04
   1.3868600e+04   3.8742500e+04   2.2021000e+04
   1.7562900e+04   3.9076900e+04   2.2021000e+04
   1.7990700e+04   5.1791000e+03   2.2122000e+04
   5.7580000e+03   6.5294000e+03   2.2122000e+04
   9.8150000e+02   8.5414000e+03   2.2122000e+04
   2.7396000e+04   1.1309900e+04   2.2122000e+04
   2.1702700e+04   1.1879500e+04   2.2122000e+04
   8.4594000e+03   1.2506600e+04   2.2122000e+04
   6.1466000e+03   1.7800500e+04   2.2122000e+04
   1.5843500e+04   1.9176300e+04   2.2122000e+04
   3.1297100e+04   1.9501300e+04   2.2122000e+04
   2.1293600e+04   2.0134800e+04   2.2122000e+04
   2.5348700e+04   2.6871500e+04   2.2122000e+04
   3.1623800e+04   3.0303500e+04   2.2122000e+04
   2.6693600e+04   3.1513500e+04   2.2122000e+04
   7.4858000e+03   3.3939500e+04   2.2122000e+04
   9.8453000e+03   3.5217900e+04   2.2122000e+04
   3.4334800e+04   3.6565700e+04   2.2122000e+04
   4.6030000e+03   3.8668900e+04   2.2122000e+04
   1.3870200e+04   3.8747100e+04   2.2122000e+04
   1.7559000e+04   3.9075400e+04   2.2122000e+04
   1.7988800e+04   5.1817000e+03   2.2223000e+04
   5.7580000e+03   6.5355000e+03   2.2223000e+04
   9.7590000e+02   8.5369000e+03   2.2223000e+04
   2.7394500e+04   1.1301400e+04   2.2223000e+04
   2.1702900e+04   1.1882100e+04   2.2223000e+04
   8.4614000e+03   1.2507700e+04   2.2223000e+04
   6.1414000e+03   1.7798400e+04   2.2223000e+04
   1.5850200e+04   1.9171900e+04   2.2223000e+04
   3.1301200e+04   1.9506800e+04   2.2223000e+04
   2.1299400e+04   2.0129100e+04   2.2223000e+04
   2.5347300e+04   2.6873100e+04   2.2223000e+04
   3.1625000e+04   3.0303300e+04   2.2223000e+04
   2.6693800e+04   3.1514500e+04   2.2223000e+04
   7.4848000e+03   3.3938100e+04   2.2223000e+04
   9.8390000e+03   3.5224100e+04   2.2223000e+04
   3.4339200e+04   3.6566100e+04   2.2223000e+04
   4.6056000e+03   3.8670100e+04   2.2223000e+04
   1.3871000e+04   3.8743600e+04   2.2223000e+04
   1.7560500e+04   3.9075600e+04   2.2223000e+04
   1.7985500e+04   5.1741000e+03   2.2324000e+04
   5.7582000e+03   6.5297000e+03   2.2324000e+04
   9.7760000e+02   8.5486000e+03   2.2324000e+04
   2.7395900e+04   1.1306200e+04   2.2324000e+04
   2.1709100e+04   1.1895400e+04   2.2324000e+04
   8.4570000e+03   1.2499700e+04   2.2324000e+04
   6.1468000e+03   1.7799400e+04   2.2324000e+04
   1.5861300e+04   1.9183800e+04   2.2324000e+04
   3.1300500e+04   1.9504200e+04   2.2324000e+04
   2.1293800e+04   2.0133100e+04   2.2324000e+04
   2.5349300e+04   2.6869000e+04   2.2324000e+04
   3.1622300e+04   3.0305300e+04   2.2324000e+04
   2.6691400e+04   3.1520700e+04   2.2324000e+04
   7.4876000e+03   3.3937200e+04   2.2324000e+04
   9.8524000e+03   3.5219200e+04   2.2324000e+04
   3.4334200e+04   3.6568200e+04   2.2324000e+04
   4.6049000e+03   3.8671900e+04   2.2324000e+04
   1.3867100e+04   3.8744500e+04   2.2324000e+04
   1.7562600e+04   3.9075000e+04   2.2324000e+04
   1.7985700e+04   5.1749000e+03   2.2425000e+04
   5.7582000e+03   6.5340000e+03   2.2425000e+04
   9.7400000e+02   8.5382000e+03   2.2425000e+04
   2.7399300e+04   1.1306800e+04   2.2425000e+04
   2.1701300e+04   1.1889100e+04   2.2425000e+04
   8.4652000e+03   1.2505700e+04   2.2425000e+04
   6.1436000e+03   1.7796400e+04   2.2425000e+04
   1.5845200e+04   1.9144600e+04   2.2425000e+04
   3.1296000e+04   1.9502400e+04   2.2425000e+04
   2.1296300e+04   2.0130400e+04   2.2425000e+04
   2.5351800e+04   2.6868800e+04   2.2425000e+04
   3.1624400e+04   3.0302800e+04   2.2425000e+04
   2.6692800e+04   3.1517700e+04   2.2425000e+04
   7.4853000e+03   3.3940700e+04   2.2425000e+04
   9.8478000e+03   3.5224500e+04   2.2425000e+04
   3.4336700e+04   3.6571600e+04   2.2425000e+04
   4.6012000e+03   3.8665700e+04   2.2425000e+04
   1.3867400e+04   3.8742600e+04   2.2425000e+04
   1.7561400e+04   3.9082800e+04   2.2425000e+04
   1.7986500e+04   5.1755000e+03   2.2526000e+04
   5.7582000e+03   6.5324000e+03   2.2526000e+04
   9.7740000e+02   8.5341000e+03   2.2526000e+04
   2.7391400e+04   1.1309000e+04   2.2526000e+04
   2.1704400e+04   1.1877400e+04   2.2526000e+04
   8.4634000e+03   1.2506200e+04   2.2526000e+04
   6.1439000e+03   1.7792300e+04   2.2526000e+04
   3.1297600e+04   1.9506200e+04   2.2526000e+04
   2.1296200e+04   2.0128300e+04   2.2526000e+04
   2.5352300e+04   2.6867600e+04   2.2526000e+04
   3.1622800e+04   3.0302200e+04   2.2526000e+04
   2.6694600e+04   3.1521300e+04   2.2526000e+04
   7.4830000e+03   3.3938500e+04   2.2526000e+04
   9.8488000e+03   3.5224700e+04   2.2526000e+04
   3.4332700e+04   3.6570000e+04   2.2526000e+04
   4.6048000e+03   3.8674400e+04   2.2526000e+04
   1.3872100e+04   3.8747100e+04   2.2526000e+04
   1.7561500e+04   3.9076400e+04   2.2526000e+04
   1.7986300e+04   5.1789000e+03   2.2627000e+04
   5.7560000e+03   6.5314000e+03   2.2627000e+04
   9.7810000e+02   8.5375000e+03   2.2627000e+04
   2.7391900e+04   1.1308200e+04   2.2627000e+04
   2.1707900e+04   1.1893300e+04   2.2627000e+04
   8.4542000e+03   1.2502200e+04   2.2627000e+04
   6.1463000e+03   1.7795100e+04   2.2627000e+04
   1.5836500e+04   1.9167200e+04   2.2627000e+04
   3.1296800e+04   1.9503500e+04   2.2627000e+04
   2.1293600e+04   2.0135300e+04   2.2627000e+04
   2.5352700e+04   2.6869500e+04   2.2627000e+04
   3.1623700e+04   3.0304800e+04   2.2627000e+04
   2.6698500e+04   3.1520800e+04   2.2627000e+04
   7.4836000e+03   3.3939500e+04   2.2627000e+04
   9.8508000e+03   3.5224900e+04   2.2627000e+04
   3.4334400e+04   3.6567100e+04   2.2627000e+04
   4.6043000e+03   3.8665000e+04   2.2627000e+04
   1.3873600e+04   3.8743200e+04   2.2627000e+04
   1.7562200e+04   3.9079100e+04   2.2627000e+04
   1.7986400e+04   5.1742000e+03   2.2728000e+04
   5.7491000e+03   6.5392000e+03   2.2728000e+04
   9.7340000e+02   8.5394000e+03   2.2728000e+04
   2.7398400e+04   1.1303500e+04   2.2728000e+04
   2.1707000e+04   1.1884100e+04   2.2728000e+04
   8.4531000e+03   1.2505600e+04   2.2728000e+04
   6.1516000e+03   1.7798500e+04   2.2728000e+04
   3.1300000e+04   1.9501100e+04   2.2728000e+04
   2.1293600e+04   2.0132000e+04   2.2728000e+04
   2.5350500e+04   2.6869300e+04   2.2728000e+04
   3.1622200e+04   3.0300800e+04   2.2728000e+04
   2.6694300e+04   3.1518300e+04   2.2728000e+04
   7.4870000e+03   3.3936100e+04   2.2728000e+04
   9.8526000e+03   3.5224800e+04   2.2728000e+04
   3.4332400e+04   3.6567900e+04   2.2728000e+04
   4.6047000e+03   3.8674000e+04   2.2728000e+04
   1.3873700e+04   3.8742900e+04   2.2728000e+04
   1.7564200e+04   3.9078400e+04   2.2728000e+04
   1.7987700e+04   5.1758000e+03   2.2829000e+04
   5.7512000e+03   6.5443000e+03   2.2829000e+04
   9.7300000e+02   8.5284000e+03   2.2829000e+04
   2.7396600e+04   1.1303100e+04   2.2829000e+04
   2.1695400e+04   1.1887600e+04   2.2829000e+04
   8.4564000e+03   1.2502900e+04   2.2829000e+04
   6.1461000e+03   1.7802000e+04   2.2829000e+04
   3.1298200e+04   1.9504300e+04   2.2829000e+04
   2.1295300e+04   2.0130500e+04   2.2829000e+04
   2.5355000e+04   2.6870300e+04   2.2829000e+04
   3.1623800e+04   3.0300100e+04   2.2829000e+04
   2.6694200e+04   3.1520900e+04   2.2829000e+04
   7.4859000e+03   3.3936700e+04   2.2829000e+04
   9.8407000e+03   3.5228000e+04   2.2829000e+04
   3.4338900e+04   3.6567800e+04   2.2829000e+04
   4.6053000e+03   3.8673700e+04   2.2829000e+04
   1.3872800e+04   3.8738000e+04   2.2829000e+04
   1.7565800e+04   3.9079300e+04   2.2829000e+04
   1.7990600e+04   5.1787000e+03   2.2930000e+04
   5.7543000e+03   6.5370000e+03   2.2930000e+04
   9.7420000e+02   8.5352000e+03   2.2930000e+04
   2.7401700e+04   1.1304200e+04   2.2930000e+04
   2.1701500e+04   1.1884400e+04   2.2930000e+04
   8.4520000e+03   1.2506000e+04   2.2930000e+04
   6.1433000e+03   1.7795500e+04   2.2930000e+04
   3.1296800e+04   1.9504400e+04   2.2930000e+04
   2.1296800e+04   2.0132800e+04   2.2930000e+04
   2.5351800e+04   2.6870900e+04   2.2930000e+04
   3.1622600e+04   3.0307800e+04   2.2930000e+04
   2.6697000e+04   3.1518700e+04   2.2930000e+04
   7.4878000e+03   3.3935800e+04   2.2930000e+04
   9.8455000e+03   3.5222500e+04   2.2930000e+04
   3.4334200e+04   3.6567500e+04   2.2930000e+04
   4.6031000e+03   3.8667300e+04   2.2930000e+04
   1.3869500e+04   3.8745800e+04   2.2930000e+04
   1.7566000e+04   3.9076100e+04   2.2930000e+04
   1.7986500e+04   5.1730000e+03   2.3031000e+04
   5.7518000e+03   6.5313000e+03   2.3031000e+04
   9.7140000e+02   8.5408000e+03   2.3031000e+04
   2.7392300e+04   1.1306900e+04   2.3031000e+04
   2.1699300e+04   1.1879600e+04   2.3031000e+04
   8.4566000e+03   1.2508500e+04   2.3031000e+04
   6.1479000e+03   1.7798000e+04   2.3031000e+04
   3.1296800e+04   1.9507100e+04   2.3031000e+04
   2.1295400e+04   2.0132200e+04   2.3031000e+04
   2.5356200e+04   2.6869700e+04   2.3031000e+04
   3.1624600e+04   3.0304600e+04   2.3031000e+04
   2.6694300e+04   3.1516600e+04   2.3031000e+04
   7.4887000e+03   3.3936300e+04   2.3031000e+04
   9.8470000e+03   3.5223000e+04   2.3031000e+04
   3.4336700e+04   3.6571400e+04   2.3031000e+04
   4.6059000e+03   3.8669000e+04   2.3031000e+04
   1.3872000e+04   3.8743900e+04   2.3031000e+04
   1.7563300e+04   3.9073800e+04   2.3031000e+04
   1.7988300e+04   5.1769000e+03   2.3132000e+04
   5.7535000e+03   6.5316000e+03   2.3132000e+04
   9.8270000e+02   8.5310000e+03   2.3132000e+04
   2.7390900e+04   1.1310000e+04   2.3132000e+04
   2.1698400e+04   1.1896900e+04   2.3132000e+04
   8.4616000e+03   1.2507300e+04   2.3132000e+04
   6.1448000e+03   1.7798800e+04   2.3132000e+04
   3.1297700e+04   1.9503100e+04   2.3132000e+04
   2.1296800e+04   2.0134000e+04   2.3132000e+04
   2.5350600e+04   2.6868200e+04   2.3132000e+04
   3.1622300e+04   3.0305600e+04   2.3132000e+04
   2.6693700e+04   3.1513900e+04   2.3132000e+04
   7.4866000e+03   3.3938400e+04   2.3132000e+04
   9.8442000e+03   3.5224000e+04   2.3132000e+04
   3.4333800e+04   3.6567800e+04   2.3132000e+04
   4.5993000e+03   3.8675600e+04   2.3132000e+04
   1.3872300e+04   3.8744100e+04   2.3132000e+04
   1.7567900e+04   3.9075700e+04   2.3132000e+04
   1.7989400e+04   5.1759000e+03   2.3233000e+04
   5.7531000e+03   6.5305000e+03   2.3233000e+04
   9.7530000e+02   8.5334000e+03   2.3233000e+04
   2.7395500e+04   1.1303500e+04   2.3233000e+04
   2.1703500e+04   1.1879100e+04   2.3233000e+04
   8.4575000e+03   1.2500900e+04   2.3233000e+04
   6.1467000e+03   1.7798500e+04   2.3233000e+04
   3.1298400e+04   1.9505100e+04   2.3233000e+04
   2.1301300e+04   2.0136000e+04   2.3233000e+04
   2.5352000e+04   2.6868400e+04   2.3233000e+04
   3.1622200e+04   3.0305400e+04   2.3233000e+04
   2.6693800e+04   3.1524200e+04   2.3233000e+04
   7.4828000e+03   3.3941600e+04   2.3233000e+04
   9.8414000e+03   3.5229100e+04   2.3233000e+04
   3.4328000e+04   3.6564600e+04   2.3233000e+04
   4.6071000e+03   3.8671400e+04   2.3233000e+04
   1.3875100e+04   3.8740500e+04   2.3233000e+04
   1.7567300e+04   3.9076900e+04   2.3233000e+04
   1.7985800e+04   5.1789000e+03   2.3334000e+04
   5.7576000e+03   6.5369000e+03   2.3334000e+04
   9.7480000e+02   8.5424000e+03   2.3334000e+04
   2.7394400e+04   1.1305600e+04   2.3334000e+04
   2.1707300e+04   1.1899400e+04   2.3334000e+04
   8.4535000e+03   1.2498600e+04   2.3334000e+04
   6.1531000e+03   1.7794700e+04   2.3334000e+04
   3.1300900e+04   1.9502900e+04   2.3334000e+04
   2.1294100e+04   2.0133600e+04   2.3334000e+04
   2.5349000e+04   2.6867600e+04   2.3334000e+04
   3.1622000e+04   3.0303600e+04   2.3334000e+04
   2.6696300e+04   3.1516600e+04   2.3334000e+04
   7.4832000e+03   3.3938200e+04   2.3334000e+04
   9.8476000e+03   3.5228600e+04   2.3334000e+04
   3.4335500e+04   3.6567800e+04   2.3334000e+04
   4.6035000e+03   3.8672000e+04   2.3334000e+04
   1.3874900e+04   3.8742100e+04   2.3334000e+04
   1.7560700e+04   3.9076100e+04   2.3334000e+04
   1.7985400e+04   5.1778000e+03   2.3435000e+04
   5.7587000e+03   6.5338000e+03   2.3435000e+04
   9.7320000e+02   8.5436000e+03   2.3435000e+04
   2.7393100e+04   1.1307300e+04   2.3435000e+04
   2.1699800e+04   1.1888100e+04   2.3435000e+04
   8.4532000e+03   1.2503900e+04   2.3435000e+04
   6.1456000e+03   1.7798700e+04   2.3435000e+04
   3.1299500e+04   1.9499000e+04   2.3435000e+04
   2.1295700e+04   2.0133800e+04   2.3435000e+04
   2.5353800e+04   2.6868600e+04   2.3435000e+04
   3.1624100e+04   3.0306000e+04   2.3435000e+04
   2.6688400e+04   3.1519100e+04   2.3435000e+04
   7.4849000e+03   3.3938400e+04   2.3435000e+04
   9.8548000e+03   3.5226600e+04   2.3435000e+04
   3.4331100e+04   3.6566000e+04   2.3435000e+04
   4.6088000e+03   3.8665500e+04   2.3435000e+04
   1.3873200e+04   3.8743600e+04   2.3435000e+04
   1.7563500e+04   3.9074600e+04   2.3435000e+04
   1.7985100e+04   5.1808000e+03   2.3536000e+04
   5.7566000e+03   6.5347000e+03   2.3536000e+04
   9.7480000e+02   8.5359000e+03   2.3536000e+04
   2.7398300e+04   1.1304500e+04   2.3536000e+04
   2.1701400e+04   1.1898800e+04   2.3536000e+04
   8.4590000e+03   1.2501600e+04   2.3536000e+04
   6.1446000e+03   1.7796600e+04   2.3536000e+04
   3.1295400e+04   1.9503400e+04   2.3536000e+04
   2.1295500e+04   2.0133200e+04   2.3536000e+04
   2.5351100e+04   2.6868000e+04   2.3536000e+04
   3.1619500e+04   3.0302200e+04   2.3536000e+04
   2.6697200e+04   3.1520200e+04   2.3536000e+04
   7.4840000e+03   3.3937500e+04   2.3536000e+04
   9.8520000e+03   3.5219800e+04   2.3536000e+04
   3.4336900e+04   3.6568100e+04   2.3536000e+04
   4.6040000e+03   3.8676000e+04   2.3536000e+04
   1.3869900e+04   3.8745600e+04   2.3536000e+04
   1.7563300e+04   3.9077900e+04   2.3536000e+04
   1.7991700e+04   5.1750000e+03   2.3637000e+04
   5.7580000e+03   6.5350000e+03   2.3637000e+04
   9.7830000e+02   8.5418000e+03   2.3637000e+04
   2.7398200e+04   1.1303500e+04   2.3637000e+04
   2.1708100e+04   1.1890900e+04   2.3637000e+04
   8.4596000e+03   1.2506400e+04   2.3637000e+04
   6.1470000e+03   1.7800100e+04   2.3637000e+04
   3.1296200e+04   1.9500500e+04   2.3637000e+04
   2.1293400e+04   2.0129000e+04   2.3637000e+04
   2.5350800e+04   2.6865500e+04   2.3637000e+04
   3.1622700e+04   3.0301700e+04   2.3637000e+04
   2.6695500e+04   3.1515600e+04   2.3637000e+04
   7.4877000e+03   3.3940100e+04   2.3637000e+04
   9.8431000e+03   3.5224800e+04   2.3637000e+04
   3.4333100e+04   3.6568600e+04   2.3637000e+04
   4.6049000e+03   3.8673000e+04   2.3637000e+04
   1.3867700e+04   3.8743100e+04   2.3637000e+04
   1.7559200e+04   3.9082500e+04   2.3637000e+04
   1.7985700e+04   5.1777000e+03   2.3738000e+04
   5.7564000e+03   6.5297000e+03   2.3738000e+04
   9.7640000e+02   8.5407000e+03   2.3738000e+04
   2.7398200e+04   1.1306500e+04   2.3738000e+04
   2.1692000e+04   1.1883500e+04   2.3738000e+04
   8.4627000e+03   1.2499400e+04   2.3738000e+04
   6.1420000e+03   1.7801500e+04   2.3738000e+04
   3.1298300e+04   1.9505800e+04   2.3738000e+04
   2.1296600e+04   2.0135100e+04   2.3738000e+04
   2.5351900e+04   2.6866400e+04   2.3738000e+04
   3.1625200e+04   3.0302600e+04   2.3738000e+04
   2.6696700e+04   3.1518600e+04   2.3738000e+04
   7.4847000e+03   3.3939400e+04   2.3738000e+04
   9.8422000e+03   3.5215300e+04   2.3738000e+04
   3.4338500e+04   3.6572900e+04   2.3738000e+04
   4.5994000e+03   3.8669200e+04   2.3738000e+04
   1.3870900e+04   3.8749100e+04   2.3738000e+04
   1.7561200e+04   3.9076400e+04   2.3738000e+04
   1.7987500e+04   5.1775000e+03   2.3839000e+04
   5.7591000e+03   6.5326000e+03   2.3839000e+04
   9.7490000e+02   8.5400000e+03   2.3839000e+04
   2.7395200e+04   1.1303300e+04   2.3839000e+04
   2.1697100e+04   1.1897000e+04   2.3839000e+04
   8.4609000e+03   1.2507800e+04   2.3839000e+04
   6.1435000e+03   1.7800200e+04   2.3839000e+04
   3.1300600e+04   1.9503900e+04   2.3839000e+04
   2.1296000e+04   2.0134200e+04   2.3839000e+04
   2.5349100e+04   2.6867900e+04   2.3839000e+04
   3.1625300e+04   3.0304000e+04   2.3839000e+04
   2.6693400e+04   3.1517700e+04   2.3839000e+04
   7.4853000e+03   3.3938900e+04   2.3839000e+04
   9.8445000e+03   3.5221200e+04   2.3839000e+04
   3.4331800e+04   3.6568000e+04   2.3839000e+04
   4.6050000e+03   3.8669100e+04   2.3839000e+04
   1.3873000e+04   3.8743700e+04   2.3839000e+04
   1.7561800e+04   3.9076000e+04   2.3839000e+04
   1.7987200e+04   5.1804000e+03   2.3940000e+04
   5.7559000e+03   6.5353000e+03   2.3940000e+04
   9.7830000e+02   8.5318000e+03   2.3940000e+04
   2.7396500e+04   1.1307200e+04   2.3940000e+04
   2.1709300e+04   1.1879200e+04   2.3940000e+04
   8.4626000e+03   1.2506700e+04   2.3940000e+04
   6.1476000e+03   1.7798000e+04   2.3940000e+04
   3.1297400e+04   1.9504500e+04   2.3940000e+04
   2.1292000e+04   2.0132300e+04   2.3940000e+04
   2.5348500e+04   2.6869500e+04   2.3940000e+04
   3.1623500e+04   3.0303500e+04   2.3940000e+04
   2.6692000e+04   3.1518300e+04   2.3940000e+04
   7.4835000e+03   3.3938400e+04   2.3940000e+04
   9.8523000e+03   3.5220000e+04   2.3940000e+04
   3.4334500e+04   3.6569800e+04   2.3940000e+04
   4.6016000e+03   3.8671500e+04   2.3940000e+04
   1.3870000e+04   3.8741100e+04   2.3940000e+04
   1.7563700e+04   3.9077800e+04   2.3940000e+04
   1.7987900e+04   5.1824000e+03   2.4041000e+04
   5.7523000e+03   6.5332000e+03   2.4041000e+04
   9.8090000e+02   8.5379000e+03   2.4041000e+04
   2.7394500e+04   1.1302700e+04   2.4041000e+04
   2.1692700e+04   1.1892200e+04   2.4041000e+04
   8.4588000e+03   1.2505300e+04   2.4041000e+04
   6.1510000e+03   1.7799700e+04   2.4041000e+04
   3.1297300e+04   1.9505600e+04   2.4041000e+04
   2.1299100e+04   2.0133300e+04   2.4041000e+04
   2.5352400e+04   2.6867600e+04   2.4041000e+04
   3.1625100e+04   3.0304900e+04   2.4041000e+04
   2.6693100e+04   3.1520300e+04   2.4041000e+04
   7.4843000e+03   3.3938000e+04   2.4041000e+04
   9.8422000e+03   3.5214000e+04   2.4041000e+04
   3.4338200e+04   3.6567500e+04   2.4041000e+04
   4.5970000e+03   3.8670100e+04   2.4041000e+04
   1.3868900e+04   3.8747000e+04   2.4041000e+04
   1.7564100e+04   3.9076600e+04   2.4041000e+04
   1.7987300e+04   5.1773000e+03   2.4142000e+04
   5.7550000e+03   6.5271000e+03   2.4142000e+04
   9.7380000e+02   8.5330000e+03   2.4142000e+04
   2.7396900e+04   1.1305400e+04   2.4142000e+04
   2.1708300e+04   1.1878500e+04   2.4142000e+04
   8.4630000e+03   1.2505400e+04   2.4142000e+04
   6.1450000e+03   1.7802100e+04   2.4142000e+04
   3.1298500e+04   1.9503400e+04   2.4142000e+04
   2.1294700e+04   2.0132200e+04   2.4142000e+04
   2.5350900e+04   2.6867500e+04   2.4142000e+04
   3.1626800e+04   3.0303700e+04   2.4142000e+04
   2.6698400e+04   3.1521500e+04   2.4142000e+04
   7.4837000e+03   3.3940800e+04   2.4142000e+04
   9.8444000e+03   3.5227100e+04   2.4142000e+04
   3.4332400e+04   3.6567600e+04   2.4142000e+04
   4.6011000e+03   3.8666000e+04   2.4142000e+04
   1.3874100e+04   3.8746000e+04   2.4142000e+04
   1.7561100e+04   3.9080100e+04   2.4142000e+04
   1.7987600e+04   5.1772000e+03   2.4243000e+04
   5.7517000e+03   6.5360000e+03   2.4243000e+04
   9.8140000e+02   8.5394000e+03   2.4243000e+04
   2.7394600e+04   1.1306500e+04   2.4243000e+04
   2.1708200e+04   1.1895700e+04   2.4243000e+04
   8.4577000e+03   1.2503300e+04   2.4243000e+04
   6.1495000e+03   1.7795200e+04   2.4243000e+04
   3.1294500e+04   1.9502100e+04   2.4243000e+04
   2.1296800e+04   2.0133800e+04   2.4243000e+04
   2.5351900e+04   2.6866300e+04   2.4243000e+04
   3.1622000e+04   3.0304100e+04   2.4243000e+04
   2.6692400e+04   3.1516900e+04   2.4243000e+04
   7.4876000e+03   3.3934400e+04   2.4243000e+04
   9.8467000e+03   3.5221100e+04   2.4243000e+04
   3.4335200e+04   3.6565900e+04   2.4243000e+04
   4.5991000e+03   3.8678200e+04   2.4243000e+04
   1.3874100e+04   3.8741800e+04   2.4243000e+04
   1.7564500e+04   3.9083700e+04   2.4243000e+04
   1.7986800e+04   5.1753000e+03   2.4344000e+04
   5.7555000e+03   6.5364000e+03   2.4344000e+04
   9.7070000e+02   8.5401000e+03   2.4344000e+04
   2.7394500e+04   1.1305800e+04   2.4344000e+04
   2.1679900e+04   1.1870700e+04   2.4344000e+04
   8.4625000e+03   1.2507700e+04   2.4344000e+04
   6.1507000e+03   1.7795900e+04   2.4344000e+04
   3.1298900e+04   1.9502100e+04   2.4344000e+04
   2.1301300e+04   2.0130100e+04   2.4344000e+04
   2.5350400e+04   2.6869200e+04   2.4344000e+04
   3.1623000e+04   3.0306800e+04   2.4344000e+04
   2.6696200e+04   3.1519700e+04   2.4344000e+04
   7.4842000e+03   3.3939600e+04   2.4344000e+04
   9.8489000e+03   3.5219700e+04   2.4344000e+04
   3.4332700e+04   3.6566300e+04   2.4344000e+04
   4.5987000e+03   3.8671600e+04   2.4344000e+04
   1.3867500e+04   3.8742500e+04   2.4344000e+04
   1.7564400e+04   3.9077000e+04   2.4344000e+04
   1.7986700e+04   5.1791000e+03   2.4445000e+04
   5.7558000e+03   6.5376000e+03   2.4445000e+04
   9.7810000e+02   8.5444000e+03   2.4445000e+04
   2.7394900e+04   1.1305900e+04   2.4445000e+04
   2.1710900e+04   1.1876000e+04   2.4445000e+04
   8.4552000e+03   1.2506400e+04   2.4445000e+04
   6.1456000e+03   1.7792300e+04   2.4445000e+04
   3.1299000e+04   1.9504900e+04   2.4445000e+04
   2.1292300e+04   2.0129900e+04   2.4445000e+04
   2.5351300e+04   2.6869900e+04   2.4445000e+04
   3.1624700e+04   3.0303500e+04   2.4445000e+04
   2.6690500e+04   3.1517200e+04   2.4445000e+04
   7.4854000e+03   3.3937100e+04   2.4445000e+04
   9.8469000e+03   3.5219400e+04   2.4445000e+04
   3.4341200e+04   3.6569000e+04   2.4445000e+04
   4.6049000e+03   3.8673400e+04   2.4445000e+04
   1.3872000e+04   3.8742200e+04   2.4445000e+04
   1.7562500e+04   3.9073900e+04   2.4445000e+04
   1.7988400e+04   5.1779000e+03   2.4546000e+04
   5.7571000e+03   6.5248000e+03   2.4546000e+04
   9.7630000e+02   8.5276000e+03   2.4546000e+04
   2.7395000e+04   1.1300600e+04   2.4546000e+04
   2.1679800e+04   1.1879300e+04   2.4546000e+04
   8.4552000e+03   1.2502700e+04   2.4546000e+04
   6.1479000e+03   1.7799600e+04   2.4546000e+04
   3.1296900e+04   1.9507800e+04   2.4546000e+04
   2.1293500e+04   2.0136300e+04   2.4546000e+04
   2.5349400e+04   2.6870300e+04   2.4546000e+04
   3.1625900e+04   3.0299700e+04   2.4546000e+04
   2.6694500e+04   3.1520400e+04   2.4546000e+04
   7.4829000e+03   3.3936400e+04   2.4546000e+04
   9.8478000e+03   3.5228500e+04   2.4546000e+04
   3.4338900e+04   3.6566400e+04   2.4546000e+04
   4.6022000e+03   3.8678800e+04   2.4546000e+04
   1.3872100e+04   3.8745400e+04   2.4546000e+04
   1.7563300e+04   3.9083000e+04   2.4546000e+04
   1.7989900e+04   5.1750000e+03   2.4647000e+04
   5.7616000e+03   6.5302000e+03   2.4647000e+04
   9.7230000e+02   8.5428000e+03   2.4647000e+04
   2.7397600e+04   1.1305500e+04   2.4647000e+04
   2.1704000e+04   1.1880200e+04   2.4647000e+04
   8.4586000e+03   1.2501800e+04   2.4647000e+04
   6.1437000e+03   1.7791600e+04   2.4647000e+04
   3.1297600e+04   1.9505100e+04   2.4647000e+04
   2.1291000e+04   2.0138100e+04   2.4647000e+04
   2.5351200e+04   2.6865800e+04   2.4647000e+04
   3.1621400e+04   3.0304500e+04   2.4647000e+04
   2.6695900e+04   3.1520200e+04   2.4647000e+04
   7.4855000e+03   3.3941000e+04   2.4647000e+04
   9.8448000e+03   3.5222400e+04   2.4647000e+04
   3.4338900e+04   3.6568000e+04   2.4647000e+04
   4.6067000e+03   3.8676000e+04   2.4647000e+04
   1.3867400e+04   3.8741900e+04   2.4647000e+04
   1.7563100e+04   3.9076300e+04   2.4647000e+04
   1.7987600e+04   5.1797000e+03   2.4748000e+04
   5.7523000e+03   6.5343000e+03   2.4748000e+04
   9.7970000e+02   8.5370000e+03   2.4748000e+04
   2.7395500e+04   1.1302100e+04   2.4748000e+04
   2.1711700e+04   1.1892300e+04   2.4748000e+04
   8.4565000e+03   1.2509200e+04   2.4748000e+04
   6.1481000e+03   1.7794200e+04   2.4748000e+04
   3.1295900e+04   1.9506500e+04   2.4748000e+04
   2.1296400e+04   2.0135400e+04   2.4748000e+04
   2.5351000e+04   2.6869200e+04   2.4748000e+04
   3.1622800e+04   3.0303100e+04   2.4748000e+04
   2.6692100e+04   3.1521400e+04   2.4748000e+04
   7.4865000e+03   3.3938800e+04   2.4748000e+04
   9.8534000e+03   3.5223400e+04   2.4748000e+04
   3.4335500e+04   3.6567600e+04   2.4748000e+04
   4.5986000e+03   3.8667500e+04   2.4748000e+04
   1.3873000e+04   3.8741100e+04   2.4748000e+04
   1.7562300e+04   3.9075400e+04   2.4748000e+04
   1.7994000e+04   5.1753000e+03   2.4849000e+04
   5.7559000e+03   6.5363000e+03   2.4849000e+04
   9.7310000e+02   8.5399000e+03   2.4849000e+04
   2.7399100e+04   1.1305100e+04   2.4849000e+04
   2.1706700e+04   1.1884600e+04   2.4849000e+04
   8.4543000e+03   1.2505700e+04   2.4849000e+04
   6.1494000e+03   1.7796500e+04   2.4849000e+04
   3.1299900e+04   1.9506200e+04   2.4849000e+04
   2.1294700e+04   2.0130600e+04   2.4849000e+04
   2.5351600e+04   2.6866800e+04   2.4849000e+04
   3.1622600e+04   3.0301600e+04   2.4849000e+04
   2.6693500e+04   3.1522500e+04   2.4849000e+04
   7.4830000e+03   3.3940000e+04   2.4849000e+04
   9.8490000e+03   3.5219000e+04   2.4849000e+04
   3.4338900e+04   3.6564200e+04   2.4849000e+04
   4.5960000e+03   3.8674200e+04   2.4849000e+04
   1.3869700e+04   3.8741800e+04   2.4849000e+04
   1.7562300e+04   3.9080300e+04   2.4849000e+04
   1.7989700e+04   5.1781000e+03   2.4950000e+04
   5.7542000e+03   6.5331000e+03   2.4950000e+04
   9.7140000e+02   8.5364000e+03   2.4950000e+04
   2.7393700e+04   1.1306300e+04   2.4950000e+04
   2.1689500e+04   1.1897900e+04   2.4950000e+04
   8.4609000e+03   1.2499700e+04   2.4950000e+04
   6.1446000e+03   1.7800300e+04   2.4950000e+04
   3.1298100e+04   1.9505600e+04   2.4950000e+04
   2.1294400e+04   2.0135100e+04   2.4950000e+04
   2.5354500e+04   2.6866200e+04   2.4950000e+04
   3.1627500e+04   3.0298800e+04   2.4950000e+04
   2.6689900e+04   3.1521300e+04   2.4950000e+04
   7.4874000e+03   3.3939500e+04   2.4950000e+04
   9.8468000e+03   3.5217500e+04   2.4950000e+04
   3.4340200e+04   3.6568400e+04   2.4950000e+04
   4.6023000e+03   3.8679200e+04   2.4950000e+04
   1.3866200e+04   3.8741200e+04   2.4950000e+04
   1.7565300e+04   3.9079400e+04   2.4950000e+04
   1.7987700e+04   5.1776000e+03   2.5051000e+04
   5.7571000e+03   6.5288000e+03   2.5051000e+04
   9.7520000e+02   8.5426000e+03   2.5051000e+04
   2.7396600e+04   1.1307900e+04   2.5051000e+04
   2.1685600e+04   1.1881500e+04   2.5051000e+04
   8.4608000e+03   1.2506700e+04   2.5051000e+04
   6.1443000e+03   1.7791100e+04   2.5051000e+04
   3.1297000e+04   1.9505600e+04   2.5051000e+04
   2.1293600e+04   2.0133000e+04   2.5051000e+04
   2.5352000e+04   2.6867300e+04   2.5051000e+04
   3.1630600e+04   3.0304300e+04   2.5051000e+04
   2.6692200e+04   3.1520100e+04   2.5051000e+04
   7.4870000e+03   3.3939800e+04   2.5051000e+04
   9.8451000e+03   3.5220800e+04   2.5051000e+04
   3.4336000e+04   3.6565900e+04   2.5051000e+04
   4.6013000e+03   3.8674500e+04   2.5051000e+04
   1.3870600e+04   3.8743200e+04   2.5051000e+04
   1.7559900e+04   3.9077000e+04   2.5051000e+04
   1.7985600e+04   5.1769000e+03   2.5152000e+04
   5.7555000e+03   6.5342000e+03   2.5152000e+04
   9.7940000e+02   8.5429000e+03   2.5152000e+04
   2.7399500e+04   1.1305600e+04   2.5152000e+04
   8.4599000e+03   1.2499900e+04   2.5152000e+04
   6.1423000e+03   1.7799100e+04   2.5152000e+04
   3.1295400e+04   1.9502100e+04   2.5152000e+04
   2.1291900e+04   2.0137300e+04   2.5152000e+04
   2.5354200e+04   2.6869100e+04   2.5152000e+04
   3.1623000e+04   3.0303500e+04   2.5152000e+04
   2.6696300e+04   3.1520600e+04   2.5152000e+04
   7.4867000e+03   3.3939100e+04   2.5152000e+04
   9.8509000e+03   3.5218600e+04   2.5152000e+04
   3.4334200e+04   3.6567600e+04   2.5152000e+04
   4.5996000e+03   3.8671700e+04   2.5152000e+04
   1.3869800e+04   3.8742900e+04   2.5152000e+04
   1.7562800e+04   3.9075100e+04   2.5152000e+04
   1.7986200e+04   5.1769000e+03   2.5253000e+04
   5.7548000e+03   6.5314000e+03   2.5253000e+04
   9.8040000e+02   8.5352000e+03   2.5253000e+04
   2.7396900e+04   1.1308100e+04   2.5253000e+04
   2.1698300e+04   1.1890900e+04   2.5253000e+04
   8.4583000e+03   1.2508300e+04   2.5253000e+04
   6.1448000e+03   1.7799900e+04   2.5253000e+04
   3.1296300e+04   1.9502900e+04   2.5253000e+04
   2.1297400e+04   2.0135600e+04   2.5253000e+04
   2.5350500e+04   2.6868200e+04   2.5253000e+04
   3.1627400e+04   3.0302300e+04   2.5253000e+04
   2.6698200e+04   3.1521400e+04   2.5253000e+04
   7.4858000e+03   3.3938900e+04   2.5253000e+04
   9.8412000e+03   3.5222300e+04   2.5253000e+04
   3.4336000e+04   3.6564600e+04   2.5253000e+04
   4.5989000e+03   3.8671400e+04   2.5253000e+04
   1.3873900e+04   3.8738800e+04   2.5253000e+04
   1.7560000e+04   3.9079900e+04   2.5253000e+04
   1.7989100e+04   5.1747000e+03   2.5354000e+04
   5.7549000e+03   6.5316000e+03   2.5354000e+04
   9.7980000e+02   8.5406000e+03   2.5354000e+04
   2.7395200e+04   1.1307500e+04   2.5354000e+04
   8.4567000e+03   1.2510300e+04   2.5354000e+04
   6.1484000e+03   1.7798800e+04   2.5354000e+04
   3.1299500e+04   1.9502000e+04   2.5354000e+04
   2.1296600e+04   2.0136700e+04   2.5354000e+04
   2.5349400e+04   2.6867600e+04   2.5354000e+04
   3.1627200e+04   3.0302100e+04   2.5354000e+04
   2.6693700e+04   3.1519100e+04   2.5354000e+04
   7.4869000e+03   3.3937200e+04   2.5354000e+04
   9.8454000e+03   3.5215600e+04   2.5354000e+04
   3.4337700e+04   3.6571500e+04   2.5354000e+04
   4.5915000e+03   3.8673300e+04   2.5354000e+04
   1.3869700e+04   3.8740000e+04   2.5354000e+04
   1.7565300e+04   3.9077600e+04   2.5354000e+04
   1.7983900e+04   5.1784000e+03   2.5455000e+04
   5.7550000e+03   6.5271000e+03   2.5455000e+04
   9.7680000e+02   8.5352000e+03   2.5455000e+04
   2.7397200e+04   1.1307400e+04   2.5455000e+04
   8.4579000e+03   1.2509000e+04   2.5455000e+04
   6.1491000e+03   1.7792900e+04   2.5455000e+04
   3.1301600e+04   1.9502200e+04   2.5455000e+04
   2.1292700e+04   2.0137800e+04   2.5455000e+04
   2.5354600e+04   2.6866800e+04   2.5455000e+04
   3.1625800e+04   3.0303200e+04   2.5455000e+04
   2.6695900e+04   3.1515500e+04   2.5455000e+04
   7.4880000e+03   3.3937900e+04   2.5455000e+04
   9.8452000e+03   3.5223100e+04   2.5455000e+04
   3.4337800e+04   3.6569400e+04   2.5455000e+04
   4.5936000e+03   3.8677000e+04   2.5455000e+04
   1.3871400e+04   3.8742700e+04   2.5455000e+04
   1.7560600e+04   3.9080700e+04   2.5455000e+04
   1.7982100e+04   5.1777000e+03   2.5556000e+04
   5.7586000e+03   6.5320000e+03   2.5556000e+04
   9.8230000e+02   8.5386000e+03   2.5556000e+04
   2.7394900e+04   1.1306600e+04   2.5556000e+04
   8.4606000e+03   1.2503900e+04   2.5556000e+04
   6.1442000e+03   1.7799900e+04   2.5556000e+04
   3.1295000e+04   1.9501100e+04   2.5556000e+04
   2.1294000e+04   2.0134100e+04   2.5556000e+04
   2.5351300e+04   2.6870400e+04   2.5556000e+04
   3.1626600e+04   3.0303300e+04   2.5556000e+04
   2.6689800e+04   3.1518400e+04   2.5556000e+04
   7.4864000e+03   3.3940700e+04   2.5556000e+04
   9.8440000e+03   3.5220200e+04   2.5556000e+04
   3.4338300e+04   3.6568000e+04   2.5556000e+04
   4.5981000e+03   3.8678600e+04   2.5556000e+04
   1.3874900e+04   3.8740500e+04   2.5556000e+04
   1.7566100e+04   3.9072100e+04   2.5556000e+04
   1.7986500e+04   5.1752000e+03   2.5657000e+04
   5.7598000e+03   6.5269000e+03   2.5657000e+04
   9.7620000e+02   8.5416000e+03   2.5657000e+04
   2.7388700e+04   1.1305500e+04   2.5657000e+04
   2.1690800e+04   1.1872900e+04   2.5657000e+04
   8.4615000e+03   1.2507000e+04   2.5657000e+04
   6.1492000e+03   1.7798800e+04   2.5657000e+04
   3.1294300e+04   1.9504000e+04   2.5657000e+04
   2.1291200e+04   2.0134600e+04   2.5657000e+04
   2.5349600e+04   2.6867700e+04   2.5657000e+04
   3.1622900e+04   3.0300100e+04   2.5657000e+04
   2.6696500e+04   3.1520200e+04   2.5657000e+04
   7.4884000e+03   3.3937900e+04   2.5657000e+04
   9.8496000e+03   3.5217600e+04   2.5657000e+04
   3.4331300e+04   3.6568100e+04   2.5657000e+04
   4.6039000e+03   3.8676000e+04   2.5657000e+04
   1.3872600e+04   3.8745700e+04   2.5657000e+04
   1.7564800e+04   3.9079000e+04   2.5657000e+04
   1.7986300e+04   5.1835000e+03   2.5758000e+04
   5.7556000e+03   6.5317000e+03   2.5758000e+04
   9.8470000e+02   8.5431000e+03   2.5758000e+04
   2.7396500e+04   1.1309100e+04   2.5758000e+04
   2.1690000e+04   1.1900400e+04   2.5758000e+04
   8.4565000e+03   1.2499700e+04   2.5758000e+04
   6.1504000e+03   1.7796000e+04   2.5758000e+04
   3.1295500e+04   1.9504500e+04   2.5758000e+04
   2.1293500e+04   2.0134900e+04   2.5758000e+04
   2.5354500e+04   2.6868500e+04   2.5758000e+04
   3.1623400e+04   3.0300400e+04   2.5758000e+04
   2.6691600e+04   3.1520400e+04   2.5758000e+04
   7.4856000e+03   3.3941700e+04   2.5758000e+04
   9.8444000e+03   3.5212000e+04   2.5758000e+04
   3.4338500e+04   3.6566800e+04   2.5758000e+04
   4.5980000e+03   3.8676700e+04   2.5758000e+04
   1.3871400e+04   3.8739300e+04   2.5758000e+04
   1.7560500e+04   3.9077700e+04   2.5758000e+04
   1.7990600e+04   5.1760000e+03   2.5859000e+04
   5.7620000e+03   6.5316000e+03   2.5859000e+04
   9.7760000e+02   8.5395000e+03   2.5859000e+04
   2.7394100e+04   1.1305900e+04   2.5859000e+04
   2.1667200e+04   1.1881300e+04   2.5859000e+04
   8.4549000e+03   1.2503800e+04   2.5859000e+04
   6.1470000e+03   1.7802000e+04   2.5859000e+04
   3.1296100e+04   1.9503400e+04   2.5859000e+04
   2.1294700e+04   2.0135900e+04   2.5859000e+04
   2.5353600e+04   2.6868300e+04   2.5859000e+04
   3.1620700e+04   3.0302500e+04   2.5859000e+04
   2.6691800e+04   3.1517100e+04   2.5859000e+04
   7.4854000e+03   3.3939100e+04   2.5859000e+04
   9.8472000e+03   3.5224700e+04   2.5859000e+04
   3.4337900e+04   3.6566800e+04   2.5859000e+04
   4.6013000e+03   3.8670700e+04   2.5859000e+04
   1.3870500e+04   3.8740800e+04   2.5859000e+04
   1.7561800e+04   3.9077800e+04   2.5859000e+04
   1.7986400e+04   5.1786000e+03   2.5960000e+04
   5.7591000e+03   6.5383000e+03   2.5960000e+04
   9.8060000e+02   8.5408000e+03   2.5960000e+04
   2.7395000e+04   1.1307700e+04   2.5960000e+04
   2.1718800e+04   1.1871800e+04   2.5960000e+04
   8.4534000e+03   1.2502100e+04   2.5960000e+04
   6.1475000e+03   1.7795500e+04   2.5960000e+04
   3.1295000e+04   1.9503300e+04   2.5960000e+04
   2.1294300e+04   2.0134000e+04   2.5960000e+04
   2.5353800e+04   2.6865500e+04   2.5960000e+04
   3.1623900e+04   3.0298600e+04   2.5960000e+04
   2.6692000e+04   3.1522400e+04   2.5960000e+04
   7.4857000e+03   3.3939500e+04   2.5960000e+04
   9.8500000e+03   3.5225400e+04   2.5960000e+04
   3.4336700e+04   3.6563700e+04   2.5960000e+04
   4.5960000e+03   3.8671800e+04   2.5960000e+04
   1.3871800e+04   3.8739900e+04   2.5960000e+04
   1.7565600e+04   3.9079000e+04   2.5960000e+04
   1.7987600e+04   5.1767000e+03   2.6061000e+04
   5.7583000e+03   6.5258000e+03   2.6061000e+04
   9.7110000e+02   8.5489000e+03   2.6061000e+04
   2.7394300e+04   1.1305800e+04   2.6061000e+04
   2.1718700e+04   1.1894300e+04   2.6061000e+04
   8.4579000e+03   1.2509200e+04   2.6061000e+04
   6.1493000e+03   1.7800100e+04   2.6061000e+04
   3.1297200e+04   1.9505900e+04   2.6061000e+04
   2.1292600e+04   2.0136000e+04   2.6061000e+04
   2.5351700e+04   2.6866500e+04   2.6061000e+04
   3.1620300e+04   3.0298600e+04   2.6061000e+04
   2.6693800e+04   3.1519400e+04   2.6061000e+04
   7.4839000e+03   3.3938700e+04   2.6061000e+04
   9.8509000e+03   3.5219400e+04   2.6061000e+04
   3.4339600e+04   3.6570700e+04   2.6061000e+04
   4.6087000e+03   3.8667600e+04   2.6061000e+04
   1.3869400e+04   3.8738600e+04   2.6061000e+04
   1.7560300e+04   3.9078200e+04   2.6061000e+04
   1.7987200e+04   5.1783000e+03   2.6162000e+04
   5.7597000e+03   6.5340000e+03   2.6162000e+04
   9.7400000e+02   8.5348000e+03   2.6162000e+04
   2.7396600e+04   1.1308000e+04   2.6162000e+04
   8.4558000e+03   1.2503300e+04   2.6162000e+04
   6.1505000e+03   1.7799800e+04   2.6162000e+04
   3.1293500e+04   1.9508400e+04   2.6162000e+04
   2.1298300e+04   2.0133600e+04   2.6162000e+04
   2.5353800e+04   2.6865300e+04   2.6162000e+04
   3.1624000e+04   3.0302000e+04   2.6162000e+04
   2.6693700e+04   3.1519600e+04   2.6162000e+04
   7.4860000e+03   3.3940100e+04   2.6162000e+04
   9.8423000e+03   3.5212400e+04   2.6162000e+04
   3.4339400e+04   3.6566400e+04   2.6162000e+04
   4.5993000e+03   3.8682700e+04   2.6162000e+04
   1.3869100e+04   3.8741400e+04   2.6162000e+04
   1.7564000e+04   3.9075900e+04   2.6162000e+04
   1.7989500e+04   5.1785000e+03   2.6263000e+04
   5.7592000e+03   6.5288000e+03   2.6263000e+04
   9.7660000e+02   8.5335000e+03   2.6263000e+04
   2.7394000e+04   1.1308800e+04   2.6263000e+04
   8.4543000e+03   1.2507700e+04   2.6263000e+04
   6.1419000e+03   1.7797100e+04   2.6263000e+04
   3.1297800e+04   1.9506000e+04   2.6263000e+04
   2.1299200e+04   2.0139500e+04   2.6263000e+04
   2.5350900e+04   2.6868000e+04   2.6263000e+04
   3.1623500e+04   3.0300400e+04   2.6263000e+04
   2.6695300e+04   3.1522600e+04   2.6263000e+04
   7.4834000e+03   3.3936200e+04   2.6263000e+04
   9.8508000e+03   3.5215100e+04   2.6263000e+04
   3.4338700e+04   3.6567400e+04   2.6263000e+04
   4.5975000e+03   3.8673400e+04   2.6263000e+04
   1.3869300e+04   3.8744500e+04   2.6263000e+04
   1.7565100e+04   3.9078700e+04   2.6263000e+04
   1.7984200e+04   5.1740000e+03   2.6364000e+04
   5.7524000e+03   6.5313000e+03   2.6364000e+04
   9.7650000e+02   8.5389000e+03   2.6364000e+04
   2.7394000e+04   1.1310700e+04   2.6364000e+04
   8.4632000e+03   1.2506000e+04   2.6364000e+04
   6.1462000e+03   1.7798200e+04   2.6364000e+04
   3.1293700e+04   1.9509000e+04   2.6364000e+04
   2.1296700e+04   2.0137800e+04   2.6364000e+04
   2.5357300e+04   2.6872200e+04   2.6364000e+04
   3.1620900e+04   3.0306200e+04   2.6364000e+04
   2.6694000e+04   3.1516900e+04   2.6364000e+04
   7.4868000e+03   3.3938800e+04   2.6364000e+04
   9.8445000e+03   3.5209100e+04   2.6364000e+04
   3.4337900e+04   3.6573300e+04   2.6364000e+04
   4.6019000e+03   3.8671800e+04   2.6364000e+04
   1.3874800e+04   3.8738800e+04   2.6364000e+04
   1.7562200e+04   3.9072800e+04   2.6364000e+04
   1.7981800e+04   5.1791000e+03   2.6465000e+04
   5.7613000e+03   6.5349000e+03   2.6465000e+04
   9.8230000e+02   8.5358000e+03   2.6465000e+04
   2.7397000e+04   1.1307400e+04   2.6465000e+04
   8.4524000e+03   1.2504200e+04   2.6465000e+04
   6.1515000e+03   1.7796400e+04   2.6465000e+04
   3.1299200e+04   1.9506700e+04   2.6465000e+04
   2.1295300e+04   2.0136400e+04   2.6465000e+04
   2.5348700e+04   2.6866400e+04   2.6465000e+04
   3.1619300e+04   3.0300900e+04   2.6465000e+04
   2.6694400e+04   3.1522400e+04   2.6465000e+04
   7.4902000e+03   3.3939500e+04   2.6465000e+04
   9.8468000e+03   3.5217700e+04   2.6465000e+04
   3.4338600e+04   3.6569900e+04   2.6465000e+04
   4.5992000e+03   3.8671000e+04   2.6465000e+04
   1.3869800e+04   3.8739600e+04   2.6465000e+04
   1.7559300e+04   3.9077700e+04   2.6465000e+04
   1.7987100e+04   5.1756000e+03   2.6566000e+04
   5.7578000e+03   6.5324000e+03   2.6566000e+04
   9.7290000e+02   8.5467000e+03   2.6566000e+04
   2.7398200e+04   1.1304200e+04   2.6566000e+04
   8.4502000e+03   1.2500400e+04   2.6566000e+04
   6.1472000e+03   1.7798800e+04   2.6566000e+04
   3.1299500e+04   1.9501100e+04   2.6566000e+04
   2.1294000e+04   2.0140600e+04   2.6566000e+04
   2.5350200e+04   2.6862900e+04   2.6566000e+04
   3.1623400e+04   3.0301500e+04   2.6566000e+04
   2.6697500e+04   3.1523300e+04   2.6566000e+04
   7.4900000e+03   3.3938700e+04   2.6566000e+04
   9.8402000e+03   3.5215300e+04   2.6566000e+04
   3.4338400e+04   3.6569400e+04   2.6566000e+04
   4.6010000e+03   3.8673800e+04   2.6566000e+04
   1.3872300e+04   3.8742500e+04   2.6566000e+04
   1.7567100e+04   3.9078800e+04   2.6566000e+04
   1.7983700e+04   5.1755000e+03   2.6667000e+04
   5.7549000e+03   6.5299000e+03   2.6667000e+04
   9.7430000e+02   8.5397000e+03   2.6667000e+04
   2.7399600e+04   1.1310300e+04   2.6667000e+04
   8.4635000e+03   1.2506000e+04   2.6667000e+04
   6.1470000e+03   1.7792100e+04   2.6667000e+04
   3.1296300e+04   1.9505600e+04   2.6667000e+04
   2.1301400e+04   2.0140500e+04   2.6667000e+04
   2.5349000e+04   2.6871200e+04   2.6667000e+04
   3.1621900e+04   3.0301300e+04   2.6667000e+04
   2.6690800e+04   3.1523900e+04   2.6667000e+04
   7.4872000e+03   3.3938400e+04   2.6667000e+04
   9.8456000e+03   3.5211700e+04   2.6667000e+04
   3.4337900e+04   3.6570900e+04   2.6667000e+04
   4.5982000e+03   3.8673200e+04   2.6667000e+04
   1.3870100e+04   3.8740400e+04   2.6667000e+04
   1.7565600e+04   3.9075400e+04   2.6667000e+04
   1.7985400e+04   5.1804000e+03   2.6768000e+04
   5.7565000e+03   6.5321000e+03   2.6768000e+04
   9.7540000e+02   8.5421000e+03   2.6768000e+04
   2.7397400e+04   1.1303400e+04   2.6768000e+04
   8.4576000e+03   1.2504500e+04   2.6768000e+04
   6.1546000e+03   1.7795900e+04   2.6768000e+04
   3.1297500e+04   1.9505100e+04   2.6768000e+04
   2.1298000e+04   2.0136300e+04   2.6768000e+04
   2.5354600e+04   2.6872600e+04   2.6768000e+04
   3.1621500e+04   3.0298700e+04   2.6768000e+04
   2.6690900e+04   3.1521000e+04   2.6768000e+04
   7.4875000e+03   3.3938300e+04   2.6768000e+04
   9.8435000e+03   3.5207400e+04   2.6768000e+04
   3.4336000e+04   3.6568500e+04   2.6768000e+04
   4.5969000e+03   3.8677700e+04   2.6768000e+04
   1.3869700e+04   3.8740000e+04   2.6768000e+04
   1.7564200e+04   3.9081900e+04   2.6768000e+04
   1.7983000e+04   5.1801000e+03   2.6869000e+04
   5.7515000e+03   6.5365000e+03   2.6869000e+04
   9.7930000e+02   8.5370000e+03   2.6869000e+04
   2.7390700e+04   1.1306800e+04   2.6869000e+04
   8.4651000e+03   1.2504600e+04   2.6869000e+04
   6.1538000e+03   1.7796800e+04   2.6869000e+04
   3.1293100e+04   1.9505300e+04   2.6869000e+04
   2.1296200e+04   2.0135500e+04   2.6869000e+04
   2.5348900e+04   2.6868200e+04   2.6869000e+04
   3.1618600e+04   3.0297600e+04   2.6869000e+04
   2.6697800e+04   3.1525900e+04   2.6869000e+04
   7.4855000e+03   3.3940900e+04   2.6869000e+04
   9.8466000e+03   3.5211200e+04   2.6869000e+04
   4.6063000e+03   3.8671700e+04   2.6869000e+04
   1.3873500e+04   3.8739400e+04   2.6869000e+04
   1.7563300e+04   3.9076700e+04   2.6869000e+04
   1.7986500e+04   5.1749000e+03   2.6970000e+04
   5.7570000e+03   6.5300000e+03   2.6970000e+04
   9.7300000e+02   8.5350000e+03   2.6970000e+04
   2.7395400e+04   1.1300300e+04   2.6970000e+04
   8.4602000e+03   1.2507000e+04   2.6970000e+04
   6.1490000e+03   1.7806100e+04   2.6970000e+04
   3.1299200e+04   1.9505800e+04   2.6970000e+04
   2.1293800e+04   2.0136000e+04   2.6970000e+04
   2.5353400e+04   2.6872200e+04   2.6970000e+04
   3.1619300e+04   3.0295900e+04   2.6970000e+04
   2.6692400e+04   3.1525500e+04   2.6970000e+04
   7.4896000e+03   3.3938900e+04   2.6970000e+04
   9.8467000e+03   3.5218800e+04   2.6970000e+04
   3.4336300e+04   3.6570400e+04   2.6970000e+04
   4.6049000e+03   3.8672300e+04   2.6970000e+04
   1.3870800e+04   3.8741700e+04   2.6970000e+04
   1.7559700e+04   3.9075400e+04   2.6970000e+04
   1.7987400e+04   5.1749000e+03   2.7071000e+04
   5.7564000e+03   6.5325000e+03   2.7071000e+04
   9.8090000e+02   8.5427000e+03   2.7071000e+04
   2.7392700e+04   1.1307700e+04   2.7071000e+04
   8.4601000e+03   1.2507800e+04   2.7071000e+04
   6.1435000e+03   1.7791600e+04   2.7071000e+04
   3.1296000e+04   1.9506000e+04   2.7071000e+04
   2.1294500e+04   2.0137200e+04   2.7071000e+04
   2.5349800e+04   2.6870600e+04   2.7071000e+04
   3.1621900e+04   3.0296900e+04   2.7071000e+04
   2.6695600e+04   3.1520400e+04   2.7071000e+04
   7.4880000e+03   3.3938100e+04   2.7071000e+04
   9.8440000e+03   3.5212500e+04   2.7071000e+04
   3.4338000e+04   3.6568400e+04   2.7071000e+04
   4.6033000e+03   3.8675400e+04   2.7071000e+04
   1.3869100e+04   3.8747100e+04   2.7071000e+04
   1.7565900e+04   3.9076100e+04   2.7071000e+04
   1.7989800e+04   5.1786000e+03   2.7172000e+04
   5.7459000e+03   6.5278000e+03   2.7172000e+04
   9.8130000e+02   8.5395000e+03   2.7172000e+04
   2.7393400e+04   1.1307300e+04   2.7172000e+04
   8.4613000e+03   1.2505600e+04   2.7172000e+04
   6.1481000e+03   1.7791300e+04   2.7172000e+04
   3.1296600e+04   1.9505900e+04   2.7172000e+04
   2.1298300e+04   2.0135200e+04   2.7172000e+04
   2.5351700e+04   2.6871400e+04   2.7172000e+04
   3.1624400e+04   3.0301200e+04   2.7172000e+04
   2.6696600e+04   3.1520300e+04   2.7172000e+04
   7.4894000e+03   3.3939200e+04   2.7172000e+04
   9.8387000e+03   3.5213900e+04   2.7172000e+04
   3.4338400e+04   3.6575700e+04   2.7172000e+04
   4.5988000e+03   3.8674500e+04   2.7172000e+04
   1.3869400e+04   3.8740300e+04   2.7172000e+04
   1.7564900e+04   3.9078400e+04   2.7172000e+04
   1.7983600e+04   5.1790000e+03   2.7273000e+04
   5.7538000e+03   6.5304000e+03   2.7273000e+04
   9.7830000e+02   8.5351000e+03   2.7273000e+04
   2.7393500e+04   1.1305900e+04   2.7273000e+04
   8.4609000e+03   1.2506700e+04   2.7273000e+04
   6.1450000e+03   1.7792000e+04   2.7273000e+04
   3.1300800e+04   1.9510900e+04   2.7273000e+04
   2.1295600e+04   2.0131900e+04   2.7273000e+04
   2.5351300e+04   2.6866300e+04   2.7273000e+04
   3.1624900e+04   3.0301400e+04   2.7273000e+04
   2.6691600e+04   3.1522200e+04   2.7273000e+04
   7.4859000e+03   3.3940800e+04   2.7273000e+04
   9.8440000e+03   3.5214700e+04   2.7273000e+04
   3.4337200e+04   3.6575200e+04   2.7273000e+04
   4.6047000e+03   3.8673200e+04   2.7273000e+04
   1.3871700e+04   3.8742600e+04   2.7273000e+04
   1.7564200e+04   3.9077700e+04   2.7273000e+04
   1.7981100e+04   5.1764000e+03   2.7374000e+04
   5.7635000e+03   6.5317000e+03   2.7374000e+04
   9.7930000e+02   8.5350000e+03   2.7374000e+04
   2.7395000e+04   1.1308800e+04   2.7374000e+04
   8.4658000e+03   1.2507200e+04   2.7374000e+04
   6.1434000e+03   1.7805800e+04   2.7374000e+04
   3.1296600e+04   1.9504800e+04   2.7374000e+04
   2.1291200e+04   2.0133300e+04   2.7374000e+04
   2.5350100e+04   2.6867400e+04   2.7374000e+04
   3.1624600e+04   3.0302400e+04   2.7374000e+04
   2.6694100e+04   3.1522900e+04   2.7374000e+04
   7.4876000e+03   3.3937400e+04   2.7374000e+04
   9.8420000e+03   3.5215100e+04   2.7374000e+04
   3.4340400e+04   3.6569100e+04   2.7374000e+04
   4.5947000e+03   3.8675200e+04   2.7374000e+04
   1.3871600e+04   3.8741000e+04   2.7374000e+04
   1.7566200e+04   3.9072600e+04   2.7374000e+04
   1.7988500e+04   5.1745000e+03   2.7475000e+04
   5.7574000e+03   6.5300000e+03   2.7475000e+04
   9.6850000e+02   8.5418000e+03   2.7475000e+04
   2.7392000e+04   1.1308400e+04   2.7475000e+04
   8.4627000e+03   1.2505700e+04   2.7475000e+04
   6.1479000e+03   1.7793000e+04   2.7475000e+04
   3.1299000e+04   1.9504400e+04   2.7475000e+04
   2.1294500e+04   2.0133200e+04   2.7475000e+04
   2.5350400e+04   2.6867000e+04   2.7475000e+04
   3.1623600e+04   3.0299200e+04   2.7475000e+04
   2.6696900e+04   3.1525000e+04   2.7475000e+04
   7.4901000e+03   3.3940300e+04   2.7475000e+04
   9.8398000e+03   3.5218400e+04   2.7475000e+04
   3.4338100e+04   3.6571900e+04   2.7475000e+04
   4.5984000e+03   3.8674700e+04   2.7475000e+04
   1.3869400e+04   3.8742300e+04   2.7475000e+04
   1.7569900e+04   3.9076200e+04   2.7475000e+04
   1.7988100e+04   5.1785000e+03   2.7576000e+04
   5.7533000e+03   6.5257000e+03   2.7576000e+04
   9.8150000e+02   8.5348000e+03   2.7576000e+04
   2.7400100e+04   1.1305900e+04   2.7576000e+04
   8.4548000e+03   1.2504300e+04   2.7576000e+04
   6.1527000e+03   1.7800000e+04   2.7576000e+04
   3.1300200e+04   1.9507200e+04   2.7576000e+04
   2.1294900e+04   2.0131400e+04   2.7576000e+04
   2.5352000e+04   2.6871000e+04   2.7576000e+04
   3.1618900e+04   3.0300100e+04   2.7576000e+04
   2.6695300e+04   3.1523300e+04   2.7576000e+04
   7.4868000e+03   3.3941400e+04   2.7576000e+04
   9.8308000e+03   3.5218100e+04   2.7576000e+04
   3.4337200e+04   3.6575200e+04   2.7576000e+04
   4.6009000e+03   3.8670800e+04   2.7576000e+04
   1.3871900e+04   3.8742300e+04   2.7576000e+04
   1.7567600e+04   3.9076100e+04   2.7576000e+04
   1.7984100e+04   5.1790000e+03   2.7677000e+04
   5.7566000e+03   6.5299000e+03   2.7677000e+04
   9.7480000e+02   8.5293000e+03   2.7677000e+04
   2.7395100e+04   1.1305400e+04   2.7677000e+04
   8.4573000e+03   1.2503500e+04   2.7677000e+04
   6.1516000e+03   1.7797600e+04   2.7677000e+04
   3.1298100e+04   1.9507700e+04   2.7677000e+04
   2.1300400e+04   2.0138300e+04   2.7677000e+04
   2.5351700e+04   2.6869200e+04   2.7677000e+04
   3.1624800e+04   3.0300000e+04   2.7677000e+04
   2.6693100e+04   3.1522500e+04   2.7677000e+04
   7.4857000e+03   3.3942900e+04   2.7677000e+04
   9.8438000e+03   3.5220600e+04   2.7677000e+04
   3.4336500e+04   3.6572900e+04   2.7677000e+04
   4.6016000e+03   3.8667300e+04   2.7677000e+04
   1.3868100e+04   3.8743200e+04   2.7677000e+04
   1.7563800e+04   3.9076800e+04   2.7677000e+04
   1.7984600e+04   5.1784000e+03   2.7778000e+04
   5.7563000e+03   6.5334000e+03   2.7778000e+04
   9.7250000e+02   8.5360000e+03   2.7778000e+04
   2.7398200e+04   1.1302100e+04   2.7778000e+04
   8.4563000e+03   1.2504300e+04   2.7778000e+04
   6.1492000e+03   1.7796000e+04   2.7778000e+04
   3.1300400e+04   1.9506000e+04   2.7778000e+04
   2.1297500e+04   2.0138200e+04   2.7778000e+04
   2.5344900e+04   2.6864000e+04   2.7778000e+04
   3.1621700e+04   3.0300200e+04   2.7778000e+04
   2.6692000e+04   3.1524500e+04   2.7778000e+04
   7.4900000e+03   3.3939400e+04   2.7778000e+04
   9.8518000e+03   3.5222400e+04   2.7778000e+04
   3.4337900e+04   3.6570400e+04   2.7778000e+04
   4.6024000e+03   3.8674100e+04   2.7778000e+04
   1.3867200e+04   3.8742400e+04   2.7778000e+04
   1.7564000e+04   3.9074300e+04   2.7778000e+04
   1.7982400e+04   5.1774000e+03   2.7879000e+04
   5.7602000e+03   6.5231000e+03   2.7879000e+04
   9.7700000e+02   8.5411000e+03   2.7879000e+04
   2.7389400e+04   1.1304900e+04   2.7879000e+04
   8.4603000e+03   1.2508800e+04   2.7879000e+04
   6.1471000e+03   1.7796000e+04   2.7879000e+04
   3.1298100e+04   1.9505300e+04   2.7879000e+04
   2.1293300e+04   2.0133100e+04   2.7879000e+04
   2.5352000e+04   2.6870300e+04   2.7879000e+04
   3.1623400e+04   3.0299900e+04   2.7879000e+04
   2.6692800e+04   3.1523500e+04   2.7879000e+04
   7.4855000e+03   3.3939300e+04   2.7879000e+04
   9.8420000e+03   3.5219900e+04   2.7879000e+04
   3.4341500e+04   3.6570600e+04   2.7879000e+04
   4.6057000e+03   3.8673800e+04   2.7879000e+04
   1.3871800e+04   3.8739300e+04   2.7879000e+04
   1.7564600e+04   3.9079700e+04   2.7879000e+04
   1.7985700e+04   5.1738000e+03   2.7980000e+04
   5.7539000e+03   6.5255000e+03   2.7980000e+04
   9.7070000e+02   8.5324000e+03   2.7980000e+04
   2.7393100e+04   1.1302900e+04   2.7980000e+04
   8.4609000e+03   1.2504500e+04   2.7980000e+04
   6.1520000e+03   1.7802500e+04   2.7980000e+04
   3.1297400e+04   1.9505100e+04   2.7980000e+04
   2.1295100e+04   2.0139000e+04   2.7980000e+04
   2.5351700e+04   2.6870100e+04   2.7980000e+04
   3.1622100e+04   3.0307900e+04   2.7980000e+04
   2.6693300e+04   3.1522400e+04   2.7980000e+04
   7.4822000e+03   3.3941700e+04   2.7980000e+04
   9.8456000e+03   3.5212900e+04   2.7980000e+04
   3.4344700e+04   3.6575300e+04   2.7980000e+04
   4.6055000e+03   3.8672300e+04   2.7980000e+04
   1.3867900e+04   3.8740800e+04   2.7980000e+04
   1.7565300e+04   3.9076800e+04   2.7980000e+04
   1.7981200e+04   5.1751000e+03   2.8081000e+04
   5.7543000e+03   6.5301000e+03   2.8081000e+04
   9.7850000e+02   8.5386000e+03   2.8081000e+04
   2.7394400e+04   1.1303100e+04   2.8081000e+04
   8.4637000e+03   1.2499400e+04   2.8081000e+04
   6.1504000e+03   1.7794400e+04   2.8081000e+04
   3.1297700e+04   1.9505600e+04   2.8081000e+04
   2.1297900e+04   2.0135100e+04   2.8081000e+04
   2.5349800e+04   2.6867400e+04   2.8081000e+04
   3.1622000e+04   3.0310200e+04   2.8081000e+04
   2.6691900e+04   3.1524700e+04   2.8081000e+04
   7.4866000e+03   3.3937600e+04   2.8081000e+04
   9.8488000e+03   3.5217700e+04   2.8081000e+04
   3.4336700e+04   3.6577500e+04   2.8081000e+04
   4.6027000e+03   3.8670500e+04   2.8081000e+04
   1.3867200e+04   3.8740500e+04   2.8081000e+04
   1.7563400e+04   3.9078700e+04   2.8081000e+04
   1.7984500e+04   5.1811000e+03   2.8182000e+04
   5.7519000e+03   6.5261000e+03   2.8182000e+04
   9.7880000e+02   8.5284000e+03   2.8182000e+04
   2.7393500e+04   1.1307400e+04   2.8182000e+04
   8.4578000e+03   1.2505500e+04   2.8182000e+04
   6.1417000e+03   1.7797600e+04   2.8182000e+04
   3.1301300e+04   1.9506700e+04   2.8182000e+04
   2.1300000e+04   2.0137100e+04   2.8182000e+04
   2.5352400e+04   2.6868600e+04   2.8182000e+04
   3.1623400e+04   3.0299600e+04   2.8182000e+04
   2.6695200e+04   3.1524900e+04   2.8182000e+04
   7.4886000e+03   3.3940300e+04   2.8182000e+04
   9.8426000e+03   3.5212600e+04   2.8182000e+04
   3.4337000e+04   3.6576800e+04   2.8182000e+04
   4.6015000e+03   3.8671600e+04   2.8182000e+04
   1.3873400e+04   3.8740500e+04   2.8182000e+04
   1.7563200e+04   3.9081300e+04   2.8182000e+04
   1.7985800e+04   5.1724000e+03   2.8283000e+04
   5.7520000e+03   6.5338000e+03   2.8283000e+04
   9.7670000e+02   8.5415000e+03   2.8283000e+04
   2.7400800e+04   1.1307900e+04   2.8283000e+04
   8.4537000e+03   1.2502900e+04   2.8283000e+04
   6.1481000e+03   1.7800700e+04   2.8283000e+04
   3.1295500e+04   1.9504300e+04   2.8283000e+04
   2.1298100e+04   2.0132400e+04   2.8283000e+04
   2.5347600e+04   2.6868300e+04   2.8283000e+04
   3.1624600e+04   3.0302800e+04   2.8283000e+04
   2.6697300e+04   3.1525000e+04   2.8283000e+04
   7.4849000e+03   3.3939700e+04   2.8283000e+04
   9.8492000e+03   3.5213600e+04   2.8283000e+04
   3.4335400e+04   3.6570900e+04   2.8283000e+04
   4.6037000e+03   3.8670400e+04   2.8283000e+04
   1.3868100e+04   3.8743100e+04   2.8283000e+04
   1.7565500e+04   3.9076300e+04   2.8283000e+04
   1.7981600e+04   5.1775000e+03   2.8384000e+04
   5.7574000e+03   6.5353000e+03   2.8384000e+04
   9.7450000e+02   8.5390000e+03   2.8384000e+04
   2.7396600e+04   1.1302200e+04   2.8384000e+04
   8.4633000e+03   1.2504800e+04   2.8384000e+04
   6.1491000e+03   1.7799000e+04   2.8384000e+04
   3.1297700e+04   1.9505600e+04   2.8384000e+04
   2.1293100e+04   2.0134900e+04   2.8384000e+04
   2.5348200e+04   2.6869100e+04   2.8384000e+04
   3.1622900e+04   3.0300900e+04   2.8384000e+04
   2.6695000e+04   3.1526500e+04   2.8384000e+04
   7.4853000e+03   3.3939600e+04   2.8384000e+04
   9.8514000e+03   3.5207700e+04   2.8384000e+04
   3.4342600e+04   3.6575300e+04   2.8384000e+04
   4.5970000e+03   3.8668500e+04   2.8384000e+04
   1.3869400e+04   3.8742200e+04   2.8384000e+04
   1.7561900e+04   3.9078000e+04   2.8384000e+04
   1.7988700e+04   5.1714000e+03   2.8485000e+04
   5.7604000e+03   6.5203000e+03   2.8485000e+04
   9.7440000e+02   8.5351000e+03   2.8485000e+04
   2.7392900e+04   1.1307800e+04   2.8485000e+04
   8.4617000e+03   1.2507100e+04   2.8485000e+04
   6.1469000e+03   1.7802100e+04   2.8485000e+04
   3.1295300e+04   1.9503700e+04   2.8485000e+04
   2.1302200e+04   2.0135200e+04   2.8485000e+04
   2.5350600e+04   2.6866100e+04   2.8485000e+04
   3.1625200e+04   3.0301300e+04   2.8485000e+04
   2.6688100e+04   3.1524700e+04   2.8485000e+04
   7.4866000e+03   3.3940200e+04   2.8485000e+04
   9.8408000e+03   3.5214000e+04   2.8485000e+04
   3.4337200e+04   3.6577700e+04   2.8485000e+04
   4.6044000e+03   3.8677300e+04   2.8485000e+04
   1.3867700e+04   3.8744800e+04   2.8485000e+04
   1.7564000e+04   3.9077400e+04   2.8485000e+04
   1.7984700e+04   5.1715000e+03   2.8586000e+04
   5.7483000e+03   6.5292000e+03   2.8586000e+04
   9.7130000e+02   8.5361000e+03   2.8586000e+04
   2.7398100e+04   1.1308100e+04   2.8586000e+04
   8.4560000e+03   1.2505400e+04   2.8586000e+04
   6.1498000e+03   1.7793200e+04   2.8586000e+04
   3.1301100e+04   1.9505000e+04   2.8586000e+04
   2.1301400e+04   2.0136800e+04   2.8586000e+04
   2.5351500e+04   2.6870600e+04   2.8586000e+04
   3.1627200e+04   3.0300200e+04   2.8586000e+04
   2.6689600e+04   3.1521700e+04   2.8586000e+04
   7.4833000e+03   3.3935900e+04   2.8586000e+04
   9.8486000e+03   3.5220000e+04   2.8586000e+04
   3.4338800e+04   3.6579400e+04   2.8586000e+04
   4.6011000e+03   3.8673700e+04   2.8586000e+04
   1.3870500e+04   3.8741600e+04   2.8586000e+04
   1.7565800e+04   3.9077600e+04   2.8586000e+04
   1.7985700e+04   5.1753000e+03   2.8687000e+04
   5.7495000e+03   6.5350000e+03   2.8687000e+04
   9.7380000e+02   8.5382000e+03   2.8687000e+04
   2.7393500e+04   1.1303900e+04   2.8687000e+04
   8.4558000e+03   1.2512400e+04   2.8687000e+04
   6.1485000e+03   1.7792400e+04   2.8687000e+04
   3.1298800e+04   1.9504500e+04   2.8687000e+04
   2.1303200e+04   2.0134600e+04   2.8687000e+04
   2.5350200e+04   2.6868800e+04   2.8687000e+04
   3.1628400e+04   3.0299800e+04   2.8687000e+04
   2.6693100e+04   3.1526700e+04   2.8687000e+04
   7.4837000e+03   3.3935900e+04   2.8687000e+04
   9.8417000e+03   3.5211100e+04   2.8687000e+04
   3.4340300e+04   3.6579400e+04   2.8687000e+04
   4.5998000e+03   3.8671500e+04   2.8687000e+04
   1.3874300e+04   3.8740500e+04   2.8687000e+04
   1.7566800e+04   3.9076200e+04   2.8687000e+04
   1.7985500e+04   5.1792000e+03   2.8788000e+04
   5.7600000e+03   6.5364000e+03   2.8788000e+04
   9.8130000e+02   8.5357000e+03   2.8788000e+04
   2.7388900e+04   1.1306200e+04   2.8788000e+04
   8.4554000e+03   1.2501100e+04   2.8788000e+04
   6.1519000e+03   1.7786900e+04   2.8788000e+04
   3.1296300e+04   1.9508300e+04   2.8788000e+04
   2.1299100e+04   2.0132200e+04   2.8788000e+04
   2.5353300e+04   2.6873800e+04   2.8788000e+04
   3.1624100e+04   3.0298400e+04   2.8788000e+04
   2.6692400e+04   3.1520100e+04   2.8788000e+04
   7.4839000e+03   3.3933100e+04   2.8788000e+04
   9.8399000e+03   3.5222400e+04   2.8788000e+04
   3.4337200e+04   3.6578900e+04   2.8788000e+04
   4.6055000e+03   3.8672100e+04   2.8788000e+04
   1.3870800e+04   3.8742200e+04   2.8788000e+04
   1.7561500e+04   3.9079000e+04   2.8788000e+04
   1.7986100e+04   5.1774000e+03   2.8889000e+04
   5.7545000e+03   6.5355000e+03   2.8889000e+04
   9.8030000e+02   8.5345000e+03   2.8889000e+04
   2.7399000e+04   1.1305500e+04   2.8889000e+04
   8.4579000e+03   1.2506100e+04   2.8889000e+04
   6.1484000e+03   1.7797500e+04   2.8889000e+04
   3.1297200e+04   1.9506100e+04   2.8889000e+04
   2.1295400e+04   2.0134500e+04   2.8889000e+04
   2.5346100e+04   2.6864200e+04   2.8889000e+04
   3.1622100e+04   3.0299700e+04   2.8889000e+04
   2.6692100e+04   3.1517500e+04   2.8889000e+04
   7.4821000e+03   3.3937700e+04   2.8889000e+04
   9.8506000e+03   3.5217400e+04   2.8889000e+04
   3.4340600e+04   3.6574100e+04   2.8889000e+04
   4.5972000e+03   3.8673800e+04   2.8889000e+04
   1.3873200e+04   3.8745500e+04   2.8889000e+04
   1.7564200e+04   3.9079300e+04   2.8889000e+04
   1.7984000e+04   5.1775000e+03   2.8990000e+04
   5.7633000e+03   6.5345000e+03   2.8990000e+04
   9.6980000e+02   8.5382000e+03   2.8990000e+04
   2.7395600e+04   1.1302800e+04   2.8990000e+04
   8.4631000e+03   1.2507200e+04   2.8990000e+04
   6.1499000e+03   1.7791000e+04   2.8990000e+04
   3.1297600e+04   1.9504000e+04   2.8990000e+04
   2.1299000e+04   2.0131800e+04   2.8990000e+04
   2.5347600e+04   2.6869800e+04   2.8990000e+04
   3.1624100e+04   3.0299500e+04   2.8990000e+04
   2.6692900e+04   3.1528500e+04   2.8990000e+04
   7.4832000e+03   3.3936200e+04   2.8990000e+04
   9.8413000e+03   3.5215100e+04   2.8990000e+04
   3.4337700e+04   3.6576700e+04   2.8990000e+04
   4.6020000e+03   3.8676300e+04   2.8990000e+04
   1.3870200e+04   3.8738900e+04   2.8990000e+04
   1.7565700e+04   3.9077900e+04   2.8990000e+04
   1.7989600e+04   5.1690000e+03   2.9091000e+04
   5.7537000e+03   6.5353000e+03   2.9091000e+04
   9.7510000e+02   8.5366000e+03   2.9091000e+04
   2.7394600e+04   1.1307100e+04   2.9091000e+04
   8.4631000e+03   1.2503600e+04   2.9091000e+04
   6.1566000e+03   1.7793700e+04   2.9091000e+04
   3.1298100e+04   1.9504600e+04   2.9091000e+04
   2.1295400e+04   2.0137400e+04   2.9091000e+04
   2.5347600e+04   2.6868100e+04   2.9091000e+04
   3.1623000e+04   3.0299500e+04   2.9091000e+04
   2.6699500e+04   3.1522800e+04   2.9091000e+04
   7.4827000e+03   3.3941000e+04   2.9091000e+04
   9.8438000e+03   3.5218800e+04   2.9091000e+04
   3.4334700e+04   3.6573200e+04   2.9091000e+04
   4.6005000e+03   3.8670800e+04   2.9091000e+04
   1.3866600e+04   3.8745400e+04   2.9091000e+04
   1.7562500e+04   3.9079100e+04   2.9091000e+04
   1.7983900e+04   5.1726000e+03   2.9192000e+04
   5.7671000e+03   6.5400000e+03   2.9192000e+04
   9.8120000e+02   8.5369000e+03   2.9192000e+04
   2.7393000e+04   1.1304600e+04   2.9192000e+04
   8.4562000e+03   1.2514400e+04   2.9192000e+04
   6.1421000e+03   1.7800700e+04   2.9192000e+04
   3.1299000e+04   1.9500900e+04   2.9192000e+04
   2.1295300e+04   2.0130400e+04   2.9192000e+04
   2.5352200e+04   2.6868200e+04   2.9192000e+04
   3.1619900e+04   3.0300600e+04   2.9192000e+04
   2.6693300e+04   3.1521000e+04   2.9192000e+04
   7.4859000e+03   3.3939300e+04   2.9192000e+04
   9.8451000e+03   3.5213200e+04   2.9192000e+04
   3.4337400e+04   3.6577500e+04   2.9192000e+04
   4.6016000e+03   3.8667400e+04   2.9192000e+04
   1.3872300e+04   3.8740700e+04   2.9192000e+04
   1.7561500e+04   3.9077600e+04   2.9192000e+04
   1.7983400e+04   5.1776000e+03   2.9293000e+04
   5.7604000e+03   6.5293000e+03   2.9293000e+04
   9.7820000e+02   8.5413000e+03   2.9293000e+04
   2.7394600e+04   1.1304500e+04   2.9293000e+04
   8.4668000e+03   1.2513100e+04   2.9293000e+04
   6.1561000e+03   1.7794100e+04   2.9293000e+04
   3.1298600e+04   1.9503500e+04   2.9293000e+04
   2.1299500e+04   2.0135600e+04   2.9293000e+04
   2.5347300e+04   2.6865800e+04   2.9293000e+04
   3.1622800e+04   3.0299800e+04   2.9293000e+04
   2.6691600e+04   3.1523900e+04   2.9293000e+04
   7.4812000e+03   3.3936700e+04   2.9293000e+04
   9.8480000e+03   3.5217400e+04   2.9293000e+04
   3.4333600e+04   3.6573800e+04   2.9293000e+04
   4.5948000e+03   3.8669300e+04   2.9293000e+04
   1.3868400e+04   3.8744300e+04   2.9293000e+04
   1.7561800e+04   3.9076000e+04   2.9293000e+04
   1.7988600e+04   5.1709000e+03   2.9394000e+04
   5.7615000e+03   6.5308000e+03   2.9394000e+04
   9.7340000e+02   8.5316000e+03   2.9394000e+04
   2.7389600e+04   1.1306500e+04   2.9394000e+04
   8.4640000e+03   1.2497600e+04   2.9394000e+04
   6.1514000e+03   1.7804100e+04   2.9394000e+04
   3.1295500e+04   1.9505700e+04   2.9394000e+04
   2.1298600e+04   2.0130100e+04   2.9394000e+04
   2.5348100e+04   2.6867100e+04   2.9394000e+04
   3.1620800e+04   3.0298800e+04   2.9394000e+04
   2.6696800e+04   3.1525300e+04   2.9394000e+04
   7.4828000e+03   3.3937200e+04   2.9394000e+04
   9.8486000e+03   3.5215900e+04   2.9394000e+04
   3.4340500e+04   3.6578700e+04   2.9394000e+04
   4.5961000e+03   3.8671600e+04   2.9394000e+04
   1.3870400e+04   3.8750800e+04   2.9394000e+04
   1.7560300e+04   3.9083400e+04   2.9394000e+04
   1.7982200e+04   5.1752000e+03   2.9495000e+04
   5.7516000e+03   6.5324000e+03   2.9495000e+04
   9.7350000e+02   8.5277000e+03   2.9495000e+04
   2.7399000e+04   1.1303500e+04   2.9495000e+04
   8.4659000e+03   1.2506000e+04   2.9495000e+04
   6.1415000e+03   1.7801900e+04   2.9495000e+04
   3.1294700e+04   1.9505200e+04   2.9495000e+04
   2.1298900e+04   2.0135800e+04   2.9495000e+04
   2.5347100e+04   2.6863200e+04   2.9495000e+04
   3.1621000e+04   3.0298700e+04   2.9495000e+04
   2.6698200e+04   3.1522200e+04   2.9495000e+04
   7.4823000e+03   3.3940200e+04   2.9495000e+04
   9.8532000e+03   3.5222900e+04   2.9495000e+04
   3.4334500e+04   3.6579500e+04   2.9495000e+04
   4.6039000e+03   3.8671200e+04   2.9495000e+04
   1.3869700e+04   3.8740200e+04   2.9495000e+04
   1.7569900e+04   3.9080400e+04   2.9495000e+04
   1.7987000e+04   5.1742000e+03   2.9596000e+04
   5.7633000e+03   6.5333000e+03   2.9596000e+04
   9.7000000e+02   8.5326000e+03   2.9596000e+04
   2.7392300e+04   1.1298500e+04   2.9596000e+04
   8.4605000e+03   1.2508200e+04   2.9596000e+04
   6.1414000e+03   1.7792600e+04   2.9596000e+04
   3.1296600e+04   1.9502800e+04   2.9596000e+04
   2.1296400e+04   2.0133900e+04   2.9596000e+04
   2.5351200e+04   2.6873000e+04   2.9596000e+04
   3.1624600e+04   3.0299900e+04   2.9596000e+04
   2.6693900e+04   3.1524500e+04   2.9596000e+04
   7.4844000e+03   3.3936200e+04   2.9596000e+04
   9.8444000e+03   3.5227900e+04   2.9596000e+04
   3.4339300e+04   3.6576100e+04   2.9596000e+04
   4.6036000e+03   3.8677700e+04   2.9596000e+04
   1.3871300e+04   3.8739900e+04   2.9596000e+04
   1.7566800e+04   3.9074900e+04   2.9596000e+04
   1.7983500e+04   5.1752000e+03   2.9697000e+04
   5.7667000e+03   6.5321000e+03   2.9697000e+04
   9.8860000e+02   8.5292000e+03   2.9697000e+04
   2.7395400e+04   1.1307200e+04   2.9697000e+04
   8.4551000e+03   1.2501500e+04   2.9697000e+04
   6.1454000e+03   1.7795700e+04   2.9697000e+04
   3.1296500e+04   1.9502600e+04   2.9697000e+04
   2.1292300e+04   2.0132600e+04   2.9697000e+04
   2.5346400e+04   2.6866200e+04   2.9697000e+04
   3.1623600e+04   3.0298800e+04   2.9697000e+04
   2.6694000e+04   3.1520100e+04   2.9697000e+04
   7.4829000e+03   3.3937800e+04   2.9697000e+04
   9.8415000e+03   3.5235500e+04   2.9697000e+04
   3.4339000e+04   3.6577600e+04   2.9697000e+04
   4.5971000e+03   3.8670100e+04   2.9697000e+04
   1.3874200e+04   3.8743400e+04   2.9697000e+04
   1.7564800e+04   3.9080500e+04   2.9697000e+04
   1.7982400e+04   5.1735000e+03   2.9798000e+04
   5.7545000e+03   6.5398000e+03   2.9798000e+04
   9.8580000e+02   8.5353000e+03   2.9798000e+04
   2.7390400e+04   1.1304700e+04   2.9798000e+04
   8.4588000e+03   1.2507000e+04   2.9798000e+04
   6.1425000e+03   1.7793900e+04   2.9798000e+04
   3.1296100e+04   1.9503600e+04   2.9798000e+04
   2.1296700e+04   2.0135800e+04   2.9798000e+04
   2.5351300e+04   2.6869500e+04   2.9798000e+04
   3.1626800e+04   3.0298900e+04   2.9798000e+04
   2.6694300e+04   3.1517900e+04   2.9798000e+04
   7.4849000e+03   3.3937600e+04   2.9798000e+04
   9.8481000e+03   3.5221600e+04   2.9798000e+04
   3.4337000e+04   3.6578300e+04   2.9798000e+04
   4.6024000e+03   3.8667100e+04   2.9798000e+04
   1.3877600e+04   3.8743100e+04   2.9798000e+04
   1.7557700e+04   3.9078600e+04   2.9798000e+04
   1.7981700e+04   5.1737000e+03   2.9899000e+04
   5.7614000e+03   6.5284000e+03   2.9899000e+04
   9.8110000e+02   8.5346000e+03   2.9899000e+04
   2.7394200e+04   1.1310400e+04   2.9899000e+04
   8.4608000e+03   1.2510300e+04   2.9899000e+04
   6.1471000e+03   1.7794100e+04   2.9899000e+04
   3.1297800e+04   1.9504200e+04   2.9899000e+04
   2.1298700e+04   2.0132200e+04   2.9899000e+04
   2.5350200e+04   2.6866600e+04   2.9899000e+04
   3.1623600e+04   3.0303700e+04   2.9899000e+04
   2.6693200e+04   3.1521400e+04   2.9899000e+04
   7.4829000e+03   3.3940400e+04   2.9899000e+04
   9.8462000e+03   3.5217900e+04   2.9899000e+04
   3.4335100e+04   3.6574100e+04   2.9899000e+04
   4.6064000e+03   3.8670600e+04   2.9899000e+04
   1.3866800e+04   3.8742200e+04   2.9899000e+04
   1.7559900e+04   3.9081200e+04   2.9899000e+04
   1.7987700e+04   5.1706000e+03   3.0000000e+04
   5.7511000e+03   6.5320000e+03   3.0000000e+04
   9.7550000e+02   8.5296000e+03   3.0000000e+04
   2.7395400e+04   1.1303600e+04   3.0000000e+04
   8.4557000e+03   1.2505200e+04   3.0000000e+04
   6.1471000e+03   1.7798400e+04   3.0000000e+04
   3.1297700e+04   1.9501300e+04   3.0000000e+04
   2.1292700e+04   2.0140600e+04   3.0000000e+04
   2.5351900e+04   2.6869100e+04   3.0000000e+04
   3.1626100e+04   3.0300400e+04   3.0000000e+04
   2.6693100e+04   3.1523700e+04   3.0000000e+04
   7.4832000e+03   3.3939300e+04   3.0000000e+04
   9.8494000e+03   3.5224100e+04   3.0000000e+04
   3.4343800e+04   3.6576700e+04   3.0000000e+04
   4.5998000e+03   3.8670700e+04   3.0000000e+04
   1.3874100e+04   3.8743300e+04   3.0000000e+04
   1.7562800e+04   3.9077400e+04   3.0000000e+04
   1.7984900e+04   5.1763000e+03   3.0101000e+04
   5.7574000e+03   6.5265000e+03   3.0101000e+04
   9.6790000e+02   8.5371000e+03   3.0101000e+04
   2.7392100e+04   1.1306200e+04   3.0101000e+04
   8.4553000e+03   1.2505900e+04   3.0101000e+04
   6.1480000e+03   1.7792300e+04   3.0101000e+04
   3.1298800e+04   1.9507700e+04   3.0101000e+04
   2.1294600e+04   2.0136000e+04   3.0101000e+04
   2.5349600e+04   2.6872100e+04   3.0101000e+04
   3.1629100e+04   3.0303600e+04   3.0101000e+04
   2.6697000e+04   3.1521600e+04   3.0101000e+04
   7.4853000e+03   3.3942100e+04   3.0101000e+04
   9.8532000e+03   3.5209800e+04   3.0101000e+04
   3.4338200e+04   3.6571000e+04   3.0101000e+04
   4.6060000e+03   3.8672900e+04   3.0101000e+04
   1.3870300e+04   3.8748800e+04   3.0101000e+04
   1.7559400e+04   3.9076200e+04   3.0101000e+04
   1.7986200e+04   5.1767000e+03   3.0202000e+04
   5.7600000e+03   6.5351000e+03   3.0202000e+04
   9.8320000e+02   8.5249000e+03   3.0202000e+04
   2.7392900e+04   1.1305000e+04   3.0202000e+04
   8.4591000e+03   1.2506200e+04   3.0202000e+04
   6.1509000e+03   1.7797600e+04   3.0202000e+04
   3.1299500e+04   1.9502000e+04   3.0202000e+04
   2.1289600e+04   2.0131700e+04   3.0202000e+04
   2.5349700e+04   2.6871500e+04   3.0202000e+04
   3.1620800e+04   3.0299700e+04   3.0202000e+04
   2.6696300e+04   3.1525500e+04   3.0202000e+04
   7.4830000e+03   3.3938100e+04   3.0202000e+04
   9.8522000e+03   3.5234300e+04   3.0202000e+04
   3.4337700e+04   3.6570400e+04   3.0202000e+04
   4.5967000e+03   3.8666400e+04   3.0202000e+04
   1.3871300e+04   3.8740200e+04   3.0202000e+04
   1.7558100e+04   3.9080800e+04   3.0202000e+04
   1.7987100e+04   5.1755000e+03   3.0303000e+04
   5.7540000e+03   6.5367000e+03   3.0303000e+04
   9.7620000e+02   8.5279000e+03   3.0303000e+04
   2.7394900e+04   1.1303900e+04   3.0303000e+04
   8.4593000e+03   1.2508000e+04   3.0303000e+04
   6.1507000e+03   1.7788000e+04   3.0303000e+04
   3.1299000e+04   1.9507200e+04   3.0303000e+04
   2.1297000e+04   2.0134200e+04   3.0303000e+04
   2.5349400e+04   2.6872100e+04   3.0303000e+04
   3.1622200e+04   3.0299700e+04   3.0303000e+04
   2.6694200e+04   3.1519600e+04   3.0303000e+04
   7.4813000e+03   3.3938300e+04   3.0303000e+04
   9.8498000e+03   3.5216300e+04   3.0303000e+04
   3.4335800e+04   3.6578800e+04   3.0303000e+04
   4.6019000e+03   3.8673400e+04   3.0303000e+04
   1.3870300e+04   3.8746600e+04   3.0303000e+04
   1.7563900e+04   3.9080000e+04   3.0303000e+04
   1.7983300e+04   5.1739000e+03   3.0404000e+04
   5.7509000e+03   6.5306000e+03   3.0404000e+04
   9.7240000e+02   8.5377000e+03   3.0404000e+04
   2.7398700e+04   1.1306200e+04   3.0404000e+04
   8.4590000e+03   1.2498100e+04   3.0404000e+04
   6.1588000e+03   1.7801600e+04   3.0404000e+04
   3.1302300e+04   1.9507700e+04   3.0404000e+04
   2.1295900e+04   2.0133500e+04   3.0404000e+04
   2.5352800e+04   2.6867900e+04   3.0404000e+04
   3.1623300e+04   3.0295700e+04   3.0404000e+04
   2.6702000e+04   3.1523800e+04   3.0404000e+04
   7.4846000e+03   3.3936600e+04   3.0404000e+04
   9.8493000e+03   3.5219700e+04   3.0404000e+04
   3.4326700e+04   3.6575900e+04   3.0404000e+04
   4.5987000e+03   3.8676200e+04   3.0404000e+04
   1.3864400e+04   3.8745000e+04   3.0404000e+04
   1.7563900e+04   3.9075900e+04   3.0404000e+04
   1.7983700e+04   5.1755000e+03   3.0505000e+04
   5.7489000e+03   6.5353000e+03   3.0505000e+04
   9.7780000e+02   8.5291000e+03   3.0505000e+04
   2.7391900e+04   1.1305000e+04   3.0505000e+04
   8.4630000e+03   1.2503800e+04   3.0505000e+04
   6.1541000e+03   1.7798200e+04   3.0505000e+04
   3.1296200e+04   1.9499900e+04   3.0505000e+04
   2.1299800e+04   2.0133800e+04   3.0505000e+04
   2.5351300e+04   2.6868100e+04   3.0505000e+04
   3.1627200e+04   3.0300700e+04   3.0505000e+04
   2.6693100e+04   3.1525100e+04   3.0505000e+04
   7.4864000e+03   3.3938600e+04   3.0505000e+04
   9.8479000e+03   3.5231600e+04   3.0505000e+04
   3.4334000e+04   3.6575200e+04   3.0505000e+04
   4.6005000e+03   3.8666300e+04   3.0505000e+04
   1.3867700e+04   3.8742200e+04   3.0505000e+04
   1.7563600e+04   3.9077700e+04   3.0505000e+04
   1.7978300e+04   5.1778000e+03   3.0606000e+04
   5.7631000e+03   6.5299000e+03   3.0606000e+04
   9.7740000e+02   8.5391000e+03   3.0606000e+04
   2.7388700e+04   1.1304100e+04   3.0606000e+04
   8.4586000e+03   1.2507200e+04   3.0606000e+04
   6.1484000e+03   1.7794800e+04   3.0606000e+04
   3.1299100e+04   1.9501200e+04   3.0606000e+04
   2.1297600e+04   2.0132900e+04   3.0606000e+04
   2.5355900e+04   2.6867000e+04   3.0606000e+04
   3.1621700e+04   3.0295600e+04   3.0606000e+04
   2.6697200e+04   3.1521200e+04   3.0606000e+04
   7.4856000e+03   3.3937800e+04   3.0606000e+04
   9.8480000e+03   3.5220100e+04   3.0606000e+04
   3.4334800e+04   3.6579700e+04   3.0606000e+04
   4.5976000e+03   3.8678000e+04   3.0606000e+04
   1.3869200e+04   3.8743200e+04   3.0606000e+04
   1.7565800e+04   3.9076400e+04   3.0606000e+04
   1.7983200e+04   5.1761000e+03   3.0707000e+04
   5.7558000e+03   6.5351000e+03   3.0707000e+04
   9.7690000e+02   8.5264000e+03   3.0707000e+04
   2.7388800e+04   1.1306100e+04   3.0707000e+04
   8.4646000e+03   1.2508200e+04   3.0707000e+04
   6.1558000e+03   1.7796600e+04   3.0707000e+04
   3.1299700e+04   1.9508100e+04   3.0707000e+04
   2.1296000e+04   2.0130400e+04   3.0707000e+04
   2.5349500e+04   2.6871800e+04   3.0707000e+04
   3.1617600e+04   3.0305300e+04   3.0707000e+04
   2.6693500e+04   3.1522300e+04   3.0707000e+04
   7.4842000e+03   3.3939000e+04   3.0707000e+04
   9.8516000e+03   3.5217000e+04   3.0707000e+04
   3.4338300e+04   3.6572600e+04   3.0707000e+04
   4.6020000e+03   3.8667000e+04   3.0707000e+04
   1.3866900e+04   3.8739500e+04   3.0707000e+04
   1.7562500e+04   3.9084600e+04   3.0707000e+04
   1.7981600e+04   5.1762000e+03   3.0808000e+04
   5.7596000e+03   6.5217000e+03   3.0808000e+04
   9.7500000e+02   8.5393000e+03   3.0808000e+04
   2.7393000e+04   1.1303700e+04   3.0808000e+04
   8.4606000e+03   1.2500800e+04   3.0808000e+04
   6.1404000e+03   1.7801000e+04   3.0808000e+04
   3.1299200e+04   1.9503500e+04   3.0808000e+04
   2.1297900e+04   2.0132500e+04   3.0808000e+04
   2.5351400e+04   2.6868700e+04   3.0808000e+04
   3.1625000e+04   3.0301200e+04   3.0808000e+04
   2.6699700e+04   3.1522500e+04   3.0808000e+04
   7.4852000e+03   3.3941700e+04   3.0808000e+04
   9.8471000e+03   3.5220700e+04   3.0808000e+04
   3.4336900e+04   3.6575900e+04   3.0808000e+04
   4.6037000e+03   3.8670900e+04   3.0808000e+04
   1.3867600e+04   3.8747000e+04   3.0808000e+04
   1.7563200e+04   3.9078600e+04   3.0808000e+04
   1.7983900e+04   5.1741000e+03   3.0909000e+04
   5.7616000e+03   6.5255000e+03   3.0909000e+04
   9.7770000e+02   8.5306000e+03   3.0909000e+04
   2.7392900e+04   1.1302600e+04   3.0909000e+04
   8.4600000e+03   1.2509200e+04   3.0909000e+04
   6.1472000e+03   1.7797800e+04   3.0909000e+04
   3.1296800e+04   1.9504300e+04   3.0909000e+04
   2.1293700e+04   2.0135800e+04   3.0909000e+04
   2.5350200e+04   2.6864900e+04   3.0909000e+04
   3.1626200e+04   3.0299800e+04   3.0909000e+04
   2.6696400e+04   3.1521700e+04   3.0909000e+04
   7.4832000e+03   3.3938900e+04   3.0909000e+04
   9.8540000e+03   3.5234800e+04   3.0909000e+04
   3.4332300e+04   3.6572900e+04   3.0909000e+04
   4.6007000e+03   3.8675300e+04   3.0909000e+04
   1.3866600e+04   3.8741500e+04   3.0909000e+04
   1.7563600e+04   3.9076100e+04   3.0909000e+04
   1.7989100e+04   5.1744000e+03   3.1010000e+04
   5.7573000e+03   6.5244000e+03   3.1010000e+04
   9.7630000e+02   8.5323000e+03   3.1010000e+04
   2.7391600e+04   1.1300400e+04   3.1010000e+04
   8.4610000e+03   1.2500100e+04   3.1010000e+04
   6.1454000e+03   1.7803100e+04   3.1010000e+04
   3.1295100e+04   1.9506800e+04   3.1010000e+04
   2.1296900e+04   2.0133900e+04   3.1010000e+04
   2.5352500e+04   2.6868100e+04   3.1010000e+04
   3.1621700e+04   3.0300500e+04   3.1010000e+04
   2.6698100e+04   3.1522500e+04   3.1010000e+04
   7.4858000e+03   3.3942700e+04   3.1010000e+04
   9.8485000e+03   3.5221600e+04   3.1010000e+04
   3.4336000e+04   3.6579500e+04   3.1010000e+04
   4.5976000e+03   3.8668900e+04   3.1010000e+04
   1.3871000e+04   3.8744500e+04   3.1010000e+04
   1.7563200e+04   3.9082400e+04   3.1010000e+04
   1.7984300e+04   5.1739000e+03   3.1111000e+04
   5.7442000e+03   6.5328000e+03   3.1111000e+04
   9.7600000e+02   8.5325000e+03   3.1111000e+04
   2.7397400e+04   1.1305700e+04   3.1111000e+04
   8.4572000e+03   1.2506900e+04   3.1111000e+04
   6.1529000e+03   1.7794400e+04   3.1111000e+04
   3.1300000e+04   1.9504600e+04   3.1111000e+04
   2.1299200e+04   2.0128700e+04   3.1111000e+04
   2.5350500e+04   2.6871700e+04   3.1111000e+04
   3.1627800e+04   3.0298900e+04   3.1111000e+04
   2.6696400e+04   3.1516200e+04   3.1111000e+04
   7.4863000e+03   3.3939100e+04   3.1111000e+04
   9.8524000e+03   3.5219300e+04   3.1111000e+04
   3.4329800e+04   3.6576800e+04   3.1111000e+04
   4.6017000e+03   3.8679100e+04   3.1111000e+04
   1.3869700e+04   3.8741000e+04   3.1111000e+04
   1.7561300e+04   3.9084400e+04   3.1111000e+04
   1.7986300e+04   5.1727000e+03   3.1212000e+04
   5.7624000e+03   6.5382000e+03   3.1212000e+04
   9.7570000e+02   8.5330000e+03   3.1212000e+04
   2.7392800e+04   1.1304900e+04   3.1212000e+04
   8.4615000e+03   1.2502700e+04   3.1212000e+04
   6.1561000e+03   1.7796300e+04   3.1212000e+04
   3.1295400e+04   1.9506100e+04   3.1212000e+04
   2.1293500e+04   2.0133600e+04   3.1212000e+04
   2.5349900e+04   2.6868000e+04   3.1212000e+04
   3.1623600e+04   3.0302400e+04   3.1212000e+04
   2.6698300e+04   3.1523100e+04   3.1212000e+04
   7.4855000e+03   3.3939000e+04   3.1212000e+04
   9.8435000e+03   3.5215100e+04   3.1212000e+04
   3.4331600e+04   3.6575100e+04   3.1212000e+04
   4.5936000e+03   3.8673900e+04   3.1212000e+04
   1.3869900e+04   3.8744100e+04   3.1212000e+04
   1.7567400e+04   3.9078000e+04   3.1212000e+04
   1.7989800e+04   5.1768000e+03   3.1313000e+04
   5.7500000e+03   6.5308000e+03   3.1313000e+04
   9.7370000e+02   8.5331000e+03   3.1313000e+04
   2.7396300e+04   1.1308100e+04   3.1313000e+04
   8.4614000e+03   1.2507100e+04   3.1313000e+04
   6.1577000e+03   1.7793000e+04   3.1313000e+04
   3.1298000e+04   1.9503800e+04   3.1313000e+04
   2.1296200e+04   2.0131900e+04   3.1313000e+04
   2.5345700e+04   2.6865900e+04   3.1313000e+04
   3.1623100e+04   3.0296100e+04   3.1313000e+04
   2.6702000e+04   3.1521800e+04   3.1313000e+04
   7.4848000e+03   3.3941200e+04   3.1313000e+04
   9.8375000e+03   3.5229600e+04   3.1313000e+04
   3.4335700e+04   3.6574200e+04   3.1313000e+04
   4.6010000e+03   3.8677300e+04   3.1313000e+04
   1.3866800e+04   3.8738300e+04   3.1313000e+04
   1.7567400e+04   3.9077000e+04   3.1313000e+04
   1.7987000e+04   5.1715000e+03   3.1414000e+04
   5.7649000e+03   6.5244000e+03   3.1414000e+04
   9.7480000e+02   8.5304000e+03   3.1414000e+04
   2.7398700e+04   1.1308100e+04   3.1414000e+04
   8.4610000e+03   1.2507700e+04   3.1414000e+04
   6.1400000e+03   1.7797000e+04   3.1414000e+04
   3.1299900e+04   1.9505500e+04   3.1414000e+04
   2.1300600e+04   2.0136900e+04   3.1414000e+04
   2.5348800e+04   2.6870300e+04   3.1414000e+04
   3.1624200e+04   3.0302500e+04   3.1414000e+04
   2.6692700e+04   3.1521300e+04   3.1414000e+04
   7.4867000e+03   3.3939400e+04   3.1414000e+04
   9.8484000e+03   3.5219100e+04   3.1414000e+04
   3.4334900e+04   3.6575300e+04   3.1414000e+04
   4.5946000e+03   3.8672600e+04   3.1414000e+04
   1.3868900e+04   3.8743400e+04   3.1414000e+04
   1.7561000e+04   3.9080800e+04   3.1414000e+04
   1.7987100e+04   5.1807000e+03   3.1515000e+04
   5.7535000e+03   6.5332000e+03   3.1515000e+04
   9.8400000e+02   8.5425000e+03   3.1515000e+04
   2.7394600e+04   1.1299500e+04   3.1515000e+04
   8.4637000e+03   1.2500700e+04   3.1515000e+04
   6.1484000e+03   1.7796400e+04   3.1515000e+04
   3.1298000e+04   1.9506200e+04   3.1515000e+04
   2.1300400e+04   2.0131800e+04   3.1515000e+04
   2.5350800e+04   2.6870400e+04   3.1515000e+04
   3.1625000e+04   3.0299200e+04   3.1515000e+04
   2.6694600e+04   3.1527800e+04   3.1515000e+04
   7.4812000e+03   3.3941100e+04   3.1515000e+04
   9.8386000e+03   3.5215900e+04   3.1515000e+04
   3.4337600e+04   3.6566200e+04   3.1515000e+04
   4.5979000e+03   3.8675900e+04   3.1515000e+04
   1.3870800e+04   3.8741800e+04   3.1515000e+04
   1.7560800e+04   3.9076800e+04   3.1515000e+04
   1.7985800e+04   5.1749000e+03   3.1616000e+04
   5.7604000e+03   6.5301000e+03   3.1616000e+04
   9.7340000e+02   8.5295000e+03   3.1616000e+04
   2.7394700e+04   1.1307800e+04   3.1616000e+04
   8.4525000e+03   1.2510000e+04   3.1616000e+04
   6.1452000e+03   1.7794800e+04   3.1616000e+04
   3.1298200e+04   1.9506400e+04   3.1616000e+04
   2.1295800e+04   2.0132800e+04   3.1616000e+04
   2.5354800e+04   2.6871400e+04   3.1616000e+04
   3.1624700e+04   3.0294100e+04   3.1616000e+04
   2.6696500e+04   3.1525600e+04   3.1616000e+04
   7.4824000e+03   3.3941400e+04   3.1616000e+04
   9.8520000e+03   3.5216200e+04   3.1616000e+04
   3.4339200e+04   3.6574400e+04   3.1616000e+04
   4.6015000e+03   3.8671500e+04   3.1616000e+04
   1.3866000e+04   3.8746200e+04   3.1616000e+04
   1.7564100e+04   3.9079200e+04   3.1616000e+04
   1.7983400e+04   5.1747000e+03   3.1717000e+04
   5.7497000e+03   6.5217000e+03   3.1717000e+04
   9.7710000e+02   8.5461000e+03   3.1717000e+04
   2.7395000e+04   1.1307100e+04   3.1717000e+04
   8.4562000e+03   1.2501500e+04   3.1717000e+04
   6.1450000e+03   1.7803400e+04   3.1717000e+04
   3.1295800e+04   1.9504300e+04   3.1717000e+04
   2.1298400e+04   2.0133100e+04   3.1717000e+04
   2.5354100e+04   2.6869200e+04   3.1717000e+04
   3.1629200e+04   3.0297800e+04   3.1717000e+04
   2.6694500e+04   3.1522400e+04   3.1717000e+04
   7.4856000e+03   3.3942000e+04   3.1717000e+04
   9.8485000e+03   3.5225900e+04   3.1717000e+04
   3.4338000e+04   3.6570300e+04   3.1717000e+04
   4.6057000e+03   3.8663200e+04   3.1717000e+04
   1.3870900e+04   3.8742800e+04   3.1717000e+04
   1.7560100e+04   3.9080500e+04   3.1717000e+04
   1.7985900e+04   5.1752000e+03   3.1818000e+04
   5.7531000e+03   6.5309000e+03   3.1818000e+04
   9.8200000e+02   8.5316000e+03   3.1818000e+04
   2.7395900e+04   1.1308200e+04   3.1818000e+04
   8.4553000e+03   1.2508500e+04   3.1818000e+04
   6.1360000e+03   1.7795100e+04   3.1818000e+04
   3.1296000e+04   1.9503900e+04   3.1818000e+04
   2.1291100e+04   2.0131700e+04   3.1818000e+04
   2.5350100e+04   2.6874100e+04   3.1818000e+04
   3.1628900e+04   3.0303700e+04   3.1818000e+04
   2.6697500e+04   3.1520200e+04   3.1818000e+04
   7.4854000e+03   3.3939700e+04   3.1818000e+04
   9.8536000e+03   3.5218400e+04   3.1818000e+04
   3.4340800e+04   3.6571900e+04   3.1818000e+04
   4.6088000e+03   3.8675200e+04   3.1818000e+04
   1.3863200e+04   3.8741300e+04   3.1818000e+04
   1.7563600e+04   3.9076400e+04   3.1818000e+04
   1.7986800e+04   5.1776000e+03   3.1919000e+04
   5.7621000e+03   6.5315000e+03   3.1919000e+04
   9.7410000e+02   8.5414000e+03   3.1919000e+04
   2.7393500e+04   1.1303500e+04   3.1919000e+04
   8.4573000e+03   1.2508500e+04   3.1919000e+04
   6.1457000e+03   1.7795100e+04   3.1919000e+04
   3.1297900e+04   1.9499800e+04   3.1919000e+04
   2.1293900e+04   2.0131200e+04   3.1919000e+04
   2.5344900e+04   2.6868300e+04   3.1919000e+04
   3.1622400e+04   3.0297600e+04   3.1919000e+04
   2.6695400e+04   3.1523600e+04   3.1919000e+04
   7.4833000e+03   3.3937300e+04   3.1919000e+04
   9.8542000e+03   3.5226000e+04   3.1919000e+04
   3.4343800e+04   3.6561700e+04   3.1919000e+04
   4.5985000e+03   3.8673400e+04   3.1919000e+04
   1.3868900e+04   3.8746800e+04   3.1919000e+04
   1.7564100e+04   3.9082400e+04   3.1919000e+04
   1.7986800e+04   5.1759000e+03   3.2020000e+04
   5.7584000e+03   6.5321000e+03   3.2020000e+04
   9.8370000e+02   8.5305000e+03   3.2020000e+04
   2.7391800e+04   1.1305200e+04   3.2020000e+04
   8.4576000e+03   1.2502300e+04   3.2020000e+04
   6.1444000e+03   1.7799700e+04   3.2020000e+04
   3.1298300e+04   1.9504100e+04   3.2020000e+04
   2.1297000e+04   2.0141400e+04   3.2020000e+04
   2.5349500e+04   2.6865500e+04   3.2020000e+04
   3.1625500e+04   3.0304300e+04   3.2020000e+04
   2.6696200e+04   3.1527500e+04   3.2020000e+04
   7.4830000e+03   3.3939400e+04   3.2020000e+04
   9.8502000e+03   3.5211100e+04   3.2020000e+04
   3.4333200e+04   3.6571500e+04   3.2020000e+04
   4.6017000e+03   3.8676600e+04   3.2020000e+04
   1.3868800e+04   3.8740400e+04   3.2020000e+04
   1.7561100e+04   3.9078500e+04   3.2020000e+04
   1.7982200e+04   5.1788000e+03   3.2121000e+04
   5.7536000e+03   6.5250000e+03   3.2121000e+04
   9.7220000e+02   8.5416000e+03   3.2121000e+04
   2.7397600e+04   1.1309100e+04   3.2121000e+04
   8.4583000e+03   1.2498500e+04   3.2121000e+04
   6.1427000e+03   1.7792600e+04   3.2121000e+04
   3.1301800e+04   1.9503500e+04   3.2121000e+04
   2.1299700e+04   2.0135300e+04   3.2121000e+04
   2.5347400e+04   2.6873300e+04   3.2121000e+04
   3.1620900e+04   3.0297700e+04   3.2121000e+04
   2.6691300e+04   3.1524300e+04   3.2121000e+04
   7.4828000e+03   3.3938000e+04   3.2121000e+04
   9.8485000e+03   3.5215500e+04   3.2121000e+04
   3.4341000e+04   3.6578400e+04   3.2121000e+04
   4.6036000e+03   3.8671000e+04   3.2121000e+04
   1.3878300e+04   3.8741100e+04   3.2121000e+04
   1.7565100e+04   3.9082400e+04   3.2121000e+04
   1.7985400e+04   5.1736000e+03   3.2222000e+04
   5.7543000e+03   6.5399000e+03   3.2222000e+04
   9.7860000e+02   8.5352000e+03   3.2222000e+04
   2.7391100e+04   1.1304700e+04   3.2222000e+04
   8.4593000e+03   1.2501000e+04   3.2222000e+04
   6.1407000e+03   1.7795300e+04   3.2222000e+04
   3.1297900e+04   1.9505600e+04   3.2222000e+04
   2.1299000e+04   2.0133800e+04   3.2222000e+04
   2.5353300e+04   2.6869700e+04   3.2222000e+04
   3.1621100e+04   3.0300000e+04   3.2222000e+04
   2.6697300e+04   3.1524200e+04   3.2222000e+04
   7.4820000e+03   3.3938100e+04   3.2222000e+04
   9.8601000e+03   3.5210800e+04   3.2222000e+04
   3.4336600e+04   3.6576000e+04   3.2222000e+04
   4.5981000e+03   3.8673900e+04   3.2222000e+04
   1.3868300e+04   3.8744000e+04   3.2222000e+04
   1.7564100e+04   3.9080500e+04   3.2222000e+04
   1.7987700e+04   5.1765000e+03   3.2323000e+04
   5.7534000e+03   6.5286000e+03   3.2323000e+04
   9.7770000e+02   8.5310000e+03   3.2323000e+04
   2.7391700e+04   1.1306100e+04   3.2323000e+04
   8.4570000e+03   1.2505300e+04   3.2323000e+04
   6.1486000e+03   1.7794100e+04   3.2323000e+04
   3.1291200e+04   1.9503600e+04   3.2323000e+04
   2.1297400e+04   2.0136000e+04   3.2323000e+04
   2.5346100e+04   2.6876000e+04   3.2323000e+04
   3.1628000e+04   3.0306400e+04   3.2323000e+04
   2.6691700e+04   3.1519500e+04   3.2323000e+04
   7.4825000e+03   3.3938200e+04   3.2323000e+04
   9.8579000e+03   3.5211300e+04   3.2323000e+04
   3.4340300e+04   3.6577700e+04   3.2323000e+04
   4.6018000e+03   3.8672200e+04   3.2323000e+04
   1.3865500e+04   3.8742300e+04   3.2323000e+04
   1.7568600e+04   3.9081100e+04   3.2323000e+04
   1.7981900e+04   5.1751000e+03   3.2424000e+04
   5.7510000e+03   6.5306000e+03   3.2424000e+04
   9.8210000e+02   8.5333000e+03   3.2424000e+04
   2.7398900e+04   1.1312700e+04   3.2424000e+04
   8.4564000e+03   1.2499700e+04   3.2424000e+04
   6.1518000e+03   1.7797600e+04   3.2424000e+04
   3.1299300e+04   1.9502800e+04   3.2424000e+04
   2.1294800e+04   2.0130500e+04   3.2424000e+04
   2.5349900e+04   2.6866500e+04   3.2424000e+04
   3.1622300e+04   3.0305700e+04   3.2424000e+04
   2.6694600e+04   3.1522500e+04   3.2424000e+04
   7.4834000e+03   3.3940200e+04   3.2424000e+04
   9.8504000e+03   3.5209900e+04   3.2424000e+04
   3.4337700e+04   3.6575100e+04   3.2424000e+04
   4.5957000e+03   3.8678500e+04   3.2424000e+04
   1.3866900e+04   3.8743600e+04   3.2424000e+04
   1.7569800e+04   3.9081600e+04   3.2424000e+04
   1.7980600e+04   5.1739000e+03   3.2525000e+04
   5.7507000e+03   6.5283000e+03   3.2525000e+04
   9.8110000e+02   8.5416000e+03   3.2525000e+04
   2.7394000e+04   1.1303700e+04   3.2525000e+04
   8.4601000e+03   1.2509100e+04   3.2525000e+04
   6.1458000e+03   1.7795500e+04   3.2525000e+04
   3.1298400e+04   1.9503000e+04   3.2525000e+04
   2.1297300e+04   2.0129300e+04   3.2525000e+04
   2.5349500e+04   2.6871700e+04   3.2525000e+04
   3.1626900e+04   3.0305200e+04   3.2525000e+04
   2.6690900e+04   3.1520200e+04   3.2525000e+04
   7.4844000e+03   3.3937400e+04   3.2525000e+04
   9.8501000e+03   3.5215700e+04   3.2525000e+04
   3.4338400e+04   3.6571900e+04   3.2525000e+04
   4.6024000e+03   3.8674800e+04   3.2525000e+04
   1.3867500e+04   3.8742700e+04   3.2525000e+04
   1.7568800e+04   3.9082200e+04   3.2525000e+04
   1.7983600e+04   5.1747000e+03   3.2626000e+04
   5.7692000e+03   6.5261000e+03   3.2626000e+04
   9.7370000e+02   8.5386000e+03   3.2626000e+04
   2.7389700e+04   1.1307400e+04   3.2626000e+04
   8.4594000e+03   1.2498700e+04   3.2626000e+04
   6.1484000e+03   1.7799000e+04   3.2626000e+04
   3.1300000e+04   1.9503100e+04   3.2626000e+04
   2.1291100e+04   2.0130700e+04   3.2626000e+04
   2.5348200e+04   2.6867700e+04   3.2626000e+04
   3.1625900e+04   3.0303500e+04   3.2626000e+04
   2.6694500e+04   3.1526200e+04   3.2626000e+04
   7.4850000e+03   3.3941400e+04   3.2626000e+04
   9.8545000e+03   3.5215900e+04   3.2626000e+04
   3.4338200e+04   3.6574600e+04   3.2626000e+04
   4.5983000e+03   3.8671100e+04   3.2626000e+04
   1.3867300e+04   3.8742700e+04   3.2626000e+04
   1.7560400e+04   3.9084500e+04   3.2626000e+04
   1.7986600e+04   5.1731000e+03   3.2727000e+04
   5.7576000e+03   6.5299000e+03   3.2727000e+04
   9.7370000e+02   8.5411000e+03   3.2727000e+04
   2.7392900e+04   1.1309500e+04   3.2727000e+04
   8.4622000e+03   1.2493300e+04   3.2727000e+04
   6.1478000e+03   1.7788700e+04   3.2727000e+04
   3.1299400e+04   1.9500900e+04   3.2727000e+04
   2.1294100e+04   2.0132700e+04   3.2727000e+04
   2.5355100e+04   2.6871100e+04   3.2727000e+04
   3.1622700e+04   3.0304400e+04   3.2727000e+04
   2.6692400e+04   3.1519100e+04   3.2727000e+04
   7.4832000e+03   3.3939900e+04   3.2727000e+04
   9.8432000e+03   3.5218600e+04   3.2727000e+04
   3.4341400e+04   3.6577900e+04   3.2727000e+04
   4.6002000e+03   3.8681400e+04   3.2727000e+04
   1.3870100e+04   3.8741500e+04   3.2727000e+04
   1.7564300e+04   3.9082900e+04   3.2727000e+04
   1.7984200e+04   5.1736000e+03   3.2828000e+04
   5.7588000e+03   6.5321000e+03   3.2828000e+04
   9.7890000e+02   8.5285000e+03   3.2828000e+04
   2.7390100e+04   1.1307500e+04   3.2828000e+04
   8.4573000e+03   1.2506000e+04   3.2828000e+04
   6.1466000e+03   1.7790600e+04   3.2828000e+04
   3.1296200e+04   1.9503400e+04   3.2828000e+04
   2.1296600e+04   2.0137000e+04   3.2828000e+04
   2.5344800e+04   2.6869700e+04   3.2828000e+04
   3.1624900e+04   3.0301000e+04   3.2828000e+04
   2.6697300e+04   3.1526000e+04   3.2828000e+04
   7.4882000e+03   3.3942200e+04   3.2828000e+04
   9.8457000e+03   3.5215400e+04   3.2828000e+04
   3.4341200e+04   3.6574500e+04   3.2828000e+04
   4.6054000e+03   3.8671400e+04   3.2828000e+04
   1.3869400e+04   3.8749900e+04   3.2828000e+04
   1.7561500e+04   3.9077400e+04   3.2828000e+04
   1.7985400e+04   5.1775000e+03   3.2929000e+04
   5.7541000e+03   6.5305000e+03   3.2929000e+04
   9.7530000e+02   8.5333000e+03   3.2929000e+04
   2.7392900e+04   1.1304100e+04   3.2929000e+04
   8.4606000e+03   1.2505700e+04   3.2929000e+04
   6.1546000e+03   1.7794300e+04   3.2929000e+04
   3.1297900e+04   1.9505300e+04   3.2929000e+04
   2.1302300e+04   2.0128800e+04   3.2929000e+04
   2.5347400e+04   2.6871000e+04   3.2929000e+04
   3.1630500e+04   3.0301100e+04   3.2929000e+04
   2.6693000e+04   3.1518900e+04   3.2929000e+04
   7.4876000e+03   3.3938200e+04   3.2929000e+04
   9.8436000e+03   3.5217600e+04   3.2929000e+04
   3.4335800e+04   3.6579900e+04   3.2929000e+04
   4.6006000e+03   3.8674500e+04   3.2929000e+04
   1.3864200e+04   3.8744800e+04   3.2929000e+04
   1.7561200e+04   3.9080400e+04   3.2929000e+04
   1.7985600e+04   5.1736000e+03   3.3030000e+04
   5.7489000e+03   6.5277000e+03   3.3030000e+04
   9.8460000e+02   8.5345000e+03   3.3030000e+04
   2.7391300e+04   1.1300100e+04   3.3030000e+04
   8.4541000e+03   1.2505200e+04   3.3030000e+04
   6.1503000e+03   1.7794900e+04   3.3030000e+04
   3.1301100e+04   1.9501100e+04   3.3030000e+04
   2.1294000e+04   2.0133600e+04   3.3030000e+04
   2.5352800e+04   2.6868700e+04   3.3030000e+04
   3.1628500e+04   3.0301000e+04   3.3030000e+04
   2.6689900e+04   3.1519400e+04   3.3030000e+04
   7.4880000e+03   3.3939400e+04   3.3030000e+04
   9.8507000e+03   3.5223300e+04   3.3030000e+04
   3.4335800e+04   3.6588700e+04   3.3030000e+04
   4.6003000e+03   3.8676600e+04   3.3030000e+04
   1.3869200e+04   3.8743300e+04   3.3030000e+04
   1.7561900e+04   3.9074900e+04   3.3030000e+04
   1.7984100e+04   5.1761000e+03   3.3131000e+04
   5.7562000e+03   6.5295000e+03   3.3131000e+04
   9.7550000e+02   8.5296000e+03   3.3131000e+04
   2.7389300e+04   1.1308400e+04   3.3131000e+04
   8.4617000e+03   1.2502300e+04   3.3131000e+04
   6.1587000e+03   1.7793900e+04   3.3131000e+04
   3.1297700e+04   1.9506200e+04   3.3131000e+04
   2.1296900e+04   2.0135400e+04   3.3131000e+04
   2.5351800e+04   2.6868800e+04   3.3131000e+04
   3.1620100e+04   3.0301600e+04   3.3131000e+04
   2.6697200e+04   3.1523000e+04   3.3131000e+04
   7.4879000e+03   3.3935900e+04   3.3131000e+04
   9.8409000e+03   3.5214000e+04   3.3131000e+04
   3.4341200e+04   3.6575400e+04   3.3131000e+04
   4.5982000e+03   3.8677400e+04   3.3131000e+04
   1.3869000e+04   3.8742400e+04   3.3131000e+04
   1.7560700e+04   3.9086200e+04   3.3131000e+04
   1.7984700e+04   5.1799000e+03   3.3232000e+04
   5.7544000e+03   6.5258000e+03   3.3232000e+04
   9.8210000e+02   8.5340000e+03   3.3232000e+04
   2.7398500e+04   1.1304700e+04   3.3232000e+04
   8.4569000e+03   1.2504300e+04   3.3232000e+04
   6.1498000e+03   1.7808200e+04   3.3232000e+04
   3.1296200e+04   1.9504500e+04   3.3232000e+04
   2.1294700e+04   2.0128700e+04   3.3232000e+04
   2.5351000e+04   2.6866700e+04   3.3232000e+04
   3.1627900e+04   3.0302800e+04   3.3232000e+04
   2.6696400e+04   3.1519900e+04   3.3232000e+04
   7.4810000e+03   3.3937600e+04   3.3232000e+04
   9.8456000e+03   3.5226100e+04   3.3232000e+04
   3.4336900e+04   3.6566000e+04   3.3232000e+04
   4.6081000e+03   3.8677000e+04   3.3232000e+04
   1.3861500e+04   3.8743100e+04   3.3232000e+04
   1.7561400e+04   3.9076700e+04   3.3232000e+04
   1.7989600e+04   5.1745000e+03   3.3333000e+04
   5.7576000e+03   6.5296000e+03   3.3333000e+04
   9.7830000e+02   8.5297000e+03   3.3333000e+04
   2.7396700e+04   1.1305100e+04   3.3333000e+04
   8.4433000e+03   1.2502900e+04   3.3333000e+04
   6.1490000e+03   1.7792800e+04   3.3333000e+04
   3.1305500e+04   1.9507800e+04   3.3333000e+04
   2.1295600e+04   2.0132200e+04   3.3333000e+04
   2.5347700e+04   2.6874500e+04   3.3333000e+04
   3.1620000e+04   3.0304600e+04   3.3333000e+04
   2.6701300e+04   3.1522400e+04   3.3333000e+04
   7.4879000e+03   3.3940900e+04   3.3333000e+04
   9.8448000e+03   3.5214000e+04   3.3333000e+04
   3.4336600e+04   3.6575100e+04   3.3333000e+04
   4.6033000e+03   3.8672200e+04   3.3333000e+04
   1.3865700e+04   3.8746900e+04   3.3333000e+04
   1.7563900e+04   3.9080900e+04   3.3333000e+04
   1.7985600e+04   5.1728000e+03   3.3434000e+04
   5.7575000e+03   6.5267000e+03   3.3434000e+04
   9.7840000e+02   8.5350000e+03   3.3434000e+04
   2.7386000e+04   1.1309100e+04   3.3434000e+04
   8.4592000e+03   1.2507800e+04   3.3434000e+04
   6.1476000e+03   1.7798500e+04   3.3434000e+04
   3.1299400e+04   1.9502200e+04   3.3434000e+04
   2.1298700e+04   2.0127000e+04   3.3434000e+04
   2.5348900e+04   2.6870300e+04   3.3434000e+04
   3.1622700e+04   3.0302200e+04   3.3434000e+04
   2.6695400e+04   3.1518700e+04   3.3434000e+04
   7.4837000e+03   3.3938000e+04   3.3434000e+04
   9.8555000e+03   3.5214400e+04   3.3434000e+04
   3.4333900e+04   3.6582400e+04   3.3434000e+04
   4.6045000e+03   3.8678000e+04   3.3434000e+04
   1.3868300e+04   3.8743500e+04   3.3434000e+04
   1.7561600e+04   3.9079700e+04   3.3434000e+04
   1.7987300e+04   5.1726000e+03   3.3535000e+04
   5.7582000e+03   6.5343000e+03   3.3535000e+04
   9.7960000e+02   8.5353000e+03   3.3535000e+04
   2.7395700e+04   1.1304400e+04   3.3535000e+04
   8.4497000e+03   1.2509800e+04   3.3535000e+04
   6.1485000e+03   1.7791900e+04   3.3535000e+04
   3.1300900e+04   1.9500600e+04   3.3535000e+04
   2.1298600e+04   2.0133100e+04   3.3535000e+04
   2.5351200e+04   2.6868800e+04   3.3535000e+04
   3.1622600e+04   3.0301800e+04   3.3535000e+04
   2.6690000e+04   3.1522500e+04   3.3535000e+04
   7.4867000e+03   3.3934300e+04   3.3535000e+04
   9.8473000e+03   3.5224100e+04   3.3535000e+04
   3.4338300e+04   3.6577300e+04   3.3535000e+04
   4.6019000e+03   3.8671800e+04   3.3535000e+04
   1.3870100e+04   3.8742700e+04   3.3535000e+04
   1.7560400e+04   3.9080700e+04   3.3535000e+04
   1.7988100e+04   5.1766000e+03   3.3636000e+04
   5.7589000e+03   6.5289000e+03   3.3636000e+04
   9.7970000e+02   8.5299000e+03   3.3636000e+04
   2.7389200e+04   1.1305900e+04   3.3636000e+04
   8.4529000e+03   1.2510100e+04   3.3636000e+04
   6.1463000e+03   1.7789000e+04   3.3636000e+04
   3.1297400e+04   1.9500200e+04   3.3636000e+04
   2.1294800e+04   2.0132200e+04   3.3636000e+04
   2.5353100e+04   2.6869900e+04   3.3636000e+04
   3.1621100e+04   3.0302500e+04   3.3636000e+04
   2.6693300e+04   3.1521100e+04   3.3636000e+04
   7.4897000e+03   3.3940400e+04   3.3636000e+04
   9.8556000e+03   3.5220500e+04   3.3636000e+04
   3.4331600e+04   3.6583000e+04   3.3636000e+04
   4.6010000e+03   3.8667200e+04   3.3636000e+04
   1.3870900e+04   3.8745800e+04   3.3636000e+04
   1.7563400e+04   3.9083000e+04   3.3636000e+04
   1.7987900e+04   5.1764000e+03   3.3737000e+04
   5.7478000e+03   6.5290000e+03   3.3737000e+04
   9.7550000e+02   8.5292000e+03   3.3737000e+04
   2.7392500e+04   1.1307700e+04   3.3737000e+04
   8.4532000e+03   1.2501900e+04   3.3737000e+04
   6.1494000e+03   1.7791900e+04   3.3737000e+04
   3.1300400e+04   1.9506500e+04   3.3737000e+04
   2.1295300e+04   2.0133600e+04   3.3737000e+04
   2.5344800e+04   2.6872100e+04   3.3737000e+04
   3.1626500e+04   3.0297100e+04   3.3737000e+04
   2.6696600e+04   3.1515300e+04   3.3737000e+04
   7.4867000e+03   3.3936500e+04   3.3737000e+04
   9.8502000e+03   3.5218100e+04   3.3737000e+04
   3.4344000e+04   3.6581200e+04   3.3737000e+04
   4.6033000e+03   3.8680200e+04   3.3737000e+04
   1.3866300e+04   3.8743900e+04   3.3737000e+04
   1.7566700e+04   3.9085200e+04   3.3737000e+04
   1.7985700e+04   5.1795000e+03   3.3838000e+04
   5.7542000e+03   6.5232000e+03   3.3838000e+04
   9.7680000e+02   8.5375000e+03   3.3838000e+04
   2.7395500e+04   1.1304400e+04   3.3838000e+04
   8.4563000e+03   1.2501500e+04   3.3838000e+04
   6.1507000e+03   1.7788400e+04   3.3838000e+04
   3.1296200e+04   1.9504900e+04   3.3838000e+04
   2.1295700e+04   2.0132900e+04   3.3838000e+04
   2.5347700e+04   2.6874000e+04   3.3838000e+04
   3.1621600e+04   3.0298200e+04   3.3838000e+04
   2.6695200e+04   3.1528100e+04   3.3838000e+04
   7.4821000e+03   3.3938800e+04   3.3838000e+04
   9.8580000e+03   3.5212400e+04   3.3838000e+04
   3.4343600e+04   3.6583100e+04   3.3838000e+04
   4.5979000e+03   3.8672900e+04   3.3838000e+04
   1.3868100e+04   3.8740600e+04   3.3838000e+04
   1.7561800e+04   3.9085900e+04   3.3838000e+04
   1.7984000e+04   5.1786000e+03   3.3939000e+04
   5.7591000e+03   6.5318000e+03   3.3939000e+04
   9.7150000e+02   8.5380000e+03   3.3939000e+04
   2.7392800e+04   1.1307500e+04   3.3939000e+04
   8.4527000e+03   1.2505100e+04   3.3939000e+04
   6.1514000e+03   1.7793900e+04   3.3939000e+04
   3.1299600e+04   1.9504400e+04   3.3939000e+04
   2.1297100e+04   2.0131900e+04   3.3939000e+04
   2.5354900e+04   2.6863800e+04   3.3939000e+04
   3.1624600e+04   3.0301000e+04   3.3939000e+04
   2.6696300e+04   3.1516400e+04   3.3939000e+04
   7.4812000e+03   3.3940000e+04   3.3939000e+04
   9.8416000e+03   3.5221500e+04   3.3939000e+04
   3.4343300e+04   3.6577100e+04   3.3939000e+04
   4.6080000e+03   3.8671000e+04   3.3939000e+04
   1.3864600e+04   3.8743200e+04   3.3939000e+04
   1.7564400e+04   3.9080800e+04   3.3939000e+04
   1.7984700e+04   5.1725000e+03   3.4040000e+04
   5.7643000e+03   6.5268000e+03   3.4040000e+04
   9.7390000e+02   8.5437000e+03   3.4040000e+04
   2.7397900e+04   1.1305100e+04   3.4040000e+04
   8.4562000e+03   1.2496900e+04   3.4040000e+04
   6.1527000e+03   1.7791100e+04   3.4040000e+04
   3.1302800e+04   1.9506500e+04   3.4040000e+04
   2.1293000e+04   2.0133400e+04   3.4040000e+04
   2.5350400e+04   2.6872700e+04   3.4040000e+04
   3.1626600e+04   3.0297700e+04   3.4040000e+04
   2.6688800e+04   3.1519100e+04   3.4040000e+04
   7.4848000e+03   3.3941800e+04   3.4040000e+04
   9.8504000e+03   3.5218500e+04   3.4040000e+04
   3.4334000e+04   3.6577900e+04   3.4040000e+04
   4.5950000e+03   3.8678100e+04   3.4040000e+04
   1.3868000e+04   3.8739200e+04   3.4040000e+04
   1.7563800e+04   3.9084900e+04   3.4040000e+04
   1.7979800e+04   5.1731000e+03   3.4141000e+04
   5.7630000e+03   6.5257000e+03   3.4141000e+04
   9.7310000e+02   8.5294000e+03   3.4141000e+04
   2.7387800e+04   1.1306100e+04   3.4141000e+04
   8.4569000e+03   1.2507700e+04   3.4141000e+04
   6.1543000e+03   1.7791700e+04   3.4141000e+04
   3.1301200e+04   1.9503500e+04   3.4141000e+04
   2.1298800e+04   2.0136600e+04   3.4141000e+04
   2.5350100e+04   2.6866400e+04   3.4141000e+04
   3.1626100e+04   3.0306300e+04   3.4141000e+04
   2.6693000e+04   3.1523700e+04   3.4141000e+04
   7.4825000e+03   3.3939800e+04   3.4141000e+04
   9.8452000e+03   3.5224400e+04   3.4141000e+04
   3.4341000e+04   3.6577900e+04   3.4141000e+04
   4.6025000e+03   3.8669400e+04   3.4141000e+04
   1.3868500e+04   3.8747100e+04   3.4141000e+04
   1.7563400e+04   3.9077500e+04   3.4141000e+04
   1.7988400e+04   5.1694000e+03   3.4242000e+04
   5.7579000e+03   6.5241000e+03   3.4242000e+04
   9.7630000e+02   8.5323000e+03   3.4242000e+04
   2.7393300e+04   1.1318600e+04   3.4242000e+04
   8.4548000e+03   1.2505700e+04   3.4242000e+04
   6.1453000e+03   1.7797400e+04   3.4242000e+04
   3.1302500e+04   1.9501100e+04   3.4242000e+04
   2.1294200e+04   2.0127700e+04   3.4242000e+04
   2.5349500e+04   2.6866500e+04   3.4242000e+04
   3.1626200e+04   3.0305400e+04   3.4242000e+04
   2.6691500e+04   3.1520100e+04   3.4242000e+04
   7.4873000e+03   3.3942100e+04   3.4242000e+04
   9.8534000e+03   3.5225100e+04   3.4242000e+04
   3.4336200e+04   3.6580900e+04   3.4242000e+04
   4.6048000e+03   3.8660900e+04   3.4242000e+04
   1.3861200e+04   3.8748400e+04   3.4242000e+04
   1.7564200e+04   3.9080300e+04   3.4242000e+04
   1.7979800e+04   5.1808000e+03   3.4343000e+04
   5.7570000e+03   6.5331000e+03   3.4343000e+04
   9.8180000e+02   8.5372000e+03   3.4343000e+04
   2.7391500e+04   1.1303300e+04   3.4343000e+04
   8.4583000e+03   1.2502600e+04   3.4343000e+04
   6.1520000e+03   1.7804700e+04   3.4343000e+04
   3.1299300e+04   1.9499300e+04   3.4343000e+04
   2.1295300e+04   2.0130800e+04   3.4343000e+04
   2.5351300e+04   2.6863700e+04   3.4343000e+04
   3.1622600e+04   3.0300000e+04   3.4343000e+04
   2.6694000e+04   3.1522700e+04   3.4343000e+04
   7.4824000e+03   3.3938700e+04   3.4343000e+04
   9.8512000e+03   3.5227800e+04   3.4343000e+04
   3.4342100e+04   3.6574600e+04   3.4343000e+04
   4.5976000e+03   3.8664800e+04   3.4343000e+04
   1.3870600e+04   3.8740500e+04   3.4343000e+04
   1.7560600e+04   3.9081400e+04   3.4343000e+04
   1.7985300e+04   5.1763000e+03   3.4444000e+04
   5.7558000e+03   6.5307000e+03   3.4444000e+04
   9.7250000e+02   8.5310000e+03   3.4444000e+04
   2.7392700e+04   1.1309900e+04   3.4444000e+04
   8.4577000e+03   1.2501400e+04   3.4444000e+04
   6.1407000e+03   1.7794600e+04   3.4444000e+04
   3.1293500e+04   1.9505700e+04   3.4444000e+04
   2.1296300e+04   2.0133100e+04   3.4444000e+04
   2.5350300e+04   2.6869300e+04   3.4444000e+04
   3.1622900e+04   3.0299800e+04   3.4444000e+04
   2.6692600e+04   3.1522200e+04   3.4444000e+04
   7.4856000e+03   3.3939200e+04   3.4444000e+04
   9.8616000e+03   3.5212900e+04   3.4444000e+04
   3.4351600e+04   3.6578500e+04   3.4444000e+04
   4.6000000e+03   3.8673000e+04   3.4444000e+04
   1.3865200e+04   3.8745700e+04   3.4444000e+04
   1.7563000e+04   3.9082700e+04   3.4444000e+04
   1.7984000e+04   5.1722000e+03   3.4545000e+04
   5.7545000e+03   6.5301000e+03   3.4545000e+04
   9.7640000e+02   8.5381000e+03   3.4545000e+04
   2.7391700e+04   1.1308100e+04   3.4545000e+04
   8.4561000e+03   1.2500000e+04   3.4545000e+04
   6.1440000e+03   1.7799600e+04   3.4545000e+04
   3.1297300e+04   1.9506600e+04   3.4545000e+04
   2.1299500e+04   2.0127800e+04   3.4545000e+04
   2.5350000e+04   2.6870800e+04   3.4545000e+04
   3.1630800e+04   3.0303300e+04   3.4545000e+04
   2.6697100e+04   3.1518100e+04   3.4545000e+04
   7.4833000e+03   3.3938100e+04   3.4545000e+04
   9.8508000e+03   3.5225600e+04   3.4545000e+04
   3.4338600e+04   3.6576500e+04   3.4545000e+04
   4.6031000e+03   3.8674400e+04   3.4545000e+04
   1.3869300e+04   3.8741000e+04   3.4545000e+04
   1.7560700e+04   3.9075600e+04   3.4545000e+04
   1.7983500e+04   5.1804000e+03   3.4646000e+04
   5.7570000e+03   6.5338000e+03   3.4646000e+04
   9.8500000e+02   8.5303000e+03   3.4646000e+04
   2.7389300e+04   1.1308500e+04   3.4646000e+04
   8.4604000e+03   1.2504000e+04   3.4646000e+04
   6.1526000e+03   1.7801700e+04   3.4646000e+04
   3.1293600e+04   1.9501000e+04   3.4646000e+04
   2.1297100e+04   2.0132600e+04   3.4646000e+04
   2.5351700e+04   2.6871700e+04   3.4646000e+04
   3.1631400e+04   3.0298900e+04   3.4646000e+04
   2.6694000e+04   3.1523100e+04   3.4646000e+04
   7.4820000e+03   3.3938400e+04   3.4646000e+04
   9.8476000e+03   3.5206900e+04   3.4646000e+04
   3.4339700e+04   3.6579900e+04   3.4646000e+04
   4.5957000e+03   3.8677400e+04   3.4646000e+04
   1.3864500e+04   3.8742400e+04   3.4646000e+04
   1.7562000e+04   3.9075100e+04   3.4646000e+04
   1.7987900e+04   5.1788000e+03   3.4747000e+04
   5.7547000e+03   6.5340000e+03   3.4747000e+04
   9.7820000e+02   8.5339000e+03   3.4747000e+04
   2.7389400e+04   1.1306700e+04   3.4747000e+04
   8.4611000e+03   1.2505800e+04   3.4747000e+04
   6.1426000e+03   1.7787700e+04   3.4747000e+04
   3.1297400e+04   1.9500600e+04   3.4747000e+04
   2.1290900e+04   2.0129600e+04   3.4747000e+04
   2.5349600e+04   2.6868400e+04   3.4747000e+04
   3.1629100e+04   3.0304500e+04   3.4747000e+04
   2.6692700e+04   3.1523500e+04   3.4747000e+04
   7.4869000e+03   3.3939000e+04   3.4747000e+04
   9.8383000e+03   3.5214300e+04   3.4747000e+04
   3.4342500e+04   3.6575600e+04   3.4747000e+04
   4.6079000e+03   3.8676700e+04   3.4747000e+04
   1.3874400e+04   3.8743100e+04   3.4747000e+04
   1.7563600e+04   3.9083800e+04   3.4747000e+04
   1.7992800e+04   5.1705000e+03   3.4848000e+04
   5.7470000e+03   6.5312000e+03   3.4848000e+04
   9.7730000e+02   8.5303000e+03   3.4848000e+04
   2.7392200e+04   1.1305700e+04   3.4848000e+04
   8.4660000e+03   1.2507600e+04   3.4848000e+04
   6.1527000e+03   1.7793400e+04   3.4848000e+04
   3.1299100e+04   1.9502700e+04   3.4848000e+04
   2.1293000e+04   2.0135800e+04   3.4848000e+04
   2.5352600e+04   2.6870200e+04   3.4848000e+04
   3.1621400e+04   3.0299100e+04   3.4848000e+04
   2.6690300e+04   3.1523400e+04   3.4848000e+04
   7.4862000e+03   3.3940700e+04   3.4848000e+04
   9.8511000e+03   3.5217100e+04   3.4848000e+04
   3.4333000e+04   3.6577400e+04   3.4848000e+04
   4.5946000e+03   3.8673300e+04   3.4848000e+04
   1.3872200e+04   3.8747200e+04   3.4848000e+04
   1.7565600e+04   3.9080500e+04   3.4848000e+04
   1.7987200e+04   5.1755000e+03   3.4949000e+04
   5.7533000e+03   6.5314000e+03   3.4949000e+04
   9.7150000e+02   8.5411000e+03   3.4949000e+04
   2.7393300e+04   1.1309700e+04   3.4949000e+04
   8.4695000e+03   1.2501900e+04   3.4949000e+04
   6.1563000e+03   1.7792500e+04   3.4949000e+04
   3.1295400e+04   1.9500500e+04   3.4949000e+04
   2.1295400e+04   2.0131700e+04   3.4949000e+04
   2.5349500e+04   2.6864000e+04   3.4949000e+04
   3.1623000e+04   3.0298800e+04   3.4949000e+04
   2.6690900e+04   3.1522500e+04   3.4949000e+04
   7.4848000e+03   3.3939600e+04   3.4949000e+04
   9.8514000e+03   3.5225500e+04   3.4949000e+04
   3.4338600e+04   3.6575300e+04   3.4949000e+04
   4.5972000e+03   3.8674700e+04   3.4949000e+04
   1.3868600e+04   3.8744600e+04   3.4949000e+04
   1.7561300e+04   3.9076900e+04   3.4949000e+04
   1.7982000e+04   5.1717000e+03   3.5050000e+04
   5.7441000e+03   6.5263000e+03   3.5050000e+04
   9.7480000e+02   8.5291000e+03   3.5050000e+04
   2.7391800e+04   1.1311600e+04   3.5050000e+04
   8.4598000e+03   1.2507200e+04   3.5050000e+04
   6.1420000e+03   1.7795200e+04   3.5050000e+04
   3.1297900e+04   1.9503000e+04   3.5050000e+04
   2.1294100e+04   2.0135100e+04   3.5050000e+04
   2.5348400e+04   2.6868700e+04   3.5050000e+04
   3.1626300e+04   3.0304000e+04   3.5050000e+04
   2.6689700e+04   3.1525900e+04   3.5050000e+04
   7.4855000e+03   3.3940000e+04   3.5050000e+04
   9.8636000e+03   3.5221200e+04   3.5050000e+04
   3.4344600e+04   3.6573800e+04   3.5050000e+04
   4.6039000e+03   3.8674800e+04   3.5050000e+04
   1.3870300e+04   3.8740300e+04   3.5050000e+04
   1.7568200e+04   3.9078200e+04   3.5050000e+04
   1.7980300e+04   5.1762000e+03   3.5151000e+04
   5.7616000e+03   6.5328000e+03   3.5151000e+04
   9.8760000e+02   8.5338000e+03   3.5151000e+04
   2.7391200e+04   1.1312200e+04   3.5151000e+04
   8.4589000e+03   1.2507500e+04   3.5151000e+04
   6.1458000e+03   1.7796900e+04   3.5151000e+04
   3.1296600e+04   1.9502100e+04   3.5151000e+04
   2.1290700e+04   2.0131300e+04   3.5151000e+04
   2.5352900e+04   2.6867000e+04   3.5151000e+04
   3.1623400e+04   3.0299200e+04   3.5151000e+04
   2.6689400e+04   3.1523000e+04   3.5151000e+04
   7.4868000e+03   3.3939000e+04   3.5151000e+04
   9.8546000e+03   3.5214500e+04   3.5151000e+04
   3.4337400e+04   3.6579500e+04   3.5151000e+04
   4.6021000e+03   3.8670900e+04   3.5151000e+04
   1.3870900e+04   3.8745300e+04   3.5151000e+04
   1.7556800e+04   3.9074900e+04   3.5151000e+04
   1.7985300e+04   5.1717000e+03   3.5252000e+04
   5.7517000e+03   6.5304000e+03   3.5252000e+04
   9.7360000e+02   8.5350000e+03   3.5252000e+04
   2.7389800e+04   1.1314000e+04   3.5252000e+04
   8.4619000e+03   1.2501500e+04   3.5252000e+04
   6.1472000e+03   1.7800600e+04   3.5252000e+04
   3.1300100e+04   1.9500700e+04   3.5252000e+04
   2.1296800e+04   2.0132800e+04   3.5252000e+04
   2.5348600e+04   2.6870500e+04   3.5252000e+04
   3.1627900e+04   3.0295100e+04   3.5252000e+04
   2.6693500e+04   3.1521100e+04   3.5252000e+04
   7.4869000e+03   3.3935100e+04   3.5252000e+04
   9.8538000e+03   3.5221900e+04   3.5252000e+04
   3.4338800e+04   3.6580800e+04   3.5252000e+04
   4.5954000e+03   3.8676600e+04   3.5252000e+04
   1.3871100e+04   3.8741700e+04   3.5252000e+04
   1.7564700e+04   3.9076300e+04   3.5252000e+04
   1.7982100e+04   5.1709000e+03   3.5353000e+04
   5.7544000e+03   6.5270000e+03   3.5353000e+04
   9.7240000e+02   8.5323000e+03   3.5353000e+04
   2.7393800e+04   1.1306700e+04   3.5353000e+04
   8.4609000e+03   1.2502200e+04   3.5353000e+04
   6.1488000e+03   1.7803100e+04   3.5353000e+04
   3.1294700e+04   1.9500900e+04   3.5353000e+04
   2.1292600e+04   2.0135200e+04   3.5353000e+04
   2.5344900e+04   2.6866100e+04   3.5353000e+04
   3.1625900e+04   3.0297100e+04   3.5353000e+04
   2.6696200e+04   3.1526900e+04   3.5353000e+04
   7.4863000e+03   3.3937100e+04   3.5353000e+04
   9.8498000e+03   3.5226300e+04   3.5353000e+04
   3.4339900e+04   3.6578000e+04   3.5353000e+04
   4.6040000e+03   3.8674500e+04   3.5353000e+04
   1.3872300e+04   3.8746500e+04   3.5353000e+04
   1.7568000e+04   3.9075300e+04   3.5353000e+04
   1.7982500e+04   5.1768000e+03   3.5454000e+04
   5.7511000e+03   6.5350000e+03   3.5454000e+04
   9.7620000e+02   8.5375000e+03   3.5454000e+04
   2.7397400e+04   1.1307100e+04   3.5454000e+04
   8.4669000e+03   1.2502800e+04   3.5454000e+04
   6.1470000e+03   1.7796300e+04   3.5454000e+04
   3.1297400e+04   1.9499400e+04   3.5454000e+04
   2.1295200e+04   2.0133100e+04   3.5454000e+04
   2.5351100e+04   2.6865900e+04   3.5454000e+04
   3.1624800e+04   3.0295400e+04   3.5454000e+04
   2.6687200e+04   3.1527100e+04   3.5454000e+04
   7.4806000e+03   3.3939800e+04   3.5454000e+04
   9.8567000e+03   3.5216300e+04   3.5454000e+04
   3.4334700e+04   3.6574500e+04   3.5454000e+04
   4.6045000e+03   3.8672500e+04   3.5454000e+04
   1.3871200e+04   3.8742100e+04   3.5454000e+04
   1.7562600e+04   3.9084400e+04   3.5454000e+04
   1.7982800e+04   5.1805000e+03   3.5555000e+04
   5.7533000e+03   6.5295000e+03   3.5555000e+04
   9.7930000e+02   8.5376000e+03   3.5555000e+04
   2.7394400e+04   1.1306300e+04   3.5555000e+04
   8.4604000e+03   1.2510600e+04   3.5555000e+04
   6.1504000e+03   1.7796400e+04   3.5555000e+04
   3.1298000e+04   1.9502600e+04   3.5555000e+04
   2.1296600e+04   2.0128400e+04   3.5555000e+04
   2.5351800e+04   2.6869300e+04   3.5555000e+04
   3.1620400e+04   3.0301600e+04   3.5555000e+04
   2.6693300e+04   3.1517000e+04   3.5555000e+04
   7.4853000e+03   3.3936300e+04   3.5555000e+04
   9.8507000e+03   3.5215800e+04   3.5555000e+04
   3.4339700e+04   3.6570800e+04   3.5555000e+04
   4.5997000e+03   3.8679100e+04   3.5555000e+04
   1.3870300e+04   3.8743000e+04   3.5555000e+04
   1.7560600e+04   3.9081400e+04   3.5555000e+04
   1.7982200e+04   5.1743000e+03   3.5656000e+04
   5.7641000e+03   6.5328000e+03   3.5656000e+04
   9.7160000e+02   8.5245000e+03   3.5656000e+04
   2.7399000e+04   1.1308300e+04   3.5656000e+04
   8.4624000e+03   1.2506400e+04   3.5656000e+04
   6.1556000e+03   1.7801800e+04   3.5656000e+04
   3.1296300e+04   1.9503100e+04   3.5656000e+04
   2.1296300e+04   2.0131000e+04   3.5656000e+04
   2.5349300e+04   2.6867900e+04   3.5656000e+04
   3.1626100e+04   3.0296300e+04   3.5656000e+04
   2.6692500e+04   3.1520900e+04   3.5656000e+04
   7.4858000e+03   3.3937300e+04   3.5656000e+04
   9.8446000e+03   3.5223800e+04   3.5656000e+04
   3.4333600e+04   3.6569300e+04   3.5656000e+04
   4.6022000e+03   3.8678800e+04   3.5656000e+04
   1.3864400e+04   3.8747200e+04   3.5656000e+04
   1.7560900e+04   3.9082200e+04   3.5656000e+04
   1.7989500e+04   5.1713000e+03   3.5757000e+04
   5.7616000e+03   6.5321000e+03   3.5757000e+04
   9.7860000e+02   8.5348000e+03   3.5757000e+04
   2.7395000e+04   1.1307500e+04   3.5757000e+04
   8.4569000e+03   1.2503700e+04   3.5757000e+04
   6.1415000e+03   1.7797700e+04   3.5757000e+04
   3.1296300e+04   1.9503600e+04   3.5757000e+04
   2.1295200e+04   2.0130600e+04   3.5757000e+04
   2.5348400e+04   2.6871500e+04   3.5757000e+04
   3.1626100e+04   3.0302900e+04   3.5757000e+04
   2.6697100e+04   3.1520800e+04   3.5757000e+04
   7.4882000e+03   3.3935400e+04   3.5757000e+04
   9.8440000e+03   3.5233500e+04   3.5757000e+04
   3.4338400e+04   3.6571100e+04   3.5757000e+04
   4.6001000e+03   3.8664900e+04   3.5757000e+04
   1.3869300e+04   3.8744300e+04   3.5757000e+04
   1.7561000e+04   3.9080600e+04   3.5757000e+04
   1.7991700e+04   5.1704000e+03   3.5858000e+04
   5.7564000e+03   6.5235000e+03   3.5858000e+04
   9.7920000e+02   8.5385000e+03   3.5858000e+04
   2.7390300e+04   1.1305300e+04   3.5858000e+04
   8.4529000e+03   1.2508100e+04   3.5858000e+04
   6.1454000e+03   1.7797100e+04   3.5858000e+04
   3.1296600e+04   1.9505900e+04   3.5858000e+04
   2.1295700e+04   2.0130700e+04   3.5858000e+04
   2.5349300e+04   2.6864300e+04   3.5858000e+04
   3.1630500e+04   3.0298400e+04   3.5858000e+04
   2.6695800e+04   3.1520300e+04   3.5858000e+04
   7.4824000e+03   3.3937100e+04   3.5858000e+04
   9.8503000e+03   3.5226500e+04   3.5858000e+04
   3.4332400e+04   3.6578000e+04   3.5858000e+04
   4.6011000e+03   3.8677200e+04   3.5858000e+04
   1.3874700e+04   3.8744200e+04   3.5858000e+04
   1.7562300e+04   3.9080500e+04   3.5858000e+04
   1.7983400e+04   5.1740000e+03   3.5959000e+04
   5.7593000e+03   6.5341000e+03   3.5959000e+04
   9.7870000e+02   8.5223000e+03   3.5959000e+04
   2.7394400e+04   1.1304700e+04   3.5959000e+04
   8.4593000e+03   1.2506000e+04   3.5959000e+04
   6.1511000e+03   1.7795800e+04   3.5959000e+04
   3.1294900e+04   1.9506500e+04   3.5959000e+04
   2.1292600e+04   2.0133200e+04   3.5959000e+04
   2.5350700e+04   2.6868200e+04   3.5959000e+04
   3.1619100e+04   3.0298900e+04   3.5959000e+04
   2.6695100e+04   3.1522100e+04   3.5959000e+04
   7.4850000e+03   3.3937400e+04   3.5959000e+04
   9.8504000e+03   3.5221700e+04   3.5959000e+04
   3.4338300e+04   3.6580000e+04   3.5959000e+04
   4.5999000e+03   3.8674000e+04   3.5959000e+04
   1.3870200e+04   3.8747400e+04   3.5959000e+04
   1.7564800e+04   3.9079900e+04   3.5959000e+04
   1.7987600e+04   5.1703000e+03   3.6060000e+04
   5.7550000e+03   6.5278000e+03   3.6060000e+04
   9.7890000e+02   8.5303000e+03   3.6060000e+04
   2.7397300e+04   1.1311200e+04   3.6060000e+04
   8.4588000e+03   1.2513000e+04   3.6060000e+04
   6.1495000e+03   1.7798200e+04   3.6060000e+04
   3.1297600e+04   1.9499700e+04   3.6060000e+04
   2.1295700e+04   2.0135600e+04   3.6060000e+04
   2.5346300e+04   2.6869000e+04   3.6060000e+04
   3.1620500e+04   3.0302500e+04   3.6060000e+04
   2.6697300e+04   3.1521200e+04   3.6060000e+04
   7.4843000e+03   3.3937000e+04   3.6060000e+04
   9.8472000e+03   3.5225000e+04   3.6060000e+04
   3.4337300e+04   3.6575900e+04   3.6060000e+04
   4.5988000e+03   3.8667500e+04   3.6060000e+04
   1.3869700e+04   3.8743600e+04   3.6060000e+04
   1.7565400e+04   3.9078400e+04   3.6060000e+04
   1.7980500e+04   5.1712000e+03   3.6161000e+04
   5.7572000e+03   6.5329000e+03   3.6161000e+04
   9.6950000e+02   8.5401000e+03   3.6161000e+04
   2.7394700e+04   1.1307400e+04   3.6161000e+04
   8.4674000e+03   1.2499800e+04   3.6161000e+04
   6.1466000e+03   1.7793700e+04   3.6161000e+04
   3.1296200e+04   1.9501600e+04   3.6161000e+04
   2.1294600e+04   2.0126100e+04   3.6161000e+04
   2.5350800e+04   2.6867000e+04   3.6161000e+04
   3.1623800e+04   3.0305300e+04   3.6161000e+04
   2.6692700e+04   3.1517400e+04   3.6161000e+04
   7.4855000e+03   3.3937000e+04   3.6161000e+04
   9.8477000e+03   3.5225900e+04   3.6161000e+04
   3.4336300e+04   3.6572200e+04   3.6161000e+04
   4.6055000e+03   3.8675300e+04   3.6161000e+04
   1.3872700e+04   3.8747000e+04   3.6161000e+04
   1.7565100e+04   3.9086200e+04   3.6161000e+04
   1.7978000e+04   5.1712000e+03   3.6262000e+04
   5.7613000e+03   6.5280000e+03   3.6262000e+04
   9.8330000e+02   8.5293000e+03   3.6262000e+04
   2.7393900e+04   1.1304300e+04   3.6262000e+04
   8.4545000e+03   1.2502200e+04   3.6262000e+04
   6.1511000e+03   1.7802100e+04   3.6262000e+04
   3.1299500e+04   1.9503900e+04   3.6262000e+04
   2.1295000e+04   2.0129000e+04   3.6262000e+04
   2.5346700e+04   2.6867400e+04   3.6262000e+04
   3.1625200e+04   3.0304200e+04   3.6262000e+04
   2.6692600e+04   3.1526400e+04   3.6262000e+04
   7.4839000e+03   3.3939100e+04   3.6262000e+04
   9.8515000e+03   3.5217000e+04   3.6262000e+04
   3.4337700e+04   3.6576200e+04   3.6262000e+04
   4.6020000e+03   3.8676900e+04   3.6262000e+04
   1.3869800e+04   3.8746400e+04   3.6262000e+04
   1.7561000e+04   3.9082500e+04   3.6262000e+04
   1.7986700e+04   5.1738000e+03   3.6363000e+04
   5.7552000e+03   6.5159000e+03   3.6363000e+04
   9.7190000e+02   8.5353000e+03   3.6363000e+04
   2.7392800e+04   1.1311200e+04   3.6363000e+04
   8.4601000e+03   1.2503300e+04   3.6363000e+04
   6.1452000e+03   1.7793100e+04   3.6363000e+04
   3.1295200e+04   1.9504800e+04   3.6363000e+04
   2.1293500e+04   2.0129800e+04   3.6363000e+04
   2.5355100e+04   2.6870000e+04   3.6363000e+04
   3.1621700e+04   3.0302100e+04   3.6363000e+04
   2.6691400e+04   3.1522200e+04   3.6363000e+04
   7.4816000e+03   3.3938800e+04   3.6363000e+04
   9.8634000e+03   3.5219100e+04   3.6363000e+04
   3.4334500e+04   3.6577100e+04   3.6363000e+04
   4.5996000e+03   3.8680800e+04   3.6363000e+04
   1.3876800e+04   3.8748800e+04   3.6363000e+04
   1.7562500e+04   3.9080000e+04   3.6363000e+04
   1.7984500e+04   5.1719000e+03   3.6464000e+04
   5.7540000e+03   6.5226000e+03   3.6464000e+04
   9.8030000e+02   8.5395000e+03   3.6464000e+04
   2.7392200e+04   1.1308600e+04   3.6464000e+04
   8.4624000e+03   1.2505900e+04   3.6464000e+04
   6.1370000e+03   1.7791600e+04   3.6464000e+04
   3.1297100e+04   1.9502900e+04   3.6464000e+04
   2.1288100e+04   2.0133800e+04   3.6464000e+04
   2.5349400e+04   2.6870800e+04   3.6464000e+04
   3.1631500e+04   3.0302900e+04   3.6464000e+04
   2.6690300e+04   3.1519800e+04   3.6464000e+04
   7.4845000e+03   3.3938300e+04   3.6464000e+04
   9.8544000e+03   3.5215600e+04   3.6464000e+04
   3.4343500e+04   3.6575500e+04   3.6464000e+04
   4.6023000e+03   3.8674500e+04   3.6464000e+04
   1.3868200e+04   3.8744500e+04   3.6464000e+04
   1.7567400e+04   3.9087400e+04   3.6464000e+04
   1.7982800e+04   5.1780000e+03   3.6565000e+04
   5.7603000e+03   6.5319000e+03   3.6565000e+04
   9.7100000e+02   8.5331000e+03   3.6565000e+04
   2.7388200e+04   1.1310300e+04   3.6565000e+04
   8.4555000e+03   1.2507500e+04   3.6565000e+04
   6.1434000e+03   1.7790000e+04   3.6565000e+04
   3.1299300e+04   1.9500800e+04   3.6565000e+04
   2.1292500e+04   2.0133600e+04   3.6565000e+04
   2.5351800e+04   2.6869600e+04   3.6565000e+04
   3.1623000e+04   3.0305400e+04   3.6565000e+04
   2.6697600e+04   3.1520600e+04   3.6565000e+04
   7.4888000e+03   3.3933600e+04   3.6565000e+04
   9.8578000e+03   3.5218000e+04   3.6565000e+04
   3.4337100e+04   3.6578500e+04   3.6565000e+04
   4.6007000e+03   3.8672700e+04   3.6565000e+04
   1.3872300e+04   3.8743500e+04   3.6565000e+04
   1.7565100e+04   3.9078900e+04   3.6565000e+04
   1.7979700e+04   5.1720000e+03   3.6666000e+04
   5.7578000e+03   6.5228000e+03   3.6666000e+04
   9.7480000e+02   8.5316000e+03   3.6666000e+04
   2.7392900e+04   1.1306800e+04   3.6666000e+04
   8.4685000e+03   1.2511200e+04   3.6666000e+04
   6.1516000e+03   1.7789200e+04   3.6666000e+04
   3.1298900e+04   1.9499900e+04   3.6666000e+04
   2.1290600e+04   2.0131400e+04   3.6666000e+04
   2.5350100e+04   2.6869300e+04   3.6666000e+04
   3.1624100e+04   3.0306300e+04   3.6666000e+04
   2.6693100e+04   3.1521500e+04   3.6666000e+04
   7.4886000e+03   3.3936700e+04   3.6666000e+04
   9.8538000e+03   3.5220100e+04   3.6666000e+04
   3.4334200e+04   3.6578600e+04   3.6666000e+04
   4.5969000e+03   3.8684200e+04   3.6666000e+04
   1.3868100e+04   3.8743300e+04   3.6666000e+04
   1.7563400e+04   3.9081100e+04   3.6666000e+04
   1.7983000e+04   5.1795000e+03   3.6767000e+04
   5.7559000e+03   6.5279000e+03   3.6767000e+04
   9.7460000e+02   8.5280000e+03   3.6767000e+04
   2.7386500e+04   1.1313500e+04   3.6767000e+04
   8.4512000e+03   1.2504500e+04   3.6767000e+04
   6.1459000e+03   1.7794100e+04   3.6767000e+04
   3.1296900e+04   1.9501800e+04   3.6767000e+04
   2.1296800e+04   2.0132600e+04   3.6767000e+04
   2.5349800e+04   2.6868300e+04   3.6767000e+04
   3.1629100e+04   3.0305400e+04   3.6767000e+04
   2.6697100e+04   3.1520600e+04   3.6767000e+04
   7.4830000e+03   3.3937200e+04   3.6767000e+04
   9.8478000e+03   3.5215900e+04   3.6767000e+04
   3.4336700e+04   3.6572800e+04   3.6767000e+04
   4.6047000e+03   3.8672700e+04   3.6767000e+04
   1.3877700e+04   3.8748600e+04   3.6767000e+04
   1.7570300e+04   3.9082600e+04   3.6767000e+04
   1.7985700e+04   5.1706000e+03   3.6868000e+04
   5.7484000e+03   6.5323000e+03   3.6868000e+04
   9.8260000e+02   8.5379000e+03   3.6868000e+04
   2.7396600e+04   1.1304200e+04   3.6868000e+04
   8.4598000e+03   1.2501600e+04   3.6868000e+04
   6.1497000e+03   1.7800400e+04   3.6868000e+04
   3.1295700e+04   1.9502700e+04   3.6868000e+04
   2.1295200e+04   2.0132000e+04   3.6868000e+04
   2.5351300e+04   2.6870600e+04   3.6868000e+04
   3.1623700e+04   3.0301200e+04   3.6868000e+04
   2.6693900e+04   3.1522400e+04   3.6868000e+04
   7.4869000e+03   3.3935600e+04   3.6868000e+04
   9.8467000e+03   3.5220800e+04   3.6868000e+04
   3.4336500e+04   3.6573700e+04   3.6868000e+04
   4.5949000e+03   3.8675000e+04   3.6868000e+04
   1.3871900e+04   3.8750500e+04   3.6868000e+04
   1.7567400e+04   3.9074500e+04   3.6868000e+04
   1.7978900e+04   5.1781000e+03   3.6969000e+04
   5.7570000e+03   6.5248000e+03   3.6969000e+04
   9.7710000e+02   8.5275000e+03   3.6969000e+04
   2.7393300e+04   1.1308600e+04   3.6969000e+04
   8.4582000e+03   1.2502900e+04   3.6969000e+04
   6.1486000e+03   1.7795600e+04   3.6969000e+04
   3.1298000e+04   1.9502700e+04   3.6969000e+04
   2.1292100e+04   2.0135600e+04   3.6969000e+04
   2.5350800e+04   2.6864800e+04   3.6969000e+04
   3.1628500e+04   3.0305600e+04   3.6969000e+04
   2.6689500e+04   3.1526300e+04   3.6969000e+04
   7.4860000e+03   3.3937100e+04   3.6969000e+04
   9.8618000e+03   3.5219600e+04   3.6969000e+04
   3.4338200e+04   3.6580300e+04   3.6969000e+04
   4.5981000e+03   3.8675200e+04   3.6969000e+04
   1.3868500e+04   3.8742000e+04   3.6969000e+04
   1.7562500e+04   3.9079400e+04   3.6969000e+04
   1.7984400e+04   5.1762000e+03   3.7070000e+04
   5.7558000e+03   6.5345000e+03   3.7070000e+04
   9.7610000e+02   8.5339000e+03   3.7070000e+04
   2.7391400e+04   1.1302200e+04   3.7070000e+04
   8.4564000e+03   1.2498200e+04   3.7070000e+04
   6.1461000e+03   1.7796900e+04   3.7070000e+04
   3.1296200e+04   1.9503800e+04   3.7070000e+04
   2.1297400e+04   2.0131900e+04   3.7070000e+04
   2.5353800e+04   2.6869100e+04   3.7070000e+04
   3.1625500e+04   3.0301300e+04   3.7070000e+04
   2.6690600e+04   3.1519900e+04   3.7070000e+04
   7.4873000e+03   3.3936700e+04   3.7070000e+04
   9.8502000e+03   3.5216100e+04   3.7070000e+04
   3.4336700e+04   3.6579500e+04   3.7070000e+04
   4.6053000e+03   3.8680800e+04   3.7070000e+04
   1.3869600e+04   3.8744800e+04   3.7070000e+04
   1.7564200e+04   3.9080200e+04   3.7070000e+04
   1.7987300e+04   5.1763000e+03   3.7171000e+04
   5.7526000e+03   6.5299000e+03   3.7171000e+04
   9.7650000e+02   8.5322000e+03   3.7171000e+04
   2.7395100e+04   1.1304200e+04   3.7171000e+04
   8.4590000e+03   1.2503600e+04   3.7171000e+04
   6.1421000e+03   1.7793800e+04   3.7171000e+04
   3.1300900e+04   1.9509900e+04   3.7171000e+04
   2.1295000e+04   2.0133100e+04   3.7171000e+04
   2.5350600e+04   2.6865500e+04   3.7171000e+04
   3.1626800e+04   3.0299000e+04   3.7171000e+04
   2.6689700e+04   3.1521900e+04   3.7171000e+04
   7.4883000e+03   3.3937800e+04   3.7171000e+04
   9.8464000e+03   3.5213400e+04   3.7171000e+04
   3.4339400e+04   3.6576700e+04   3.7171000e+04
   4.5991000e+03   3.8672100e+04   3.7171000e+04
   1.3870000e+04   3.8756000e+04   3.7171000e+04
   1.7568100e+04   3.9080600e+04   3.7171000e+04
   1.7988600e+04   5.1727000e+03   3.7272000e+04
   5.7572000e+03   6.5322000e+03   3.7272000e+04
   9.8530000e+02   8.5406000e+03   3.7272000e+04
   2.7392300e+04   1.1303200e+04   3.7272000e+04
   8.4581000e+03   1.2503900e+04   3.7272000e+04
   6.1477000e+03   1.7801500e+04   3.7272000e+04
   3.1297000e+04   1.9499900e+04   3.7272000e+04
   2.1290900e+04   2.0130900e+04   3.7272000e+04
   2.5352800e+04   2.6871500e+04   3.7272000e+04
   3.1623800e+04   3.0300700e+04   3.7272000e+04
   2.6693800e+04   3.1513900e+04   3.7272000e+04
   7.4878000e+03   3.3933900e+04   3.7272000e+04
   9.8481000e+03   3.5221500e+04   3.7272000e+04
   3.4332900e+04   3.6577700e+04   3.7272000e+04
   4.5988000e+03   3.8672700e+04   3.7272000e+04
   1.3870700e+04   3.8746100e+04   3.7272000e+04
   1.7561200e+04   3.9083200e+04   3.7272000e+04
   1.7984400e+04   5.1689000e+03   3.7373000e+04
   5.7593000e+03   6.5369000e+03   3.7373000e+04
   9.7840000e+02   8.5314000e+03   3.7373000e+04
   2.7390600e+04   1.1308200e+04   3.7373000e+04
   8.4627000e+03   1.2505600e+04   3.7373000e+04
   6.1435000e+03   1.7794200e+04   3.7373000e+04
   3.1290100e+04   1.9503600e+04   3.7373000e+04
   2.1289500e+04   2.0137600e+04   3.7373000e+04
   2.5353500e+04   2.6869000e+04   3.7373000e+04
   3.1625500e+04   3.0299200e+04   3.7373000e+04
   2.6696000e+04   3.1521500e+04   3.7373000e+04
   7.4844000e+03   3.3938400e+04   3.7373000e+04
   9.8582000e+03   3.5221700e+04   3.7373000e+04
   3.4335300e+04   3.6574100e+04   3.7373000e+04
   4.6048000e+03   3.8672600e+04   3.7373000e+04
   1.3869300e+04   3.8742400e+04   3.7373000e+04
   1.7561700e+04   3.9080900e+04   3.7373000e+04
   1.7984300e+04   5.1801000e+03   3.7474000e+04
   5.7541000e+03   6.5304000e+03   3.7474000e+04
   9.7890000e+02   8.5278000e+03   3.7474000e+04
   2.7385700e+04   1.1317400e+04   3.7474000e+04
   8.4602000e+03   1.2504700e+04   3.7474000e+04
   6.1581000e+03   1.7786500e+04   3.7474000e+04
   3.1299500e+04   1.9507500e+04   3.7474000e+04
   2.1296000e+04   2.0134300e+04   3.7474000e+04
   2.5352800e+04   2.6868400e+04   3.7474000e+04
   3.1625100e+04   3.0298500e+04   3.7474000e+04
   2.6689800e+04   3.1519900e+04   3.7474000e+04
   7.4826000e+03   3.3940500e+04   3.7474000e+04
   9.8544000e+03   3.5211600e+04   3.7474000e+04
   3.4336100e+04   3.6576500e+04   3.7474000e+04
   4.5993000e+03   3.8671300e+04   3.7474000e+04
   1.3867100e+04   3.8747500e+04   3.7474000e+04
   1.7563000e+04   3.9083100e+04   3.7474000e+04
   1.7982300e+04   5.1717000e+03   3.7575000e+04
   5.7470000e+03   6.5306000e+03   3.7575000e+04
   9.7440000e+02   8.5305000e+03   3.7575000e+04
   2.7385600e+04   1.1305300e+04   3.7575000e+04
   8.4600000e+03   1.2506100e+04   3.7575000e+04
   6.1391000e+03   1.7798100e+04   3.7575000e+04
   3.1306500e+04   1.9503000e+04   3.7575000e+04
   2.1296500e+04   2.0135000e+04   3.7575000e+04
   2.5352200e+04   2.6870500e+04   3.7575000e+04
   3.1626600e+04   3.0295300e+04   3.7575000e+04
   2.6688000e+04   3.1526900e+04   3.7575000e+04
   7.4897000e+03   3.3937100e+04   3.7575000e+04
   9.8615000e+03   3.5218800e+04   3.7575000e+04
   3.4335900e+04   3.6578100e+04   3.7575000e+04
   4.5998000e+03   3.8672100e+04   3.7575000e+04
   1.3873400e+04   3.8745500e+04   3.7575000e+04
   1.7568600e+04   3.9081500e+04   3.7575000e+04
   1.7988600e+04   5.1737000e+03   3.7676000e+04
   5.7500000e+03   6.5223000e+03   3.7676000e+04
   9.7800000e+02   8.5385000e+03   3.7676000e+04
   2.7394100e+04   1.1309100e+04   3.7676000e+04
   8.4619000e+03   1.2497200e+04   3.7676000e+04
   6.1498000e+03   1.7787600e+04   3.7676000e+04
   3.1292600e+04   1.9505400e+04   3.7676000e+04
   2.1297400e+04   2.0130600e+04   3.7676000e+04
   2.5345500e+04   2.6872200e+04   3.7676000e+04
   3.1628900e+04   3.0297500e+04   3.7676000e+04
   2.6695700e+04   3.1523300e+04   3.7676000e+04
   7.4838000e+03   3.3936900e+04   3.7676000e+04
   9.8590000e+03   3.5223700e+04   3.7676000e+04
   3.4331900e+04   3.6577400e+04   3.7676000e+04
   4.5949000e+03   3.8683200e+04   3.7676000e+04
   1.3869800e+04   3.8749200e+04   3.7676000e+04
   1.7565200e+04   3.9078300e+04   3.7676000e+04
   1.7986100e+04   5.1708000e+03   3.7777000e+04
   5.7531000e+03   6.5269000e+03   3.7777000e+04
   9.8090000e+02   8.5365000e+03   3.7777000e+04
   2.7392100e+04   1.1309600e+04   3.7777000e+04
   8.4643000e+03   1.2509300e+04   3.7777000e+04
   6.1528000e+03   1.7794400e+04   3.7777000e+04
   3.1295700e+04   1.9506100e+04   3.7777000e+04
   2.1296500e+04   2.0128600e+04   3.7777000e+04
   2.5347100e+04   2.6872900e+04   3.7777000e+04
   3.1623300e+04   3.0302200e+04   3.7777000e+04
   2.6694200e+04   3.1523200e+04   3.7777000e+04
   7.4825000e+03   3.3939100e+04   3.7777000e+04
   9.8470000e+03   3.5218200e+04   3.7777000e+04
   3.4335300e+04   3.6571800e+04   3.7777000e+04
   4.6047000e+03   3.8676500e+04   3.7777000e+04
   1.3867700e+04   3.8740200e+04   3.7777000e+04
   1.7563800e+04   3.9079500e+04   3.7777000e+04
   1.7979800e+04   5.1794000e+03   3.7878000e+04
   5.7507000e+03   6.5277000e+03   3.7878000e+04
   9.8690000e+02   8.5363000e+03   3.7878000e+04
   2.7391200e+04   1.1303900e+04   3.7878000e+04
   8.4600000e+03   1.2504800e+04   3.7878000e+04
   6.1501000e+03   1.7799600e+04   3.7878000e+04
   3.1297700e+04   1.9502600e+04   3.7878000e+04
   2.1288700e+04   2.0133700e+04   3.7878000e+04
   2.5354300e+04   2.6868300e+04   3.7878000e+04
   3.1624500e+04   3.0293400e+04   3.7878000e+04
   2.6688600e+04   3.1521500e+04   3.7878000e+04
   7.4865000e+03   3.3938000e+04   3.7878000e+04
   9.8603000e+03   3.5227700e+04   3.7878000e+04
   4.6000000e+03   3.8676500e+04   3.7878000e+04
   1.3872600e+04   3.8741600e+04   3.7878000e+04
   1.7558500e+04   3.9074800e+04   3.7878000e+04
   1.7985800e+04   5.1725000e+03   3.7979000e+04
   5.7647000e+03   6.5255000e+03   3.7979000e+04
   9.7600000e+02   8.5331000e+03   3.7979000e+04
   2.7390600e+04   1.1308200e+04   3.7979000e+04
   8.4575000e+03   1.2505000e+04   3.7979000e+04
   6.1495000e+03   1.7804300e+04   3.7979000e+04
   3.1294800e+04   1.9503300e+04   3.7979000e+04
   2.1292500e+04   2.0134400e+04   3.7979000e+04
   2.5350100e+04   2.6871300e+04   3.7979000e+04
   3.1621900e+04   3.0307400e+04   3.7979000e+04
   2.6694600e+04   3.1518200e+04   3.7979000e+04
   7.4849000e+03   3.3935800e+04   3.7979000e+04
   9.8567000e+03   3.5216500e+04   3.7979000e+04
   3.4340200e+04   3.6580300e+04   3.7979000e+04
   4.5983000e+03   3.8671600e+04   3.7979000e+04
   1.3868000e+04   3.8743800e+04   3.7979000e+04
   1.7560900e+04   3.9074800e+04   3.7979000e+04
   1.7988200e+04   5.1668000e+03   3.8080000e+04
   5.7633000e+03   6.5381000e+03   3.8080000e+04
   9.7380000e+02   8.5336000e+03   3.8080000e+04
   2.7390500e+04   1.1302300e+04   3.8080000e+04
   8.4494000e+03   1.2500400e+04   3.8080000e+04
   6.1474000e+03   1.7797100e+04   3.8080000e+04
   3.1297100e+04   1.9505400e+04   3.8080000e+04
   2.1296200e+04   2.0131100e+04   3.8080000e+04
   2.5353800e+04   2.6870200e+04   3.8080000e+04
   3.1627500e+04   3.0299400e+04   3.8080000e+04
   2.6690800e+04   3.1520800e+04   3.8080000e+04
   7.4870000e+03   3.3938000e+04   3.8080000e+04
   9.8445000e+03   3.5220100e+04   3.8080000e+04
   3.4335400e+04   3.6581300e+04   3.8080000e+04
   4.6029000e+03   3.8672500e+04   3.8080000e+04
   1.3874000e+04   3.8747800e+04   3.8080000e+04
   1.7565300e+04   3.9081100e+04   3.8080000e+04
   1.7983900e+04   5.1734000e+03   3.8181000e+04
   5.7530000e+03   6.5263000e+03   3.8181000e+04
   9.7250000e+02   8.5321000e+03   3.8181000e+04
   2.7392100e+04   1.1306400e+04   3.8181000e+04
   8.4576000e+03   1.2509600e+04   3.8181000e+04
   6.1486000e+03   1.7794000e+04   3.8181000e+04
   3.1297000e+04   1.9501300e+04   3.8181000e+04
   2.1294000e+04   2.0135800e+04   3.8181000e+04
   2.5353600e+04   2.6868000e+04   3.8181000e+04
   3.1620900e+04   3.0302500e+04   3.8181000e+04
   2.6700800e+04   3.1520500e+04   3.8181000e+04
   7.4816000e+03   3.3935800e+04   3.8181000e+04
   9.8663000e+03   3.5215300e+04   3.8181000e+04
   3.4333500e+04   3.6577500e+04   3.8181000e+04
   4.6002000e+03   3.8679700e+04   3.8181000e+04
   1.3871800e+04   3.8746900e+04   3.8181000e+04
   1.7559500e+04   3.9080900e+04   3.8181000e+04
   1.7987900e+04   5.1702000e+03   3.8282000e+04
   5.7635000e+03   6.5231000e+03   3.8282000e+04
   9.7650000e+02   8.5321000e+03   3.8282000e+04
   2.7390200e+04   1.1312700e+04   3.8282000e+04
   8.4583000e+03   1.2505600e+04   3.8282000e+04
   6.1491000e+03   1.7799300e+04   3.8282000e+04
   3.1295200e+04   1.9504500e+04   3.8282000e+04
   2.1291500e+04   2.0133100e+04   3.8282000e+04
   2.5354200e+04   2.6865000e+04   3.8282000e+04
   3.1616800e+04   3.0302100e+04   3.8282000e+04
   2.6693600e+04   3.1523400e+04   3.8282000e+04
   7.4854000e+03   3.3940200e+04   3.8282000e+04
   9.8544000e+03   3.5218800e+04   3.8282000e+04
   3.4337600e+04   3.6586200e+04   3.8282000e+04
   4.5945000e+03   3.8671100e+04   3.8282000e+04
   1.3872900e+04   3.8743600e+04   3.8282000e+04
   1.7565500e+04   3.9075000e+04   3.8282000e+04
   1.7980600e+04   5.1703000e+03   3.8383000e+04
   5.7572000e+03   6.5278000e+03   3.8383000e+04
   9.7890000e+02   8.5311000e+03   3.8383000e+04
   2.7393000e+04   1.1309600e+04   3.8383000e+04
   8.4499000e+03   1.2501300e+04   3.8383000e+04
   6.1410000e+03   1.7794900e+04   3.8383000e+04
   3.1298000e+04   1.9505900e+04   3.8383000e+04
   2.1298200e+04   2.0137200e+04   3.8383000e+04
   2.5349800e+04   2.6873700e+04   3.8383000e+04
   3.1625800e+04   3.0304800e+04   3.8383000e+04
   2.6697800e+04   3.1522500e+04   3.8383000e+04
   7.4853000e+03   3.3940300e+04   3.8383000e+04
   9.8542000e+03   3.5220600e+04   3.8383000e+04
   3.4338200e+04   3.6575400e+04   3.8383000e+04
   4.6044000e+03   3.8671600e+04   3.8383000e+04
   1.3869800e+04   3.8737400e+04   3.8383000e+04
   1.7565000e+04   3.9081800e+04   3.8383000e+04
   1.7987600e+04   5.1773000e+03   3.8484000e+04
   5.7527000e+03   6.5275000e+03   3.8484000e+04
   9.7660000e+02   8.5379000e+03   3.8484000e+04
   2.7392600e+04   1.1302400e+04   3.8484000e+04
   8.4661000e+03   1.2498500e+04   3.8484000e+04
   6.1390000e+03   1.7801300e+04   3.8484000e+04
   3.1295600e+04   1.9508700e+04   3.8484000e+04
   2.1292300e+04   2.0128400e+04   3.8484000e+04
   2.5347900e+04   2.6866400e+04   3.8484000e+04
   3.1627700e+04   3.0296400e+04   3.8484000e+04
   2.6698600e+04   3.1523400e+04   3.8484000e+04
   7.4840000e+03   3.3938600e+04   3.8484000e+04
   9.8583000e+03   3.5220800e+04   3.8484000e+04
   3.4335800e+04   3.6579800e+04   3.8484000e+04
   4.5998000e+03   3.8672200e+04   3.8484000e+04
   1.3869800e+04   3.8748300e+04   3.8484000e+04
   1.7562800e+04   3.9078200e+04   3.8484000e+04
   1.7984500e+04   5.1704000e+03   3.8585000e+04
   5.7481000e+03   6.5219000e+03   3.8585000e+04
   9.7560000e+02   8.5337000e+03   3.8585000e+04
   2.7390200e+04   1.1313600e+04   3.8585000e+04
   8.4574000e+03   1.2500300e+04   3.8585000e+04
   6.1426000e+03   1.7792900e+04   3.8585000e+04
   3.1297400e+04   1.9505200e+04   3.8585000e+04
   2.1297700e+04   2.0137700e+04   3.8585000e+04
   2.5353300e+04   2.6874000e+04   3.8585000e+04
   3.1621700e+04   3.0297900e+04   3.8585000e+04
   2.6696800e+04   3.1523100e+04   3.8585000e+04
   7.4858000e+03   3.3941100e+04   3.8585000e+04
   9.8573000e+03   3.5221100e+04   3.8585000e+04
   3.4342800e+04   3.6577700e+04   3.8585000e+04
   4.6028000e+03   3.8678500e+04   3.8585000e+04
   1.3867800e+04   3.8741600e+04   3.8585000e+04
   1.7565200e+04   3.9075500e+04   3.8585000e+04
   1.7989200e+04   5.1727000e+03   3.8686000e+04
   5.7591000e+03   6.5237000e+03   3.8686000e+04
   9.7930000e+02   8.5331000e+03   3.8686000e+04
   2.7396000e+04   1.1310200e+04   3.8686000e+04
   8.4530000e+03   1.2504200e+04   3.8686000e+04
   6.1431000e+03   1.7798000e+04   3.8686000e+04
   3.1290700e+04   1.9501200e+04   3.8686000e+04
   2.1287600e+04   2.0135000e+04   3.8686000e+04
   2.5344600e+04   2.6871200e+04   3.8686000e+04
   3.1629800e+04   3.0303800e+04   3.8686000e+04
   2.6698800e+04   3.1523100e+04   3.8686000e+04
   7.4847000e+03   3.3937300e+04   3.8686000e+04
   9.8583000e+03   3.5214100e+04   3.8686000e+04
   4.5979000e+03   3.8677400e+04   3.8686000e+04
   1.3871600e+04   3.8745900e+04   3.8686000e+04
   1.7566000e+04   3.9076500e+04   3.8686000e+04
   1.7985300e+04   5.1690000e+03   3.8787000e+04
   5.7536000e+03   6.5158000e+03   3.8787000e+04
   9.7860000e+02   8.5315000e+03   3.8787000e+04
   2.7397000e+04   1.1307300e+04   3.8787000e+04
   8.4577000e+03   1.2497800e+04   3.8787000e+04
   6.1466000e+03   1.7800700e+04   3.8787000e+04
   3.1292800e+04   1.9505900e+04   3.8787000e+04
   2.1291700e+04   2.0134500e+04   3.8787000e+04
   2.5349900e+04   2.6870000e+04   3.8787000e+04
   3.1630300e+04   3.0303400e+04   3.8787000e+04
   2.6692800e+04   3.1525000e+04   3.8787000e+04
   7.4868000e+03   3.3939700e+04   3.8787000e+04
   9.8556000e+03   3.5218800e+04   3.8787000e+04
   3.4332800e+04   3.6581600e+04   3.8787000e+04
   4.5965000e+03   3.8687100e+04   3.8787000e+04
   1.3873100e+04   3.8741000e+04   3.8787000e+04
   1.7566000e+04   3.9076900e+04   3.8787000e+04
   1.7984600e+04   5.1711000e+03   3.8888000e+04
   5.7567000e+03   6.5260000e+03   3.8888000e+04
   9.7000000e+02   8.5331000e+03   3.8888000e+04
   2.7395000e+04   1.1310900e+04   3.8888000e+04
   8.4581000e+03   1.2510000e+04   3.8888000e+04
   6.1557000e+03   1.7793500e+04   3.8888000e+04
   3.1292000e+04   1.9508100e+04   3.8888000e+04
   2.1294500e+04   2.0135300e+04   3.8888000e+04
   2.5355000e+04   2.6872600e+04   3.8888000e+04
   3.1626300e+04   3.0297300e+04   3.8888000e+04
   2.6691100e+04   3.1523000e+04   3.8888000e+04
   7.4841000e+03   3.3937300e+04   3.8888000e+04
   9.8554000e+03   3.5216200e+04   3.8888000e+04
   3.4334700e+04   3.6575500e+04   3.8888000e+04
   4.5965000e+03   3.8673900e+04   3.8888000e+04
   1.3869700e+04   3.8742000e+04   3.8888000e+04
   1.7567500e+04   3.9080200e+04   3.8888000e+04
   1.7988400e+04   5.1689000e+03   3.8989000e+04
   5.7534000e+03   6.5251000e+03   3.8989000e+04
   9.7910000e+02   8.5365000e+03   3.8989000e+04
   2.7393200e+04   1.1305600e+04   3.8989000e+04
   8.4556000e+03   1.2497900e+04   3.8989000e+04
   6.1450000e+03   1.7808700e+04   3.8989000e+04
   3.1297400e+04   1.9505200e+04   3.8989000e+04
   2.1293100e+04   2.0132100e+04   3.8989000e+04
   2.5344500e+04   2.6873500e+04   3.8989000e+04
   3.1626700e+04   3.0295300e+04   3.8989000e+04
   2.6693300e+04   3.1521600e+04   3.8989000e+04
   7.4825000e+03   3.3935000e+04   3.8989000e+04
   9.8568000e+03   3.5232300e+04   3.8989000e+04
   3.4333900e+04   3.6578400e+04   3.8989000e+04
   4.6085000e+03   3.8667500e+04   3.8989000e+04
   1.3869500e+04   3.8748300e+04   3.8989000e+04
   1.7566100e+04   3.9074300e+04   3.8989000e+04
   1.7984400e+04   5.1759000e+03   3.9090000e+04
   5.7640000e+03   6.5220000e+03   3.9090000e+04
   9.7150000e+02   8.5310000e+03   3.9090000e+04
   2.7390900e+04   1.1307300e+04   3.9090000e+04
   8.4579000e+03   1.2506100e+04   3.9090000e+04
   6.1432000e+03   1.7794100e+04   3.9090000e+04
   3.1297800e+04   1.9503500e+04   3.9090000e+04
   2.1287200e+04   2.0130100e+04   3.9090000e+04
   2.5351900e+04   2.6871100e+04   3.9090000e+04
   3.1624500e+04   3.0299600e+04   3.9090000e+04
   2.6696800e+04   3.1520600e+04   3.9090000e+04
   7.4875000e+03   3.3938200e+04   3.9090000e+04
   9.8568000e+03   3.5220400e+04   3.9090000e+04
   3.4336300e+04   3.6577800e+04   3.9090000e+04
   4.5979000e+03   3.8681000e+04   3.9090000e+04
   1.3870500e+04   3.8747900e+04   3.9090000e+04
   1.7568100e+04   3.9079400e+04   3.9090000e+04
   1.7986800e+04   5.1692000e+03   3.9191000e+04
   5.7570000e+03   6.5366000e+03   3.9191000e+04
   9.7310000e+02   8.5292000e+03   3.9191000e+04
   2.7390700e+04   1.1305300e+04   3.9191000e+04
   8.4561000e+03   1.2499000e+04   3.9191000e+04
   6.1505000e+03   1.7792600e+04   3.9191000e+04
   3.1295200e+04   1.9506700e+04   3.9191000e+04
   2.1294000e+04   2.0135200e+04   3.9191000e+04
   2.5349200e+04   2.6867900e+04   3.9191000e+04
   3.1621100e+04   3.0298700e+04   3.9191000e+04
   2.6696000e+04   3.1524400e+04   3.9191000e+04
   7.4872000e+03   3.3936700e+04   3.9191000e+04
   9.8594000e+03   3.5228600e+04   3.9191000e+04
   3.4340100e+04   3.6581900e+04   3.9191000e+04
   4.5956000e+03   3.8675100e+04   3.9191000e+04
   1.3873900e+04   3.8740200e+04   3.9191000e+04
   1.7561100e+04   3.9078600e+04   3.9191000e+04
   1.7982100e+04   5.1681000e+03   3.9292000e+04
   5.7478000e+03   6.5331000e+03   3.9292000e+04
   9.7670000e+02   8.5305000e+03   3.9292000e+04
   2.7395700e+04   1.1307000e+04   3.9292000e+04
   8.4618000e+03   1.2500900e+04   3.9292000e+04
   6.1502000e+03   1.7790400e+04   3.9292000e+04
   3.1295900e+04   1.9503000e+04   3.9292000e+04
   2.1292300e+04   2.0134100e+04   3.9292000e+04
   2.5351000e+04   2.6867300e+04   3.9292000e+04
   3.1622100e+04   3.0300700e+04   3.9292000e+04
   2.6696400e+04   3.1520400e+04   3.9292000e+04
   7.4892000e+03   3.3934600e+04   3.9292000e+04
   9.8561000e+03   3.5240200e+04   3.9292000e+04
   3.4339400e+04   3.6578900e+04   3.9292000e+04
   4.6071000e+03   3.8671300e+04   3.9292000e+04
   1.3862600e+04   3.8748900e+04   3.9292000e+04
   1.7560700e+04   3.9076600e+04   3.9292000e+04
   1.7989200e+04   5.1778000e+03   3.9393000e+04
   5.7488000e+03   6.5167000e+03   3.9393000e+04
   9.7670000e+02   8.5294000e+03   3.9393000e+04
   2.7392700e+04   1.1310600e+04   3.9393000e+04
   8.4601000e+03   1.2500900e+04   3.9393000e+04
   6.1482000e+03   1.7799600e+04   3.9393000e+04
   3.1298600e+04   1.9502600e+04   3.9393000e+04
   2.1294600e+04   2.0132300e+04   3.9393000e+04
   2.5348200e+04   2.6868000e+04   3.9393000e+04
   3.1617400e+04   3.0299800e+04   3.9393000e+04
   2.6694300e+04   3.1527600e+04   3.9393000e+04
   7.4911000e+03   3.3939100e+04   3.9393000e+04
   9.8475000e+03   3.5220800e+04   3.9393000e+04
   3.4339700e+04   3.6580500e+04   3.9393000e+04
   4.5971000e+03   3.8670900e+04   3.9393000e+04
   1.3878000e+04   3.8749500e+04   3.9393000e+04
   1.7564800e+04   3.9080000e+04   3.9393000e+04
   1.7989900e+04   5.1775000e+03   3.9494000e+04
   5.7532000e+03   6.5264000e+03   3.9494000e+04
   9.7390000e+02   8.5292000e+03   3.9494000e+04
   2.7388900e+04   1.1310300e+04   3.9494000e+04
   8.4660000e+03   1.2507500e+04   3.9494000e+04
   6.1505000e+03   1.7802600e+04   3.9494000e+04
   3.1300700e+04   1.9502200e+04   3.9494000e+04
   2.1293300e+04   2.0132900e+04   3.9494000e+04
   2.5355600e+04   2.6864600e+04   3.9494000e+04
   3.1628800e+04   3.0296900e+04   3.9494000e+04
   2.6693800e+04   3.1522200e+04   3.9494000e+04
   7.4847000e+03   3.3940500e+04   3.9494000e+04
   9.8490000e+03   3.5214900e+04   3.9494000e+04
   3.4337800e+04   3.6578900e+04   3.9494000e+04
   4.5964000e+03   3.8674000e+04   3.9494000e+04
   1.3867900e+04   3.8749100e+04   3.9494000e+04
   1.7556600e+04   3.9076300e+04   3.9494000e+04
   1.7985900e+04   5.1744000e+03   3.9595000e+04
   5.7508000e+03   6.5295000e+03   3.9595000e+04
   9.7910000e+02   8.5253000e+03   3.9595000e+04
   2.7389900e+04   1.1307800e+04   3.9595000e+04
   8.4580000e+03   1.2507900e+04   3.9595000e+04
   6.1409000e+03   1.7802700e+04   3.9595000e+04
   3.1299500e+04   1.9505600e+04   3.9595000e+04
   2.1293300e+04   2.0137600e+04   3.9595000e+04
   2.5351700e+04   2.6868800e+04   3.9595000e+04
   3.1631400e+04   3.0303300e+04   3.9595000e+04
   2.6695500e+04   3.1523300e+04   3.9595000e+04
   7.4811000e+03   3.3939900e+04   3.9595000e+04
   9.8598000e+03   3.5217800e+04   3.9595000e+04
   3.4333400e+04   3.6578200e+04   3.9595000e+04
   4.6003000e+03   3.8669400e+04   3.9595000e+04
   1.3871500e+04   3.8736900e+04   3.9595000e+04
   1.7564900e+04   3.9077500e+04   3.9595000e+04
   1.7983700e+04   5.1739000e+03   3.9696000e+04
   5.7587000e+03   6.5265000e+03   3.9696000e+04
   9.8440000e+02   8.5402000e+03   3.9696000e+04
   2.7391500e+04   1.1311200e+04   3.9696000e+04
   8.4540000e+03   1.2502700e+04   3.9696000e+04
   6.1500000e+03   1.7797500e+04   3.9696000e+04
   3.1298400e+04   1.9498900e+04   3.9696000e+04
   2.1291300e+04   2.0131800e+04   3.9696000e+04
   2.5348400e+04   2.6867900e+04   3.9696000e+04
   3.1627600e+04   3.0301000e+04   3.9696000e+04
   2.6694800e+04   3.1521800e+04   3.9696000e+04
   7.4847000e+03   3.3935600e+04   3.9696000e+04
   9.8495000e+03   3.5230100e+04   3.9696000e+04
   3.4333200e+04   3.6578500e+04   3.9696000e+04
   4.6038000e+03   3.8670400e+04   3.9696000e+04
   1.3869600e+04   3.8743300e+04   3.9696000e+04
   1.7563500e+04   3.9074700e+04   3.9696000e+04
   1.7982100e+04   5.1692000e+03   3.9797000e+04
   5.7529000e+03   6.5317000e+03   3.9797000e+04
   9.7500000e+02   8.5360000e+03   3.9797000e+04
   2.7396900e+04   1.1309300e+04   3.9797000e+04
   8.4595000e+03   1.2501200e+04   3.9797000e+04
   6.1462000e+03   1.7793400e+04   3.9797000e+04
   3.1298200e+04   1.9506300e+04   3.9797000e+04
   2.1290600e+04   2.0135800e+04   3.9797000e+04
   2.5351300e+04   2.6868900e+04   3.9797000e+04
   3.1623200e+04   3.0296900e+04   3.9797000e+04
   2.6692700e+04   3.1520500e+04   3.9797000e+04
   7.4842000e+03   3.3934700e+04   3.9797000e+04
   9.8507000e+03   3.5226300e+04   3.9797000e+04
   3.4339600e+04   3.6585500e+04   3.9797000e+04
   4.6074000e+03   3.8674300e+04   3.9797000e+04
   1.3873500e+04   3.8738000e+04   3.9797000e+04
   1.7563000e+04   3.9077800e+04   3.9797000e+04
   1.7995800e+04   5.1731000e+03   3.9898000e+04
   5.7527000e+03   6.5245000e+03   3.9898000e+04
   9.7270000e+02   8.5321000e+03   3.9898000e+04
   2.7391000e+04   1.1311800e+04   3.9898000e+04
   8.4671000e+03   1.2499700e+04   3.9898000e+04
   6.1386000e+03   1.7804400e+04   3.9898000e+04
   3.1299100e+04   1.9501000e+04   3.9898000e+04
   2.1292100e+04   2.0135000e+04   3.9898000e+04
   2.5352100e+04   2.6865800e+04   3.9898000e+04
   3.1622800e+04   3.0295300e+04   3.9898000e+04
   2.6696200e+04   3.1522200e+04   3.9898000e+04
   7.4846000e+03   3.3937900e+04   3.9898000e+04
   9.8444000e+03   3.5224100e+04   3.9898000e+04
   3.4336200e+04   3.6580100e+04   3.9898000e+04
   4.6070000e+03   3.8679000e+04   3.9898000e+04
   1.3870100e+04   3.8744500e+04   3.9898000e+04
   1.7564600e+04   3.9075700e+04   3.9898000e+04
   1.7991000e+04   5.1769000e+03   3.9999000e+04
   5.7573000e+03   6.5173000e+03   3.9999000e+04
   9.7250000e+02   8.5241000e+03   3.9999000e+04
   2.7391300e+04   1.1306700e+04   3.9999000e+04
   8.4551000e+03   1.2504900e+04   3.9999000e+04
   6.1502000e+03   1.7799200e+04   3.9999000e+04
   3.1299400e+04   1.9497700e+04   3.9999000e+04
   2.1292400e+04   2.0133800e+04   3.9999000e+04
   2.5354000e+04   2.6868300e+04   3.9999000e+04
   3.1618100e+04   3.0295600e+04   3.9999000e+04
   2.6696600e+04   3.1526100e+04   3.9999000e+04
   7.4868000e+03   3.3939500e+04   3.9999000e+04
   9.8534000e+03   3.5229300e+04   3.9999000e+04
   3.4334500e+04   3.6583700e+04   3.9999000e+04
   4.6050000e+03   3.8680300e+04   3.9999000e+04
   1.3865700e+04   3.8748400e+04   3.9999000e+04
   1.7563700e+04   3.9074200e+04   3.9999000e+04
   1.7992600e+04   5.1714000e+03   4.0100000e+04
   5.7483000e+03   6.5255000e+03   4.0100000e+04
   9.7600000e+02   8.5286000e+03   4.0100000e+04
   2.7393000e+04   1.1310000e+04   4.0100000e+04
   8.4614000e+03   1.2505200e+04   4.0100000e+04
   6.1512000e+03   1.7806700e+04   4.0100000e+04
   3.1296300e+04   1.9502500e+04   4.0100000e+04
   2.1292000e+04   2.0132500e+04   4.0100000e+04
   2.5345900e+04   2.6871200e+04   4.0100000e+04
   3.1623900e+04   3.0302800e+04   4.0100000e+04
   2.6699900e+04   3.1526300e+04   4.0100000e+04
   7.4829000e+03   3.3939400e+04   4.0100000e+04
   9.8492000e+03   3.5217400e+04   4.0100000e+04
   3.4332600e+04   3.6577600e+04   4.0100000e+04
   4.6039000e+03   3.8670800e+04   4.0100000e+04
   1.3873500e+04   3.8738300e+04   4.0100000e+04
   1.7564500e+04   3.9079800e+04   4.0100000e+04
   1.7988500e+04   5.1791000e+03   4.0201000e+04
   5.7578000e+03   6.5237000e+03   4.0201000e+04
   9.7410000e+02   8.5311000e+03   4.0201000e+04
   2.7396600e+04   1.1308400e+04   4.0201000e+04
   8.4602000e+03   1.2510200e+04   4.0201000e+04
   6.1381000e+03   1.7809200e+04   4.0201000e+04
   3.1295200e+04   1.9501200e+04   4.0201000e+04
   2.1297800e+04   2.0133300e+04   4.0201000e+04
   2.5350000e+04   2.6867500e+04   4.0201000e+04
   3.1620700e+04   3.0304100e+04   4.0201000e+04
   2.6696800e+04   3.1521700e+04   4.0201000e+04
   7.4846000e+03   3.3938200e+04   4.0201000e+04
   9.8584000e+03   3.5209300e+04   4.0201000e+04
   3.4341500e+04   3.6577800e+04   4.0201000e+04
   4.5980000e+03   3.8668600e+04   4.0201000e+04
   1.3867800e+04   3.8748100e+04   4.0201000e+04
   1.7561000e+04   3.9074400e+04   4.0201000e+04
   1.7985600e+04   5.1750000e+03   4.0302000e+04
   5.7644000e+03   6.5193000e+03   4.0302000e+04
   9.7540000e+02   8.5278000e+03   4.0302000e+04
   2.7391000e+04   1.1314800e+04   4.0302000e+04
   8.4610000e+03   1.2509700e+04   4.0302000e+04
   6.1515000e+03   1.7804800e+04   4.0302000e+04
   3.1298400e+04   1.9499000e+04   4.0302000e+04
   2.1289600e+04   2.0131500e+04   4.0302000e+04
   2.5352800e+04   2.6867800e+04   4.0302000e+04
   3.1625900e+04   3.0300200e+04   4.0302000e+04
   2.6698900e+04   3.1525700e+04   4.0302000e+04
   7.4866000e+03   3.3940400e+04   4.0302000e+04
   9.8467000e+03   3.5222800e+04   4.0302000e+04
   3.4337800e+04   3.6571500e+04   4.0302000e+04
   4.5990000e+03   3.8680800e+04   4.0302000e+04
   1.3861000e+04   3.8741100e+04   4.0302000e+04
   1.7561500e+04   3.9073900e+04   4.0302000e+04
   1.7984400e+04   5.1743000e+03   4.0403000e+04
   5.7476000e+03   6.5240000e+03   4.0403000e+04
   9.8200000e+02   8.5256000e+03   4.0403000e+04
   2.7392600e+04   1.1310900e+04   4.0403000e+04
   8.4633000e+03   1.2503200e+04   4.0403000e+04
   6.1430000e+03   1.7785800e+04   4.0403000e+04
   3.1296400e+04   1.9505600e+04   4.0403000e+04
   2.1293700e+04   2.0132600e+04   4.0403000e+04
   2.5349700e+04   2.6863200e+04   4.0403000e+04
   3.1623900e+04   3.0298700e+04   4.0403000e+04
   2.6693800e+04   3.1524800e+04   4.0403000e+04
   7.4892000e+03   3.3942300e+04   4.0403000e+04
   9.8567000e+03   3.5235700e+04   4.0403000e+04
   3.4333100e+04   3.6580400e+04   4.0403000e+04
   4.6055000e+03   3.8681300e+04   4.0403000e+04
   1.3868200e+04   3.8740400e+04   4.0403000e+04
   1.7564000e+04   3.9077200e+04   4.0403000e+04
